date,open,high,low,close,change_pct
1993-01-04,10.1,10.4,9.9,10.1,
1993-01-05,16.1,16.8,16.0,16.5,63.3663
1993-01-06,22.0,22.5,21.3,21.8,32.1212
1993-01-07,25.3,25.9,25.0,25.8,18.3486
1993-01-08,31.8,32.9,31.4,32.4,25.5814
1993-01-11,41.2,44.2,40.8,43.6,34.5679
1993-01-12,51.1,52.6,49.1,50.1,14.9083
1993-01-13,52.5,54.7,51.7,54.2,8.1836
1993-01-14,59.2,61.2,57.7,59.9,10.5166
1993-01-15,61.9,62.9,59.3,60.9,1.6694
1993-01-18,63.0,65.0,61.9,63.6,4.4335
1993-01-19,66.8,68.2,63.4,64.4,1.2579
1993-01-20,63.0,66.7,62.6,65.6,1.8634
1993-01-21,65.7,67.5,65.1,66.6,1.5244
1993-01-22,66.5,68.7,65.9,67.4,1.2012
1993-01-27,69.4,72.5,68.8,71.3,5.7864
1993-01-28,73.2,75.0,70.8,72.2,1.2623
1993-01-29,72.9,76.3,72.3,75.3,4.2936
1993-02-01,82.5,89.0,81.7,87.8,16.6003
1993-02-02,94.2,98.2,93.1,96.8,10.2506
1993-02-03,101.1,103.2,97.3,100.2,3.5124
1993-02-04,104.9,109.2,103.2,108.3,8.0838
1993-02-05,114.8,117.5,109.5,112.1,3.5088
1993-02-08,117.0,123.2,115.2,121.6,8.4746
1993-02-09,128.1,133.6,125.1,129.8,6.7434
1993-02-10,136.0,139.1,128.5,131.2,1.0786
1993-02-11,134.4,138.4,125.4,128.8,-1.8293
1993-02-12,130.6,135.1,124.3,132.7,3.028
1993-02-15,138.8,145.6,136.9,142.1,7.0836
1993-02-16,143.5,145.7,137.6,139.4,-1.9001
1993-02-17,138.3,142.7,134.9,139.6,0.1435
1993-02-18,140.7,144.6,136.9,140.6,0.7163
1993-02-19,149.8,155.1,143.7,152.1,8.1792
1993-02-22,156.2,160.6,149.4,152.0,-0.0657
1993-02-23,150.5,154.4,143.5,146.6,-3.5526
1993-02-24,149.6,152.1,135.2,141.1,-3.7517
1993-02-25,143.4,157.0,140.7,155.0,9.8512
1993-02-26,157.9,160.9,147.9,150.5,-2.9032
1993-03-01,148.4,151.2,137.1,139.8,-7.1096
1993-03-02,136.4,142.4,131.5,136.7,-2.2175
1993-03-03,131.8,134.3,127.3,128.5,-5.9985
1993-03-04,127.5,130.4,118.3,123.3,-4.0467
1993-03-05,123.1,127.0,111.6,117.9,-4.3796
1993-03-08,131.6,143.2,127.0,130.6,10.7718
1993-03-09,127.4,129.8,119.8,123.5,-5.4364
1993-03-10,121.6,130.1,118.1,129.6,4.9393
1993-03-11,132.8,136.9,130.3,135.4,4.4753
1993-03-12,136.6,138.6,131.7,134.9,-0.3693
1993-03-15,133.8,134.8,123.7,125.8,-6.7457
1993-03-16,120.8,125.2,119.0,124.1,-1.3514
1993-03-17,120.0,120.8,115.0,116.3,-6.2853
1993-03-18,111.4,113.7,109.3,111.3,-4.2992
1993-03-19,107.6,109.5,105.4,106.8,-4.0431
1993-03-22,102.0,103.6,94.5,95.9,-10.206
1993-03-23,94.2,96.5,89.8,91.5,-4.5881
1993-03-24,88.3,90.4,85.7,86.6,-5.3552
1993-03-25,85.4,89.2,82.7,87.7,1.2702
1993-03-26,91.4,96.1,89.1,94.4,7.6397
1993-03-29,92.1,93.4,87.3,89.1,-5.6144
1993-03-30,86.0,88.1,84.0,86.2,-3.2548
1993-03-31,85.3,86.3,82.4,84.2,-2.3202
1993-04-01,81.6,83.3,80.5,82.6,-1.9002
1993-04-02,81.1,82.5,79.8,80.5,-2.5424
1993-04-05,78.8,80.1,77.1,78.9,-1.9876
1993-04-06,79.8,86.8,79.0,85.2,7.9848
1993-04-07,94.9,103.4,93.2,98.9,16.0798
1993-04-08,109.6,119.8,108.2,117.1,18.4024
1993-04-09,128.0,133.0,121.8,124.7,6.4902
1993-04-12,130.7,136.2,125.6,129.6,3.9294
1993-04-13,133.2,141.0,131.0,139.4,7.5617
1993-04-14,144.5,148.0,138.1,140.4,0.7174
1993-04-15,140.3,144.6,136.2,140.2,-0.1425
1993-04-16,140.9,143.9,133.4,136.0,-2.9957
1993-04-19,133.3,138.4,130.5,134.9,-0.8088
1993-04-20,132.9,136.2,131.0,133.4,-1.1119
1993-04-21,128.4,129.7,126.0,127.3,-4.5727
1993-04-22,123.1,126.6,121.7,125.4,-1.4925
1993-04-23,125.8,127.5,122.5,123.9,-1.1962
1993-04-26,130.8,135.3,127.8,133.4,7.6675
1993-04-27,137.8,141.2,134.3,137.0,2.6987
1993-04-28,136.2,139.2,133.7,136.7,-0.219
1993-04-29,134.5,135.9,130.0,131.1,-4.0966
1993-04-30,128.1,131.3,126.6,129.4,-1.2967
1993-05-03,128.1,130.0,124.3,126.5,-2.2411
1993-05-04,128.8,131.9,118.5,121.3,-4.1107
1993-05-05,118.6,122.8,115.2,118.9,-1.9786
1993-05-06,120.6,121.3,109.9,113.5,-4.5416
1993-05-07,114.1,118.2,111.6,116.3,2.467
1993-05-10,115.1,117.2,106.8,108.6,-6.6208
1993-05-11,105.6,108.0,102.8,106.5,-1.9337
1993-05-12,104.8,107.9,103.7,106.0,-0.4695
1993-05-13,104.4,107.9,103.7,107.3,1.2264
1993-05-14,106.1,107.5,102.9,104.7,-2.4231
1993-05-17,99.6,101.3,95.0,98.1,-6.3037
1993-05-18,95.1,97.5,92.9,95.1,-3.0581
1993-05-19,90.5,91.6,89.0,90.6,-4.7319
1993-05-20,88.4,89.9,87.4,88.7,-2.0971
1993-05-21,86.2,86.5,83.1,84.2,-5.0733
1993-05-24,85.2,86.1,78.2,79.2,-5.9382
1993-05-25,78.4,80.5,75.8,78.8,-0.5051
1993-05-26,77.6,78.9,75.9,76.6,-2.7919
1993-05-27,75.0,75.7,71.8,73.3,-4.3081
1993-05-28,71.7,73.2,70.8,72.1,-1.6371
1993-05-31,71.3,73.0,69.0,70.6,-2.0804
1993-06-01,69.5,70.8,65.2,69.2,-1.983
1993-06-02,77.2,86.4,73.9,85.5,23.5549
1993-06-03,96.4,102.5,86.0,92.7,8.4211
1993-06-04,92.7,94.8,88.7,90.6,-2.2654
1993-06-07,91.3,96.7,88.5,95.0,4.8565
1993-06-08,101.2,104.7,97.3,99.7,4.9474
1993-06-09,97.2,98.9,93.9,95.6,-4.1123
1993-06-10,93.1,94.5,89.9,91.0,-4.8117
1993-06-11,87.7,89.4,85.1,87.7,-3.6264
1993-06-14,89.1,90.2,83.3,85.3,-2.7366
1993-06-15,81.4,83.4,79.7,82.2,-3.6342
1993-06-16,78.5,79.6,77.0,78.0,-5.1095
1993-06-17,74.5,75.4,73.3,73.8,-5.3846
1993-06-18,71.6,74.0,71.0,73.5,-0.4065
1993-06-21,71.0,72.3,68.5,69.5,-5.4422
1993-06-22,66.2,67.4,65.4,66.3,-4.6043
1993-06-23,63.2,64.1,62.6,63.5,-4.2232
1993-06-24,61.5,62.3,60.3,61.4,-3.3071
1993-06-25,60.5,63.3,59.3,60.6,-1.3029
1993-06-28,60.8,62.2,59.4,61.1,0.8251
1993-06-29,69.6,72.5,68.2,71.4,16.8576
1993-06-30,73.5,75.1,70.3,71.0,-0.5602
1993-07-01,70.4,71.4,67.8,69.3,-2.3944
1993-07-02,68.6,70.0,66.9,68.6,-1.0101
1993-07-05,68.8,70.5,65.8,66.9,-2.4781
1993-07-06,65.8,66.2,62.6,63.2,-5.5306
1993-07-07,60.9,63.2,59.9,62.3,-1.4241
1993-07-08,59.6,60.5,58.7,59.5,-4.4944
1993-07-09,57.9,58.1,55.4,56.1,-5.7143
1993-07-12,56.5,58.2,54.8,56.6,0.8913
1993-07-13,56.6,58.0,55.3,56.7,0.1767
1993-07-14,56.1,56.7,53.2,53.6,-5.4674
1993-07-15,51.7,52.6,50.6,51.3,-4.291
1993-07-16,50.4,51.1,49.5,50.1,-2.3392
1993-07-19,49.1,49.6,47.1,47.7,-4.7904
1993-07-20,48.1,48.6,45.1,47.1,-1.2579
1993-07-21,47.2,48.0,45.4,46.5,-1.2739
1993-07-22,44.9,45.8,44.0,45.5,-2.1505
1993-07-23,45.3,46.4,44.6,45.8,0.6593
1993-07-26,46.2,46.6,44.3,45.0,-1.7467
1993-07-27,45.2,47.1,44.5,46.4,3.1111
1993-07-28,52.3,55.0,51.6,52.8,13.7931
1993-07-29,54.8,56.3,53.1,55.4,4.9242
1993-07-30,67.1,73.1,66.4,71.0,28.1588
1993-08-02,84.1,87.0,79.2,80.1,12.8169
1993-08-03,79.1,81.4,77.0,77.8,-2.8714
1993-08-04,75.2,78.1,74.3,77.1,-0.8997
1993-08-05,77.8,79.7,76.3,78.3,1.5564
1993-08-06,79.8,81.4,78.4,79.7,1.788
1993-08-09,86.3,91.1,85.4,90.4,13.4253
1993-08-10,102.2,105.4,98.1,99.4,9.9558
1993-08-11,100.1,104.8,99.4,104.4,5.0302
1993-08-12,115.0,118.6,113.3,117.8,12.8352
1993-08-13,130.1,134.2,127.8,132.6,12.5637
1993-08-16,149.7,161.5,148.5,160.6,21.1161
1993-08-17,176.7,182.1,156.2,158.6,-1.2453
1993-08-18,160.1,170.1,155.4,159.9,0.8197
1993-08-19,157.2,161.5,152.1,155.8,-2.5641
1993-08-20,152.4,153.5,145.0,148.1,-4.9422
1993-08-23,140.5,141.6,132.1,133.2,-10.0608
1993-08-24,131.0,143.0,128.1,141.9,6.5315
1993-08-25,140.8,142.2,135.1,137.1,-3.3827
1993-08-26,130.1,133.0,127.5,129.6,-5.4705
1993-08-27,127.0,128.8,122.9,124.4,-4.0123
1993-08-30,118.5,123.4,114.9,120.8,-2.8939
1993-08-31,115.6,118.3,114.5,115.8,-4.1391
1993-09-01,110.5,111.2,107.4,108.0,-6.7358
1993-09-02,101.7,103.5,101.0,102.4,-5.1852
1993-09-03,100.1,103.5,99.2,102.6,0.1953
1993-09-06,102.8,105.2,100.3,102.2,-0.3899
1993-09-07,98.4,99.5,95.4,96.3,-5.773
1993-09-08,93.5,94.5,90.2,92.9,-3.5306
1993-09-09,89.3,90.5,87.8,88.7,-4.521
1993-09-10,85.6,86.4,83.9,84.7,-4.5096
1993-09-13,82.4,82.7,79.8,80.5,-4.9587
1993-09-14,76.7,78.6,75.8,77.6,-3.6025
1993-09-15,74.2,75.0,73.1,73.5,-5.2835
1993-09-16,70.4,71.4,69.3,69.8,-5.034
1993-09-17,69.0,70.3,67.9,68.8,-1.4327
1993-09-20,68.7,72.0,67.9,71.4,3.7791
1993-09-21,72.8,74.9,71.6,72.5,1.5406
1993-09-22,69.6,70.7,68.9,70.0,-3.4483
1993-09-23,69.3,70.1,68.5,68.8,-1.7143
1993-09-24,70.4,73.1,67.2,69.8,1.4535
1993-09-27,65.3,66.6,64.8,65.8,-5.7307
1993-09-28,66.0,67.0,65.5,66.7,1.3678
1993-09-29,67.7,69.1,66.4,67.5,1.1994
1993-09-30,68.5,71.0,66.4,68.9,2.0741
1993-10-04,72.0,73.4,71.0,72.2,4.7896
1993-10-05,74.4,75.4,72.5,73.4,1.662
1993-10-06,73.0,75.6,71.8,74.0,0.8174
1993-10-07,86.9,102.1,85.6,92.3,24.7297
1993-10-08,99.8,102.2,90.0,91.5,-0.8667
1993-10-11,90.2,92.4,87.4,89.4,-2.2951
1993-10-12,87.0,88.9,85.2,86.5,-3.2438
1993-10-13,85.9,86.9,81.4,82.5,-4.6243
1993-10-14,79.6,81.1,78.2,79.8,-3.2727
1993-10-15,77.0,78.1,75.9,76.7,-3.8847
1993-10-18,75.2,75.7,72.6,73.2,-4.5632
1993-10-19,73.0,75.3,71.9,73.8,0.8197
1993-10-20,73.7,74.8,72.2,73.4,-0.542
1993-10-21,72.8,75.1,71.2,73.6,0.2725
1993-10-22,74.5,77.6,70.5,71.7,-2.5815
1993-10-25,71.1,74.0,68.2,72.1,0.5579
1993-10-26,75.0,79.4,72.1,76.6,6.2413
1993-10-27,82.7,84.7,77.4,79.1,3.2637
1993-10-28,86.0,91.3,83.7,89.1,12.6422
1993-10-29,94.0,95.6,89.4,91.4,2.5814
1993-11-01,90.6,93.6,89.6,91.8,0.4376
1993-11-02,90.4,92.0,88.4,89.9,-2.0697
1993-11-03,87.2,88.1,85.0,85.8,-4.5606
1993-11-04,83.1,84.3,80.8,82.5,-3.8462
1993-11-05,80.7,82.1,79.5,81.3,-1.4545
1993-11-08,88.2,91.4,86.6,90.0,10.7011
1993-11-09,91.7,92.7,88.8,90.4,0.4444
1993-11-10,103.4,119.9,98.5,108.7,20.2434
1993-11-11,120.2,124.7,117.2,120.4,10.7636
1993-11-12,131.4,135.2,124.2,132.7,10.2159
1993-11-15,147.3,154.0,146.0,149.2,12.4341
1993-11-16,153.4,156.5,148.9,151.6,1.6086
1993-11-17,153.4,158.3,151.7,154.7,2.0449
1993-11-18,166.3,170.6,163.2,167.0,7.9509
1993-11-19,177.6,182.3,174.3,179.8,7.6647
1993-11-22,194.1,201.5,187.9,194.9,8.3982
1993-11-23,204.3,210.0,198.0,201.6,3.4377
1993-11-24,206.2,214.1,199.4,206.7,2.5298
1993-11-25,214.2,224.5,210.9,217.8,5.3701
1993-11-26,224.6,228.7,213.6,216.9,-0.4132
1993-11-29,214.9,219.2,209.7,215.3,-0.7377
1993-11-30,216.7,223.2,213.1,217.2,0.8825
1993-12-01,216.5,218.9,208.6,210.7,-2.9926
1993-12-02,203.8,206.7,199.9,203.0,-3.6545
1993-12-03,197.2,201.1,193.6,198.2,-2.3645
1993-12-06,208.0,215.7,204.5,212.0,6.9627
1993-12-07,224.8,234.3,219.0,226.0,6.6038
1993-12-08,233.3,237.7,223.1,228.8,1.2389
1993-12-09,226.4,228.6,216.2,220.7,-3.5402
1993-12-10,222.6,228.8,216.9,224.2,1.5859
1993-12-13,229.8,232.7,217.0,220.0,-1.8733
1993-12-14,214.4,220.5,209.0,213.0,-3.1818
1993-12-15,209.2,214.2,203.6,212.8,-0.0939
1993-12-16,212.0,214.5,203.8,205.1,-3.6184
1993-12-17,197.1,202.2,194.3,197.4,-3.7543
1993-12-20,191.6,194.9,171.4,181.3,-8.156
1993-12-21,180.1,190.5,175.6,189.3,4.4126
1993-12-22,192.3,200.6,185.4,188.7,-0.317
1993-12-23,181.3,186.2,178.9,181.5,-3.8156
1993-12-24,177.2,182.2,173.2,179.0,-1.3774
1993-12-27,177.9,181.0,174.3,177.7,-0.7263
1993-12-28,176.0,179.3,171.3,174.3,-1.9133
1993-12-29,167.7,169.6,162.8,164.3,-5.7372
1993-12-30,163.9,167.9,161.9,164.6,0.1826
1993-12-31,161.1,163.4,157.9,160.3,-2.6124
1994-01-03,160.1,162.0,156.3,158.2,-1.31
1994-01-04,152.6,154.7,149.5,150.8,-4.6776
1994-01-05,146.8,150.0,143.9,149.1,-1.1273
1994-01-06,158.7,165.0,156.2,163.1,9.3897
1994-01-07,172.6,175.5,168.3,172.7,5.886
1994-01-10,181.7,186.1,178.8,183.2,6.0799
1994-01-11,183.3,185.1,177.5,179.5,-2.0197
1994-01-12,175.5,179.4,173.5,175.8,-2.0613
1994-01-13,173.2,177.3,171.3,174.4,-0.7964
1994-01-14,183.6,185.0,169.3,173.9,-0.2867
1994-01-17,171.0,173.3,168.1,169.8,-2.3577
1994-01-18,166.6,169.3,159.3,164.3,-3.2391
1994-01-19,159.3,159.8,151.5,154.4,-6.0256
1994-01-20,147.4,150.4,143.5,148.5,-3.8212
1994-01-21,143.0,146.2,141.6,144.5,-2.6936
1994-01-24,144.7,147.2,142.4,145.0,0.346
1994-01-25,141.5,142.8,136.9,137.8,-4.9655
1994-01-26,141.2,143.1,130.8,132.1,-4.1364
1994-01-27,126.8,129.0,125.5,128.0,-3.1037
1994-01-28,128.2,128.8,122.7,124.1,-3.0469
1994-01-31,119.4,120.7,115.2,117.1,-5.6406
1994-02-01,112.4,116.3,110.8,112.7,-3.7575
1994-02-02,109.6,114.0,109.3,113.4,0.6211
1994-02-03,120.1,125.9,119.2,124.1,9.4356
1994-02-04,139.7,145.3,137.9,144.1,16.116
1994-02-14,150.8,153.0,138.9,140.6,
1994-02-15,136.0,139.2,132.7,136.6,-2.845
1994-02-16,133.7,135.5,131.2,132.3,-3.1479
1994-02-17,126.1,127.1,123.9,125.2,-5.3666
1994-02-18,118.7,120.4,117.5,119.1,-4.8722
1994-02-21,113.8,114.3,110.4,111.0,-6.801
1994-02-22,115.0,122.7,114.2,118.1,6.3964
1994-02-23,115.5,116.5,112.4,113.9,-3.5563
1994-02-24,125.1,128.6,121.8,127.5,11.9403
1994-02-25,144.7,150.5,141.8,147.2,15.451
1994-02-28,157.8,163.2,152.1,154.8,5.163
1994-03-01,153.5,157.0,148.8,150.5,-2.7778
1994-03-02,146.8,149.5,143.1,144.8,-3.7874
1994-03-03,141.2,145.4,138.5,141.4,-2.3481
1994-03-04,137.8,140.9,136.0,138.1,-2.3338
1994-03-07,132.1,134.2,129.6,132.7,-3.9102
1994-03-08,135.0,138.4,131.1,134.7,1.5072
1994-03-09,143.2,149.6,139.8,145.7,8.1663
1994-03-10,153.8,158.7,142.3,145.6,-0.0686
1994-03-11,161.9,174.4,158.1,169.2,16.2088
1994-03-14,200.0,209.2,191.9,202.8,19.8582
1994-03-15,216.8,221.9,203.1,208.6,2.86
1994-03-16,212.2,224.1,208.7,219.2,5.0815
1994-03-17,225.0,229.1,213.0,217.2,-0.9124
1994-03-18,220.5,226.7,213.0,218.5,0.5985
1994-03-21,212.8,216.6,204.8,207.1,-5.2174
1994-03-22,198.6,205.0,196.2,202.9,-2.028
1994-03-23,197.5,201.3,190.2,193.9,-4.4357
1994-03-24,204.4,212.6,197.3,201.7,4.0227
1994-03-25,202.4,207.4,194.6,199.2,-1.2395
1994-03-28,192.5,198.5,186.8,192.8,-3.2129
1994-03-29,192.1,199.0,187.7,194.3,0.778
1994-03-30,193.8,197.5,187.3,191.1,-1.6469
1994-03-31,190.6,195.8,185.4,188.3,-1.4652
1994-04-01,183.9,187.1,178.2,182.3,-3.1864
1994-04-04,187.2,192.3,181.4,184.2,1.0422
1994-04-05,179.5,183.3,173.1,175.9,-4.506
1994-04-06,169.6,172.3,166.3,168.8,-4.0364
1994-04-07,165.6,169.3,162.5,164.4,-2.6066
1994-04-08,162.0,164.6,158.2,160.6,-2.3114
1994-04-11,155.5,157.9,151.0,152.8,-4.8568
1994-04-12,148.4,152.8,146.2,150.0,-1.8325
1994-04-13,149.2,150.8,143.7,144.9,-3.4
1994-04-14,141.1,142.4,134.9,136.5,-5.7971
1994-04-15,138.3,143.0,128.3,140.6,3.0037
1994-04-18,140.6,142.8,132.6,136.4,-2.9872
1994-04-19,134.3,137.6,127.0,128.4,-5.8651
1994-04-20,128.6,132.4,120.8,123.1,-4.1277
1994-04-21,130.7,146.3,129.3,142.8,16.0032
1994-04-22,155.2,160.2,145.8,148.7,4.1317
1994-04-25,150.8,155.5,145.2,149.5,0.538
1994-04-26,151.4,157.4,148.4,155.7,4.1472
1994-04-27,168.0,175.1,164.3,172.6,10.8542
1994-04-28,186.0,191.7,175.7,180.3,4.4612
1994-04-29,181.3,188.4,174.8,182.2,1.0538
1994-05-03,186.2,195.3,182.1,192.8,5.8178
1994-05-04,207.8,213.7,199.8,204.2,5.9129
1994-05-05,198.3,202.4,189.9,195.0,-4.5054
1994-05-06,197.7,202.8,189.7,196.3,0.6667
1994-05-09,199.9,206.0,194.6,202.5,3.1584
1994-05-10,208.5,214.1,203.0,211.9,4.642
1994-05-11,220.1,224.4,209.7,212.5,0.2832
1994-05-12,205.7,211.6,201.1,203.3,-4.3294
1994-05-13,199.2,207.8,195.6,206.3,1.4757
1994-05-16,211.7,214.7,205.1,209.2,1.4057
1994-05-17,202.9,205.4,197.3,199.4,-4.6845
1994-05-18,191.7,194.8,187.7,189.7,-4.8646
1994-05-19,181.4,187.1,179.5,185.5,-2.214
1994-05-20,185.9,188.2,181.9,184.3,-0.6469
1994-05-23,176.8,178.5,172.8,174.2,-5.4802
1994-05-24,165.3,168.0,164.2,166.5,-4.4202
1994-05-25,161.5,162.9,157.7,159.1,-4.4444
1994-05-26,153.4,154.3,149.2,149.9,-5.7825
1994-05-27,144.2,147.2,141.7,143.2,-4.4696
1994-05-30,137.1,137.7,129.7,130.7,-8.7291
1994-05-31,125.1,130.9,123.9,129.5,-0.9181
1994-06-01,124.5,125.7,119.9,121.0,-6.5637
1994-06-02,115.0,117.4,114.2,115.5,-4.5455
1994-06-03,113.1,115.8,112.1,113.2,-1.9913
1994-06-06,108.1,108.9,105.3,106.3,-6.0954
1994-06-07,101.3,102.4,98.8,99.7,-6.2088
1994-06-08,96.4,99.6,95.1,98.4,-1.3039
1994-06-09,97.7,99.3,94.2,95.2,-3.252
1994-06-10,92.1,93.5,90.5,91.3,-4.0966
1994-06-13,86.9,87.9,84.2,84.8,-7.1194
1994-06-14,82.8,84.9,80.9,82.1,-3.184
1994-06-15,80.1,81.7,78.9,80.1,-2.4361
1994-06-16,79.6,82.3,78.4,81.5,1.7478
1994-06-17,88.4,92.5,86.3,91.8,12.638
1994-06-20,96.2,98.2,90.9,91.8,0.0
1994-06-21,87.9,89.3,86.8,87.9,-4.2484
1994-06-22,84.9,87.2,84.3,85.8,-2.3891
1994-06-23,83.2,83.9,81.3,82.0,-4.4289
1994-06-24,79.3,79.8,77.5,78.1,-4.7561
1994-06-27,74.9,75.5,72.3,73.2,-6.274
1994-06-28,69.4,70.3,68.6,69.4,-5.1913
1994-06-29,66.7,67.6,65.2,65.7,-5.3314
1994-06-30,63.4,65.0,62.1,64.0,-2.5875
1994-07-01,63.2,63.6,60.5,61.1,-4.5312
1994-07-04,58.7,59.5,57.3,57.9,-5.2373
1994-07-05,56.9,58.1,56.0,57.2,-1.209
1994-07-06,56.9,57.4,54.9,55.5,-2.972
1994-07-07,54.6,55.4,53.6,54.3,-2.1622
1994-07-08,53.9,56.0,53.3,55.5,2.2099
1994-07-11,55.5,56.0,53.6,54.2,-2.3423
1994-07-12,51.6,52.4,51.2,51.7,-4.6125
1994-07-13,50.6,51.7,50.3,51.5,-0.3868
1994-07-14,52.3,53.3,51.0,51.7,0.3883
1994-07-15,51.6,52.0,49.1,49.5,-4.2553
1994-07-18,47.3,47.6,45.9,46.4,-6.2626
1994-07-19,45.0,45.9,43.9,45.2,-2.5862
1994-07-20,43.9,44.2,42.6,42.8,-5.3097
1994-07-21,41.9,42.4,40.9,41.3,-3.5047
1994-07-22,41.7,42.4,40.0,40.5,-1.937
1994-07-25,41.8,44.6,41.3,44.4,9.6296
1994-07-26,51.6,53.9,50.5,53.6,20.7207
1994-07-27,59.9,61.0,55.7,56.6,5.597
1994-07-28,58.0,58.9,53.4,53.9,-4.7703
1994-07-29,54.0,55.5,52.3,54.1,0.3711
1994-08-01,93.6,110.5,88.8,107.1,97.9667
1994-08-02,150.6,171.0,140.9,144.4,34.8273
1994-08-03,171.4,210.5,170.0,207.3,43.5596
1994-08-04,292.1,313.5,270.9,289.3,39.5562
1994-08-05,339.8,396.8,333.4,393.1,35.8797
1994-08-08,453.9,483.9,407.0,442.5,12.5668
1994-08-09,449.6,454.4,386.0,397.3,-10.2147
1994-08-10,413.7,494.5,398.9,488.2,22.8794
1994-08-11,540.1,552.0,477.0,489.1,0.1844
1994-08-12,466.3,509.0,459.7,475.8,-2.7193
1994-08-15,445.5,460.9,430.2,440.5,-7.4191
1994-08-16,428.5,461.0,425.3,444.1,0.8173
1994-08-17,439.0,451.4,429.9,448.3,0.9457
1994-08-18,484.0,511.3,473.0,491.3,9.5918
1994-08-19,491.1,501.8,460.8,470.3,-4.2744
1994-08-22,434.9,450.3,423.8,435.9,-7.3145
1994-08-23,424.8,438.8,409.3,435.5,-0.0918
1994-08-24,430.7,438.8,414.2,420.8,-3.3754
1994-08-25,405.1,417.6,398.2,408.3,-2.9705
1994-08-26,401.7,411.8,386.5,391.3,-4.1636
1994-08-29,381.6,393.4,370.2,380.2,-2.8367
1994-08-30,395.6,427.5,390.9,412.3,8.4429
1994-08-31,443.3,461.0,432.3,453.1,9.8957
1994-09-01,481.2,497.2,466.4,477.2,5.3189
1994-09-02,486.0,511.5,479.1,508.5,6.5591
1994-09-05,592.2,658.0,583.1,650.5,27.9253
1994-09-06,721.8,772.2,685.9,750.5,15.3728
1994-09-07,761.7,798.9,689.6,713.9,-4.8767
1994-09-08,729.5,782.8,712.3,761.9,6.7236
1994-09-09,771.8,791.8,720.6,737.6,-3.1894
1994-09-12,759.6,789.5,739.6,777.5,5.4094
1994-09-13,799.2,825.5,766.4,788.8,1.4534
1994-09-14,776.2,785.2,717.4,734.9,-6.8332
1994-09-15,703.4,719.4,668.9,696.4,-5.2388
1994-09-16,688.1,701.9,663.6,686.0,-1.4934
1994-09-19,640.7,659.3,622.0,631.0,-8.0175
1994-09-20,598.7,612.6,580.5,594.7,-5.7528
1994-09-21,582.7,611.5,578.1,608.1,2.2532
1994-09-22,599.5,605.5,560.5,569.6,-6.3312
1994-09-23,550.1,558.7,526.0,534.4,-6.1798
1994-09-26,507.4,526.5,498.9,521.0,-2.5075
1994-09-27,509.3,523.6,494.8,510.4,-2.0345
1994-09-28,523.5,552.3,514.0,541.2,6.0345
1994-09-29,551.6,558.5,456.9,495.5,-8.4442
1994-09-30,479.9,490.6,446.9,454.5,-8.2745
1994-10-05,432.3,441.1,376.3,392.4,-13.6634
1994-10-06,390.9,408.1,353.1,359.2,-8.4608
1994-10-07,364.1,444.7,313.0,418.8,16.5924
1994-10-10,402.7,426.6,375.7,402.7,-3.8443
1994-10-11,391.2,403.7,383.3,391.3,-2.8309
1994-10-12,379.8,390.0,372.9,380.2,-2.8367
1994-10-13,371.3,373.8,332.0,335.2,-11.8359
1994-10-14,319.3,352.1,307.0,345.4,3.043
1994-10-17,308.8,316.6,300.1,305.0,-11.6966
1994-10-18,290.1,298.9,285.8,292.0,-4.2623
1994-10-19,285.5,297.6,281.9,294.0,0.6849
1994-10-20,306.3,330.8,303.1,328.6,11.7687
1994-10-21,357.9,368.6,338.0,344.4,4.8083
1994-10-24,364.0,389.2,358.9,387.3,12.4564
1994-10-25,405.2,410.0,373.3,380.7,-1.7041
1994-10-26,363.9,370.3,344.7,350.1,-8.0378
1994-10-27,331.6,343.9,327.9,341.8,-2.3708
1994-10-28,326.1,331.2,313.5,317.0,-7.2557
1994-10-31,291.8,298.0,282.6,289.6,-8.6435
1994-11-01,278.6,285.4,273.2,281.4,-2.8315
1994-11-02,263.7,268.1,259.1,263.1,-6.5032
1994-11-03,266.1,285.0,264.5,280.7,6.6895
1994-11-04,277.9,279.8,257.2,260.1,-7.3388
1994-11-07,241.7,252.3,239.0,249.3,-4.1522
1994-11-08,269.2,283.4,264.8,271.4,8.8648
1994-11-09,264.1,276.5,260.4,274.5,1.1422
1994-11-10,281.7,285.9,269.6,271.8,-0.9836
1994-11-11,267.6,273.0,262.0,271.7,-0.0368
1994-11-14,270.3,273.9,264.1,269.9,-0.6625
1994-11-15,257.1,260.4,251.7,253.3,-6.1504
1994-11-16,240.9,245.2,237.0,242.0,-4.4611
1994-11-17,230.1,232.1,225.3,226.4,-6.4463
1994-11-18,212.1,215.7,209.8,214.5,-5.2562
1994-11-21,199.4,202.6,197.7,200.4,-6.5734
1994-11-22,189.0,190.8,185.4,186.7,-6.8363
1994-11-23,176.0,177.1,172.4,173.9,-6.8559
1994-11-24,162.9,165.3,161.6,163.2,-6.153
1994-11-25,159.6,162.1,156.6,157.6,-3.4314
1994-11-28,147.2,148.2,145.3,147.0,-6.7259
1994-11-29,136.6,140.8,135.9,140.4,-4.4898
1994-11-30,133.3,134.5,131.4,132.6,-5.5556
1994-12-01,124.6,125.7,123.3,124.4,-6.184
1994-12-02,117.8,118.5,116.2,116.6,-6.2701
1994-12-05,110.4,111.0,107.9,108.4,-7.0326
1994-12-06,103.2,103.9,101.3,102.4,-5.5351
1994-12-07,96.8,98.0,95.7,96.5,-5.7617
1994-12-08,91.6,92.0,89.6,90.0,-6.7358
1994-12-09,85.7,87.3,84.6,85.8,-4.6667
1994-12-12,81.2,81.9,79.3,79.7,-7.1096
1994-12-13,80.0,82.4,78.2,80.9,1.5056
1994-12-14,78.3,79.1,76.5,77.3,-4.4499
1994-12-15,86.3,94.9,85.6,93.6,21.0867
1994-12-16,117.6,123.6,114.2,118.8,26.9231
1994-12-19,122.9,125.2,117.2,118.1,-0.5892
1994-12-20,122.1,127.5,120.6,125.0,5.8425
1994-12-21,136.6,143.6,134.3,137.3,9.84
1994-12-22,138.6,142.1,133.7,139.0,1.2382
1994-12-23,151.5,157.7,148.4,151.5,8.9928
1994-12-26,150.7,153.5,145.9,147.7,-2.5083
1994-12-27,147.5,150.6,142.3,144.1,-2.4374
1994-12-28,139.8,141.5,135.7,137.2,-4.7883
1994-12-29,133.3,136.2,130.2,131.9,-3.863
1994-12-30,128.2,130.6,125.9,127.9,-3.0326
1995-01-03,117.9,120.8,115.4,118.9,-7.0367
1995-01-04,114.1,117.9,113.0,117.0,-1.598
1995-01-05,113.2,114.5,110.9,111.8,-4.4444
1995-01-06,106.3,107.9,104.9,106.9,-4.3828
1995-01-09,101.9,102.7,99.3,100.0,-6.4546
1995-01-10,96.3,97.4,93.6,95.0,-5.0
1995-01-11,90.6,92.2,89.5,91.0,-4.2105
1995-01-12,87.0,87.8,84.6,85.3,-6.2637
1995-01-13,81.4,82.5,80.2,81.4,-4.5721
1995-01-16,75.3,76.4,73.9,75.2,-7.6167
1995-01-17,72.1,73.2,70.9,71.6,-4.7872
1995-01-18,68.5,69.6,67.7,69.3,-3.2123
1995-01-19,66.9,67.2,63.8,64.3,-7.215
1995-01-20,62.0,64.0,60.8,62.7,-2.4883
1995-01-23,58.9,59.7,57.8,58.5,-6.6986
1995-01-24,56.8,57.8,55.7,56.3,-3.7607
1995-01-25,55.3,56.4,54.7,55.8,-0.8881
1995-01-26,53.3,53.8,52.7,53.2,-4.6595
1995-01-27,52.0,53.1,51.8,52.7,-0.9398
1995-02-06,51.0,51.6,49.1,49.7,
1995-02-07,47.9,48.7,47.2,48.1,-3.2193
1995-02-08,46.5,47.2,46.1,46.7,-2.9106
1995-02-09,45.9,47.4,45.7,47.0,0.6424
1995-02-10,46.6,47.7,45.9,46.4,-1.2766
1995-02-13,43.8,45.0,43.3,44.7,-3.6638
1995-02-14,42.5,43.0,41.8,42.4,-5.1454
1995-02-15,40.3,40.6,39.8,40.0,-5.6604
1995-02-16,38.0,38.3,37.6,37.9,-5.25
1995-02-17,36.7,37.1,36.3,36.7,-3.1662
1995-02-20,35.1,35.6,34.8,35.1,-4.3597
1995-02-21,33.5,33.9,33.2,33.8,-3.7037
1995-02-22,42.5,48.3,42.3,47.7,41.1243
1995-02-23,59.2,61.9,57.0,59.7,25.1572
1995-02-24,64.1,64.9,59.4,60.4,1.1725
1995-02-27,66.2,68.2,63.3,63.9,5.7947
1995-02-28,61.9,62.6,60.1,61.2,-4.2254
1995-03-01,59.8,61.4,59.2,60.8,-0.6536
1995-03-02,60.2,61.2,59.4,60.5,-0.4934
1995-03-03,66.2,69.2,65.8,68.3,12.8926
1995-03-06,80.8,86.1,80.0,85.5,25.183
1995-03-07,109.0,113.5,104.8,112.0,30.9942
1995-03-08,126.5,130.0,123.1,125.9,12.4107
1995-03-09,128.1,130.9,124.8,126.0,0.0794
1995-03-10,124.7,125.9,121.0,122.1,-3.0952
1995-03-13,120.3,121.7,116.9,118.2,-3.1941
1995-03-14,115.1,117.5,113.7,115.0,-2.7073
1995-03-15,112.5,113.5,107.5,109.2,-5.0435
1995-03-16,103.9,106.3,102.8,105.9,-3.022
1995-03-17,103.6,106.7,102.7,106.0,0.0944
1995-03-20,107.7,109.5,104.5,105.0,-0.9434
1995-03-21,100.5,103.0,99.7,102.2,-2.6667
1995-03-22,104.6,108.1,103.8,107.7,5.3816
1995-03-23,112.7,114.1,110.0,111.1,3.1569
1995-03-24,109.3,110.9,107.5,110.1,-0.9001
1995-03-27,114.5,117.2,113.3,116.1,5.4496
1995-03-28,115.7,117.2,114.2,115.6,-0.4307
1995-03-29,113.9,116.6,112.0,116.1,0.4325
1995-03-30,122.7,124.7,119.7,120.7,3.9621
1995-03-31,121.9,125.8,120.7,125.0,3.5626
1995-04-03,132.1,134.8,130.1,133.1,6.48
1995-04-04,132.8,135.2,131.2,134.2,0.8264
1995-04-05,134.8,136.9,132.1,133.0,-0.8942
1995-04-06,131.5,134.9,130.0,134.1,0.8271
1995-04-07,144.3,148.9,142.6,146.7,9.396
1995-04-10,152.0,154.4,148.4,150.3,2.454
1995-04-11,154.1,157.1,148.9,150.4,0.0665
1995-04-12,145.5,150.1,144.4,148.1,-1.5293
1995-04-13,145.4,147.3,141.7,142.4,-3.8488
1995-04-14,137.1,140.1,135.9,139.3,-2.177
1995-04-17,133.6,134.8,130.8,131.9,-5.3123
1995-04-18,126.2,127.7,124.6,125.4,-4.928
1995-04-19,120.6,122.6,119.9,121.8,-2.8708
1995-04-20,121.0,123.3,120.0,122.6,0.6568
1995-04-21,121.8,122.9,119.0,119.7,-2.3654
1995-04-24,114.1,115.4,111.7,112.7,-5.848
1995-04-25,107.8,109.7,106.8,108.6,-3.638
1995-04-26,107.3,108.2,102.9,103.5,-4.6961
1995-04-27,105.5,110.9,96.1,104.6,1.0628
1995-04-28,104.3,107.0,102.2,105.3,0.6692
1995-05-02,99.8,101.1,98.5,100.1,-4.9383
1995-05-03,96.1,97.3,95.1,95.6,-4.4955
1995-05-04,91.2,91.7,88.8,89.9,-5.9623
1995-05-05,85.5,87.1,84.9,86.1,-4.2269
1995-05-08,81.7,82.6,80.6,81.5,-5.3426
1995-05-09,78.2,79.3,77.7,78.8,-3.3129
1995-05-10,76.3,77.0,73.8,74.3,-5.7107
1995-05-11,71.4,72.2,70.4,71.2,-4.1723
1995-05-12,72.8,76.4,72.4,74.7,4.9157
1995-05-15,71.8,72.5,70.8,71.8,-3.8822
1995-05-16,68.4,69.0,67.5,67.9,-5.4318
1995-05-17,64.1,64.9,63.7,64.7,-4.7128
1995-05-18,172.6,192.5,159.9,183.0,182.8439
1995-05-19,258.3,293.4,252.1,289.5,58.1967
1995-05-22,388.3,408.0,365.2,382.7,32.1934
1995-05-23,371.0,394.2,343.1,349.1,-8.7797
1995-05-24,349.0,361.2,329.9,344.6,-1.289
1995-05-25,337.8,343.3,310.7,315.2,-8.5316
1995-05-26,306.2,368.6,298.0,326.0,3.4264
1995-05-29,307.2,311.8,295.7,303.9,-6.7791
1995-05-30,288.1,294.4,282.1,287.3,-5.4623
1995-05-31,267.3,270.9,261.5,266.3,-7.3094
1995-06-01,252.0,255.9,248.8,253.9,-4.6564
1995-06-02,243.5,248.2,241.4,244.8,-3.5841
1995-06-05,233.7,235.3,223.9,225.3,-7.9657
1995-06-06,210.5,215.2,207.8,213.7,-5.1487
1995-06-07,204.6,213.5,202.0,212.5,-0.5615
1995-06-08,207.1,211.4,200.3,202.5,-4.7059
1995-06-09,193.6,198.0,192.2,195.2,-3.6049
1995-06-12,184.9,188.3,182.3,185.7,-4.8668
1995-06-13,175.8,178.5,174.3,176.4,-5.0081
1995-06-14,168.4,169.9,164.2,165.8,-6.0091
1995-06-15,167.8,168.6,155.3,158.3,-4.5235
1995-06-16,150.5,157.0,148.9,153.4,-3.0954
1995-06-19,141.6,144.0,140.1,142.6,-7.0404
1995-06-20,136.8,138.7,135.1,136.1,-4.5582
1995-06-21,130.5,133.8,129.4,133.0,-2.2777
1995-06-22,127.6,129.0,125.4,126.6,-4.812
1995-06-23,122.1,124.1,121.3,123.1,-2.7646
1995-06-26,119.2,120.9,117.9,120.1,-2.437
1995-06-27,118.5,119.9,116.1,116.9,-2.6644
1995-06-28,111.8,113.0,110.4,112.0,-4.1916
1995-06-29,107.7,108.6,105.9,107.0,-4.4643
1995-06-30,106.9,108.5,103.8,106.0,-0.9346
1995-07-03,102.3,103.3,100.0,100.9,-4.8113
1995-07-04,97.4,99.8,96.7,99.1,-1.7839
1995-07-05,98.0,100.7,96.8,99.8,0.7064
1995-07-06,102.9,106.5,101.0,103.8,4.008
1995-07-07,111.8,119.2,110.4,118.3,13.9692
1995-07-10,127.1,129.9,123.8,127.1,7.4387
1995-07-11,128.8,130.1,123.2,124.1,-2.3603
1995-07-12,119.6,122.6,118.8,120.9,-2.5786
1995-07-13,120.7,123.3,119.3,122.0,0.9098
1995-07-14,121.5,122.8,118.9,119.9,-1.7213
1995-07-17,133.2,143.8,132.5,141.4,17.9316
1995-07-18,153.4,160.0,148.9,157.0,11.0325
1995-07-19,170.6,174.4,161.0,163.1,3.8854
1995-07-20,161.5,167.3,159.1,163.9,0.4905
1995-07-21,163.9,167.7,160.8,164.1,0.122
1995-07-24,173.8,183.2,170.6,178.0,8.4704
1995-07-25,177.1,180.3,171.9,175.0,-1.6854
1995-07-26,174.0,178.3,168.5,170.1,-2.8
1995-07-27,163.4,167.4,162.1,166.5,-2.1164
1995-07-28,166.1,168.9,162.9,165.1,-0.8408
1995-07-31,161.9,164.1,158.8,160.7,-2.6651
1995-08-01,161.1,167.5,158.1,165.9,3.2358
1995-08-02,176.2,179.8,169.6,170.8,2.9536
1995-08-03,165.2,168.9,164.2,167.1,-2.1663
1995-08-04,164.5,167.4,163.0,165.3,-1.0772
1995-08-07,163.5,167.4,161.9,166.3,0.605
1995-08-08,172.5,174.9,167.4,169.6,1.9844
1995-08-09,170.0,174.7,166.6,172.7,1.8278
1995-08-10,188.5,199.8,185.0,195.8,13.3758
1995-08-11,214.9,226.8,209.6,219.2,11.951
1995-08-14,257.8,279.4,251.0,263.6,20.2555
1995-08-15,274.3,283.2,262.0,270.0,2.4279
1995-08-16,278.0,290.9,273.5,287.1,6.3333
1995-08-17,303.5,312.2,293.0,301.1,4.8763
1995-08-18,311.9,322.4,299.7,310.5,3.1219
1995-08-21,304.1,311.7,291.2,296.7,-4.4444
1995-08-22,287.3,293.5,278.0,283.4,-4.4826
1995-08-23,275.0,278.6,261.3,265.8,-6.2103
1995-08-24,255.6,260.9,247.4,257.5,-3.1226
1995-08-25,246.7,250.3,240.3,244.1,-5.2039
1995-08-28,230.9,236.0,227.5,232.5,-4.7522
1995-08-29,226.4,230.9,221.3,223.5,-3.871
1995-08-30,214.5,217.6,210.2,212.8,-4.7875
1995-08-31,203.9,210.7,201.4,209.2,-1.6917
1995-09-01,203.7,208.0,200.5,206.1,-1.4818
1995-09-04,205.6,210.0,202.3,207.3,0.5822
1995-09-05,207.0,211.1,202.0,205.9,-0.6753
1995-09-06,207.0,214.3,204.5,212.3,3.1083
1995-09-07,222.7,228.7,217.8,220.7,3.9567
1995-09-08,217.0,220.8,213.2,216.5,-1.903
1995-09-11,218.3,224.6,215.7,222.9,2.9561
1995-09-12,230.9,234.5,221.5,224.4,0.6729
1995-09-13,222.4,227.3,218.4,223.9,-0.2228
1995-09-14,226.4,230.4,221.7,225.2,0.5806
1995-09-15,220.9,224.0,216.7,220.4,-2.1314
1995-09-18,211.3,215.1,208.1,212.2,-3.7205
1995-09-19,209.5,211.6,200.7,202.4,-4.6183
1995-09-20,194.6,196.7,190.6,193.8,-4.249
1995-09-21,186.0,189.4,184.4,187.6,-3.1992
1995-09-22,180.8,182.9,177.9,180.3,-3.8913
1995-09-25,172.7,174.1,168.5,171.2,-5.0471
1995-09-26,163.5,166.1,161.9,164.8,-3.7383
1995-09-27,164.2,167.0,159.5,161.3,-2.1238
1995-09-28,157.3,160.8,155.1,159.4,-1.1779
1995-09-29,157.4,160.9,155.6,159.4,0.0
1995-10-04,153.7,155.2,150.5,152.7,-4.2033
1995-10-05,146.2,148.5,144.6,147.6,-3.3399
1995-10-06,147.0,149.5,143.7,146.1,-1.0163
1995-10-09,144.2,146.0,140.7,142.4,-2.5325
1995-10-10,151.4,160.9,149.2,155.6,9.2697
1995-10-11,159.7,165.7,157.5,164.0,5.3985
1995-10-12,172.9,176.6,168.4,170.5,3.9634
1995-10-13,179.7,184.0,172.1,177.1,3.871
1995-10-16,175.2,178.4,170.5,173.6,-1.9763
1995-10-17,168.4,172.2,166.5,170.1,-2.0161
1995-10-18,175.6,181.6,173.3,179.5,5.5262
1995-10-19,185.6,188.5,177.0,178.7,-0.4457
1995-10-20,183.9,192.5,180.6,190.2,6.4354
1995-10-23,199.9,203.7,194.3,199.2,4.7319
1995-10-24,202.4,206.9,199.4,203.4,2.1084
1995-10-25,241.3,248.7,231.8,240.3,18.1416
1995-10-26,247.0,251.5,237.7,241.2,0.3745
1995-10-27,241.5,245.7,235.0,238.0,-1.3267
1995-10-30,230.3,234.1,226.5,230.2,-3.2773
1995-10-31,228.0,231.5,222.9,225.5,-2.0417
1995-11-01,221.8,227.3,217.9,223.6,-0.8426
1995-11-02,216.2,219.1,212.7,215.5,-3.6225
1995-11-03,210.2,214.3,208.2,212.3,-1.4849
1995-11-06,209.6,213.1,207.0,211.2,-0.5181
1995-11-07,205.7,207.5,202.2,204.4,-3.2197
1995-11-08,199.4,200.7,193.6,195.9,-4.1585
1995-11-09,188.7,192.8,184.9,190.1,-2.9607
1995-11-10,182.1,184.1,179.6,181.1,-4.7344
1995-11-13,173.9,175.2,168.0,169.6,-6.3501
1995-11-14,161.9,164.4,160.2,162.5,-4.1863
1995-11-15,160.1,162.5,156.0,161.3,-0.7385
1995-11-16,156.5,159.1,153.6,155.0,-3.9058
1995-11-17,149.0,151.5,147.0,148.8,-4.0
1995-11-20,141.5,144.2,140.1,142.7,-4.0995
1995-11-21,137.3,139.3,136.2,138.0,-3.2936
1995-11-22,133.4,134.3,128.8,129.5,-6.1594
1995-11-23,124.8,126.7,123.1,124.2,-4.0927
1995-11-24,119.2,120.9,117.8,119.4,-3.8647
1995-11-27,114.7,115.8,111.1,111.9,-6.2814
1995-11-28,109.5,111.8,107.3,110.9,-0.8937
1995-11-29,106.7,107.2,103.8,104.6,-5.6808
1995-11-30,101.3,104.1,99.2,101.4,-3.0593
1995-12-01,96.5,98.8,94.7,97.2,-4.142
1995-12-04,91.9,93.2,91.1,92.4,-4.9383
1995-12-05,88.1,89.1,87.2,88.2,-4.5455
1995-12-06,85.7,86.3,83.8,84.5,-4.195
1995-12-07,80.9,82.3,80.2,81.7,-3.3136
1995-12-08,83.5,85.9,82.8,84.5,3.4272
1995-12-11,83.8,84.8,80.3,80.9,-4.2604
1995-12-12,82.7,86.5,80.7,85.0,5.068
1995-12-13,89.0,90.5,85.4,86.2,1.4118
1995-12-14,83.8,85.7,82.9,84.3,-2.2042
1995-12-15,83.0,83.9,80.7,81.6,-3.2028
1995-12-18,78.9,80.1,77.1,78.3,-4.0441
1995-12-19,76.0,77.6,75.1,76.2,-2.682
1995-12-20,74.5,75.9,73.6,75.4,-1.0499
1995-12-21,74.5,75.6,73.2,73.8,-2.122
1995-12-22,71.4,72.5,70.4,71.3,-3.3875
1995-12-25,69.0,70.0,67.6,68.3,-4.2076
1995-12-26,66.3,67.4,65.2,65.9,-3.5139
1995-12-27,64.8,66.1,63.6,65.1,-1.214
1995-12-28,63.8,64.5,61.7,62.4,-4.1475
1995-12-29,61.9,63.3,60.8,61.6,-1.2821
1996-01-02,58.3,58.9,56.8,57.3,-6.9805
1996-01-03,55.0,56.4,54.3,56.0,-2.2688
1996-01-04,55.9,58.4,55.3,58.0,3.5714
1996-01-05,59.2,60.0,56.2,56.6,-2.4138
1996-01-08,54.4,56.2,53.6,55.6,-1.7668
1996-01-09,58.9,61.7,58.4,61.4,10.4317
1996-01-10,61.4,62.1,59.4,61.2,-0.3257
1996-01-11,60.8,62.1,59.7,60.6,-0.9804
1996-01-12,59.6,60.9,58.8,60.0,-0.9901
1996-01-15,58.7,60.2,58.2,59.6,-0.6667
1996-01-16,58.5,59.1,57.2,57.8,-3.0201
1996-01-17,56.7,57.3,55.0,55.7,-3.6332
1996-01-18,56.2,56.5,54.2,54.6,-1.9749
1996-01-19,53.8,55.6,53.2,55.2,1.0989
1996-01-22,53.4,53.9,52.4,53.1,-3.8043
1996-01-23,51.7,52.9,51.3,52.3,-1.5066
1996-01-24,51.6,52.4,51.2,51.8,-0.956
1996-01-25,57.2,59.8,56.2,56.8,9.6525
1996-01-26,55.6,58.3,55.2,57.5,1.2324
1996-01-29,57.6,59.0,56.8,57.9,0.6957
1996-01-30,58.6,59.5,57.3,59.0,1.8998
1996-01-31,61.7,63.4,61.1,62.8,6.4407
1996-02-01,61.9,62.7,61.1,62.1,-1.1146
1996-02-02,61.0,61.7,59.9,61.0,-1.7713
1996-02-05,62.9,63.8,60.1,60.8,-0.3279
1996-02-06,58.5,59.6,57.8,58.7,-3.4539
1996-02-07,56.7,57.9,56.3,57.2,-2.5554
1996-02-08,54.7,55.1,53.9,54.2,-5.2448
1996-02-09,51.8,52.6,51.5,52.2,-3.69
1996-02-12,49.9,50.4,49.4,50.1,-4.023
1996-02-13,49.1,50.1,48.9,49.8,-0.5988
1996-02-14,49.1,49.9,48.5,48.8,-2.008
1996-02-15,49.3,50.4,49.0,50.1,2.6639
1996-02-16,56.4,58.3,56.2,57.9,15.5689
1996-03-04,80.0,83.9,77.2,82.9,
1996-03-05,96.7,99.4,93.2,95.1,14.7165
1996-03-06,97.8,99.1,93.2,94.1,-1.0515
1996-03-07,91.7,94.6,91.3,94.2,0.1063
1996-03-08,95.9,97.4,93.8,96.4,2.3355
1996-03-11,95.3,96.3,93.1,94.3,-2.1784
1996-03-12,93.0,94.0,90.5,92.6,-1.8028
1996-03-13,88.4,89.9,87.6,88.9,-3.9957
1996-03-14,86.9,88.1,86.0,86.5,-2.6997
1996-03-15,83.0,84.0,82.1,83.4,-3.5838
1996-03-18,82.2,84.1,81.8,83.6,0.2398
1996-03-19,81.7,82.6,80.7,81.3,-2.7512
1996-03-20,80.6,81.9,80.2,81.3,0.0
1996-03-21,81.7,82.9,81.0,81.7,0.492
1996-03-22,80.5,81.6,79.7,81.1,-0.7344
1996-03-25,82.1,83.4,81.3,82.4,1.603
1996-03-26,82.1,82.9,80.5,81.1,-1.5777
1996-03-27,79.5,80.6,78.4,79.9,-1.4797
1996-03-28,79.6,80.3,78.1,78.4,-1.8773
1996-03-29,76.6,77.7,75.7,77.1,-1.6582
1996-04-01,81.5,83.1,79.7,80.4,4.2802
1996-04-02,77.6,78.3,76.6,77.0,-4.2289
1996-04-03,73.7,75.0,73.4,74.4,-3.3766
1996-04-04,73.0,73.9,72.2,73.2,-1.6129
1996-04-05,77.2,80.0,76.8,79.4,8.4699
1996-04-08,88.4,89.7,86.7,88.3,11.2091
1996-04-09,88.3,89.4,87.3,88.2,-0.1133
1996-04-10,88.2,90.1,87.6,89.2,1.1338
1996-04-11,89.6,91.0,88.7,90.4,1.3453
1996-04-12,98.6,101.0,97.9,99.0,9.5133
1996-04-15,101.4,103.4,100.5,102.0,3.0303
1996-04-16,106.3,108.6,105.5,107.9,5.7843
1996-04-17,115.3,117.1,113.7,114.8,6.3948
1996-04-18,121.3,125.5,120.2,125.1,8.9721
1996-04-19,147.6,153.7,146.0,151.2,20.8633
1996-04-22,180.2,187.2,175.2,179.8,18.9153
1996-04-23,188.2,196.4,186.5,195.1,8.5095
1996-04-24,235.8,252.1,233.8,249.4,27.8319
1996-04-25,287.0,297.0,267.7,273.2,9.5429
1996-04-26,329.4,371.1,327.0,359.1,31.4422
1996-04-29,408.9,437.1,393.1,426.0,18.6299
1996-04-30,453.5,466.7,406.5,422.6,-0.7981
1996-05-02,458.1,471.5,406.2,416.5,-1.4434
1996-05-03,410.2,423.2,395.7,408.3,-1.9688
1996-05-06,409.1,433.6,403.8,426.9,4.5555
1996-05-07,430.7,440.0,410.9,420.8,-1.4289
1996-05-08,404.6,412.7,394.1,403.8,-4.0399
1996-05-09,387.7,398.0,379.3,383.7,-4.9777
1996-05-10,367.9,374.2,357.2,369.9,-3.5966
1996-05-13,367.5,380.8,361.3,372.8,0.784
1996-05-14,369.9,377.7,361.1,365.7,-1.9045
1996-05-15,360.3,377.5,357.8,376.2,2.8712
1996-05-16,403.2,416.2,393.8,402.6,7.0175
1996-05-17,410.1,425.9,402.7,421.8,4.769
1996-05-20,455.1,469.6,435.3,445.5,5.6188
1996-05-21,442.2,450.2,409.6,414.5,-6.9585
1996-05-22,400.7,418.5,394.7,413.1,-0.3378
1996-05-23,408.3,412.8,381.7,387.9,-6.1002
1996-05-24,374.6,387.8,367.4,378.5,-2.4233
1996-05-27,361.8,366.7,353.0,357.8,-5.469
1996-05-28,346.0,353.2,341.0,348.1,-2.711
1996-05-29,336.4,345.6,332.9,343.2,-1.4076
1996-05-30,337.5,341.9,324.8,331.8,-3.3217
1996-05-31,336.7,361.2,331.8,352.1,6.1181
1996-06-03,371.1,391.7,360.9,378.4,7.4695
1996-06-04,386.4,402.4,380.2,395.1,4.4133
1996-06-05,415.9,435.1,405.3,424.5,7.4412
1996-06-06,453.0,469.1,431.5,454.5,7.0671
1996-06-07,499.4,521.4,485.5,501.2,10.275
1996-06-10,526.4,547.2,510.1,533.8,6.5044
1996-06-11,542.4,560.8,522.1,545.8,2.248
1996-06-12,564.3,585.9,550.9,566.2,3.7376
1996-06-13,576.5,598.5,562.6,587.3,3.7266
1996-06-14,609.6,624.8,583.6,596.4,1.5495
1996-06-17,587.1,599.4,563.9,573.0,-3.9235
1996-06-18,565.7,599.2,557.5,592.4,3.3857
1996-06-19,610.6,627.8,591.1,607.5,2.549
1996-06-20,601.2,623.2,591.0,610.8,0.5432
1996-06-21,606.5,621.9,593.9,603.8,-1.146
1996-06-24,596.6,612.1,585.6,602.1,-0.2816
1996-06-25,581.8,604.1,567.3,588.3,-2.292
1996-06-26,579.2,597.3,573.2,590.7,0.408
1996-06-27,594.9,609.9,578.7,590.4,-0.0508
1996-06-28,587.5,599.3,568.3,579.0,-1.9309
1996-07-01,569.1,579.7,538.6,549.2,-5.1468
1996-07-02,533.3,549.8,525.3,540.1,-1.657
1996-07-03,543.5,568.5,536.8,563.1,4.2585
1996-07-04,575.3,592.3,560.8,581.8,3.3209
1996-07-05,601.7,624.1,587.7,604.3,3.8673
1996-07-08,632.3,657.6,617.9,645.1,6.7516
1996-07-09,666.7,687.8,647.5,672.8,4.2939
1996-07-10,688.1,707.7,667.7,693.7,3.1064
1996-07-11,700.2,711.8,664.7,672.6,-3.0417
1996-07-12,657.1,694.9,645.9,688.9,2.4234
1996-07-15,701.2,721.6,676.8,701.8,1.8726
1996-07-16,726.2,756.2,707.9,745.6,6.2411
1996-07-17,763.7,787.2,728.7,741.0,-0.617
1996-07-18,725.6,763.6,720.3,757.1,2.1727
1996-07-19,782.0,811.7,761.1,795.3,5.0456
1996-07-22,825.2,863.0,805.8,845.0,6.2492
1996-07-23,853.4,881.4,815.4,851.5,0.7692
1996-07-24,860.5,892.6,840.3,871.5,2.3488
1996-07-25,864.3,884.3,829.7,845.4,-2.9948
1996-07-26,829.3,851.8,799.1,815.1,-3.5841
1996-07-29,801.1,839.7,790.0,831.8,2.0488
1996-07-30,828.0,844.2,793.9,806.2,-3.0777
1996-07-31,778.1,791.9,749.2,761.9,-5.4949
1996-08-01,734.1,754.0,720.0,742.7,-2.52
1996-08-02,730.6,743.9,698.4,713.5,-3.9316
1996-08-05,690.7,709.6,673.4,704.1,-1.3174
1996-08-06,691.5,708.2,676.1,698.1,-0.8522
1996-08-07,711.7,734.0,700.3,721.1,3.2947
1996-08-08,723.8,738.7,709.4,724.5,0.4715
1996-08-09,720.2,734.8,702.3,720.5,-0.5521
1996-08-12,724.0,744.8,714.0,731.1,1.4712
1996-08-13,714.0,723.1,697.8,708.1,-3.1459
1996-08-14,692.6,703.4,678.4,687.0,-2.9798
1996-08-15,670.8,683.5,657.7,663.6,-3.4061
1996-08-16,652.7,662.4,629.7,650.2,-2.0193
1996-08-19,625.3,635.0,607.5,615.7,-5.3061
1996-08-20,593.9,603.1,573.4,580.7,-5.6846
1996-08-21,581.4,608.6,575.9,598.8,3.1169
1996-08-22,593.2,600.9,567.1,574.4,-4.0748
1996-08-23,574.4,582.6,543.0,561.2,-2.2981
1996-08-26,542.9,555.3,520.7,530.6,-5.4526
1996-08-27,515.1,534.9,508.2,530.2,-0.0754
1996-08-28,540.5,562.1,530.6,553.0,4.3003
1996-08-29,553.1,567.8,537.7,559.4,1.1573
1996-08-30,595.9,625.1,587.6,615.1,9.9571
1996-09-02,645.5,672.7,630.1,658.2,7.007
1996-09-03,674.0,694.9,650.0,668.5,1.5649
1996-09-04,674.9,704.4,664.3,693.6,3.7547
1996-09-05,721.6,742.0,684.9,694.5,0.1298
1996-09-06,678.9,699.5,662.5,678.6,-2.2894
1996-09-09,662.8,676.7,646.2,660.0,-2.7409
1996-09-10,633.0,647.8,606.8,613.6,-7.0303
1996-09-11,595.4,616.2,580.6,603.4,-1.6623
1996-09-12,589.5,599.7,559.9,569.9,-5.5519
1996-09-13,553.5,574.2,543.6,570.7,0.1404
1996-09-16,568.5,585.9,553.0,577.5,1.1915
1996-09-17,582.1,600.2,569.2,586.5,1.5584
1996-09-18,585.0,595.6,552.2,560.6,-4.416
1996-09-19,541.7,561.5,533.2,555.0,-0.9989
1996-09-20,555.3,576.8,545.7,569.4,2.5946
1996-09-23,604.2,629.2,591.3,619.1,8.7285
1996-09-24,641.6,661.2,627.0,646.5,4.4258
1996-09-25,660.3,673.7,635.0,650.2,0.5723
1996-09-26,657.8,680.4,649.5,668.7,2.8453
1996-09-27,698.1,722.9,684.8,710.6,6.2659
1996-10-03,738.4,759.6,715.3,730.0,
1996-10-04,727.4,746.0,711.4,733.3,0.4521
1996-10-07,751.6,775.1,734.1,762.0,3.9138
1996-10-08,786.4,812.1,768.4,798.6,4.8031
1996-10-09,819.5,842.3,788.4,807.7,1.1395
1996-10-10,830.1,867.5,820.9,856.8,6.079
1996-10-11,895.4,921.4,868.4,897.6,4.7619
1996-10-14,954.3,996.6,930.5,975.1,8.6341
1996-10-15,998.7,1033.7001,967.9,1010.0,3.5791
1996-10-16,1037.6,1073.3,998.5,1033.9,2.3663
1996-10-17,1049.4,1104.1,1030.3,1084.0,4.8457
1996-10-18,1103.5,1138.9,1034.4,1056.0,-2.583
1996-10-21,1057.4,1127.9,1044.6,1113.6,5.4545
1996-10-22,1079.1,1139.1,1038.4,1100.9,-1.1404
1996-10-23,1125.6,1174.9,1101.6,1151.6,4.6053
1996-10-24,1169.9,1202.5,1134.1,1164.0,1.0768
1996-10-25,1165.3,1207.7001,1138.8,1181.0,1.4605
1996-10-28,1192.9,1267.1,1177.3,1245.1,5.4276
1996-10-29,1295.4,1337.3,1247.1,1280.6,2.8512
1996-10-30,1272.7001,1302.5,1199.0,1230.7001,-3.8966
1996-10-31,1231.7001,1280.7001,1198.7001,1259.9,2.3726
1996-11-01,1191.5,1237.0,1136.1,1187.4,-5.7544
1996-11-04,1149.3,1188.0,1131.9,1171.4,-1.3475
1996-11-05,1151.2001,1176.8,1108.6,1131.7001,-3.3891
1996-11-06,1090.9,1106.9,1039.2001,1068.0,-5.6287
1996-11-07,1030.1,1051.3,1003.3,1025.7001,-3.9607
1996-11-08,994.4,1018.5,972.6,998.7,-2.6324
1996-11-11,1007.8,1046.8,991.5,1034.4,3.5746
1996-11-12,1039.9,1068.9,1014.7,1051.4,1.6435
1996-11-13,1064.5,1094.2001,1041.5,1073.8,2.1305
1996-11-14,1103.0,1138.6,1084.5,1122.1,4.498
1996-11-15,1141.8,1187.3,1121.2001,1164.9,3.8143
1996-11-18,1221.2001,1277.9,1190.4,1255.1,7.7432
1996-11-19,1308.4,1353.1,1270.9,1317.7001,4.9877
1996-11-20,1333.2001,1395.3,1302.5,1369.8,3.9539
1996-11-21,1392.4,1428.7001,1261.9,1283.9,-6.271
1996-11-22,1243.3,1312.7001,1203.1,1304.2001,1.5811
1996-11-25,1306.7001,1353.9,1270.3,1339.6,2.7143
1996-11-26,1348.1,1373.1,1288.0,1324.9,-1.0973
1996-11-27,1294.1,1327.3,1259.2001,1288.3,-2.7625
1996-11-28,1262.9,1302.0,1235.4,1274.2001,-1.0945
1996-11-29,1282.0,1330.0,1257.5,1303.0,2.2602
1996-12-02,1359.4,1421.1,1326.1,1388.9,6.5925
1996-12-03,1447.0,1506.7001,1398.6,1455.8,4.8168
1996-12-04,1496.4,1560.3,1466.9,1534.7001,5.4197
1996-12-05,1603.0,1655.4,1562.6,1622.1,5.6949
1996-12-06,1644.8,1686.8,1603.0,1653.8,1.9543
1996-12-09,1696.9,1752.7001,1666.7001,1721.8,4.1117
1996-12-10,1720.0,1750.5,1639.4,1701.8,-1.1616
1996-12-11,1707.3,1778.8,1679.5,1740.0,2.2447
1996-12-12,1746.3,1778.9,1630.1,1674.9,-3.7414
1996-12-13,1629.3,1665.0,1541.9,1556.6,-7.0631
1996-12-16,1305.6,1308.5,1305.0,1305.5,-16.1313
1996-12-17,1130.1,1179.2001,1129.6,1131.7001,-13.3129
1996-12-18,1072.7001,1232.0,1062.6,1211.7001,7.069
1996-12-19,1200.8,1227.1,1100.5,1113.2001,-8.1291
1996-12-20,1023.8,1065.8,1002.0,1027.2001,-7.7255
1996-12-23,995.5,1039.4,975.2,1001.1,-2.5409
1996-12-24,975.0,991.9,906.7,912.5,-8.8503
1996-12-25,895.1,938.5,861.6,924.0,1.2603
1996-12-26,907.6,933.3,886.6,918.8,-0.5628
1996-12-27,938.3,959.1,909.2,948.8,3.2651
1996-12-30,970.7,1009.5,953.0,1000.6,5.4595
1996-12-31,990.4,1000.5,940.1,955.9,-4.4673
1997-01-02,922.8,954.5,909.8,940.0,-1.6634
1997-01-03,919.2,933.6,883.6,894.8,-4.8085
1997-01-06,849.7,861.6,816.5,821.5,-8.1918
1997-01-07,783.6,837.5,772.5,825.2,0.4504
1997-01-08,793.8,807.5,772.7,790.8,-4.1687
1997-01-09,762.2,782.1,757.1,770.8,-2.5291
1997-01-10,754.5,769.8,743.0,762.5,-1.0768
1997-01-13,762.7,781.6,753.4,772.0,1.2459
1997-01-14,755.7,762.7,726.2,737.1,-4.5207
1997-01-15,707.8,727.2,703.0,718.3,-2.5505
1997-01-16,693.0,704.1,682.0,693.8,-3.4108
1997-01-17,681.7,695.1,673.4,688.2,-0.8071
1997-01-20,685.8,700.6,677.8,693.4,0.7556
1997-01-21,692.6,702.3,679.9,687.4,-0.8653
1997-01-22,701.0,721.9,693.3,714.1,3.8842
1997-01-23,739.6,758.6,728.4,747.5,4.6772
1997-01-24,759.3,774.3,743.8,764.9,2.3278
1997-01-27,785.3,802.9,774.5,791.4,3.4645
1997-01-28,788.8,802.3,773.7,789.6,-0.2274
1997-01-29,785.9,800.9,775.7,789.0,-0.076
1997-01-30,796.0,809.9,784.4,798.6,1.2167
1997-01-31,808.8,823.9,799.8,810.3,1.4651
1997-02-17,798.9,821.7,781.9,809.4,
1997-02-18,848.5,862.3,770.0,774.1,-4.3613
1997-02-19,799.4,847.0,794.1,840.6,8.5906
1997-02-20,811.0,912.8,810.4,893.4,6.2812
1997-02-21,939.1,979.1,929.1,971.4,8.7307
1997-02-24,1004.9,1025.4,980.1,997.5,2.6868
1997-02-25,1001.4,1033.6,991.8,1014.2,1.6742
1997-02-26,1026.6,1051.9,1013.6,1041.5,2.6918
1997-02-27,1064.8,1087.6,1044.6,1059.6,1.7379
1997-02-28,1067.3,1094.8,1044.1,1085.3,2.4254
1997-03-03,1129.0,1166.9,1118.7001,1155.7001,6.4867
1997-03-04,1183.6,1207.6,1154.0,1186.8,2.691
1997-03-05,1186.2001,1207.3,1154.1,1164.3,-1.8959
1997-03-06,1151.3,1193.3,1142.3,1183.6,1.6576
1997-03-07,1188.3,1211.8,1162.0,1180.8,-0.2366
1997-03-10,1197.6,1229.3,1184.6,1211.4,2.5915
1997-03-11,1232.7001,1263.1,1213.1,1249.1,3.1121
1997-03-12,1284.6,1316.6,1262.3,1295.9,3.7467
1997-03-13,1305.2001,1324.7001,1268.0,1291.7001,-0.3241
1997-03-14,1288.2001,1321.8,1260.4,1307.2001,1.2
1997-03-17,1369.5,1413.0,1348.4,1387.0,6.1046
1997-03-18,1433.7001,1472.9,1394.4,1434.4,3.4174
1997-03-19,1439.8,1476.0,1411.3,1444.5,0.7041
1997-03-20,1437.9,1469.3,1383.1,1394.4,-3.4683
1997-03-21,1379.1,1445.2001,1368.2001,1434.8,2.8973
1997-03-24,1505.3,1551.0,1472.1,1516.3,5.6802
1997-03-25,1551.1,1590.3,1505.4,1553.0,2.4204
1997-03-26,1579.2001,1624.2001,1549.1,1595.1,2.7109
1997-03-27,1610.3,1646.7001,1570.0,1599.1,0.2508
1997-03-28,1586.6,1623.0,1554.9,1578.2001,-1.307
1997-03-31,1578.9,1630.5,1564.4,1607.4,1.8502
1997-04-01,1599.9,1627.4,1567.6,1594.9,-0.7777
1997-04-02,1579.6,1610.6,1546.8,1566.6,-1.7744
1997-04-03,1535.2001,1568.1,1506.3,1548.0,-1.1873
1997-04-04,1588.0,1629.9,1558.4,1592.6,2.8811
1997-04-07,1620.3,1666.2001,1587.0,1637.1,2.7942
1997-04-08,1639.6,1664.3,1580.4,1604.2001,-2.0096
1997-04-09,1607.0,1672.0,1597.5,1651.6,2.9547
1997-04-10,1669.2001,1706.6,1627.6,1649.9,-0.1029
1997-04-11,1633.6,1661.1,1583.4,1630.8,-1.1576
1997-04-14,1656.0,1708.7001,1634.2001,1669.7001,2.3853
1997-04-15,1661.8,1696.4,1629.0,1669.1,-0.0359
1997-04-16,1672.8,1704.6,1638.0,1666.5,-0.1558
1997-04-17,1634.9,1669.3,1610.2001,1635.7001,-1.8482
1997-04-18,1627.9,1658.5,1593.5,1635.1,-0.0367
1997-04-21,1683.8,1730.9,1657.7001,1695.9,3.7184
1997-04-22,1703.2001,1740.5,1672.1,1710.7001,0.8727
1997-04-23,1737.5,1786.3,1705.1,1750.5,2.3265
1997-04-24,1761.2001,1819.7001,1718.2001,1786.6,2.0623
1997-04-25,1834.7001,1894.1,1789.5,1832.1,2.5467
1997-04-28,1881.8,1953.1,1819.2001,1876.1,2.4016
1997-04-29,1884.7001,1947.3,1786.1,1872.8,-0.1759
1997-04-30,1860.2001,1918.3,1822.0,1885.4,0.6728
1997-05-05,1918.7001,2011.3,1901.1,1981.5,5.0971
1997-05-06,2059.5,2140.9001,2021.5,2100.0,5.9803
1997-05-07,2165.6001,2230.2,2091.1001,2174.0,3.5238
1997-05-08,2217.1001,2267.4001,2053.7,2084.8,-4.103
1997-05-09,2095.7,2213.3,2061.4001,2194.7,5.2715
1997-05-12,2267.8,2356.3,2212.4001,2289.4001,4.3149
1997-05-13,2284.2,2310.8,2151.6001,2220.3,-3.0183
1997-05-14,2154.0,2186.0,2025.3,2048.9001,-7.7197
1997-05-15,1986.7001,2087.5,1948.5,2064.8,0.776
1997-05-16,1888.6,2027.5,1855.4,1883.8,-8.766
1997-05-19,1820.8,1887.2001,1776.0,1836.8,-2.495
1997-05-20,1806.1,1878.7001,1782.8,1851.2001,0.784
1997-05-21,1809.3,1832.8,1716.6,1750.6,-5.4343
1997-05-22,1568.6,1664.9,1559.2001,1570.2001,-10.305
1997-05-23,1527.3,1601.0,1497.6,1563.3,-0.4394
1997-05-26,1544.8,1586.0,1458.0,1539.1,-1.548
1997-05-27,1512.9,1566.2001,1484.2001,1543.1,0.2599
1997-05-28,1517.1,1551.4,1478.9,1507.1,-2.333
1997-05-29,1456.5,1497.4,1427.6,1448.1,-3.9148
1997-05-30,1403.0,1450.6,1380.1,1437.6,-0.7251
1997-06-02,1456.1,1511.7001,1438.5,1494.8,3.9789
1997-06-03,1510.1,1551.0,1466.7001,1512.4,1.1774
1997-06-04,1517.0,1559.5,1489.7001,1525.8,0.886
1997-06-05,1510.2001,1543.8,1477.7001,1513.7001,-0.793
1997-06-06,1461.1,1543.1,1439.1,1480.1,-2.2197
1997-06-09,1440.5,1472.9,1400.4,1442.2001,-2.5606
1997-06-10,1395.2001,1414.0,1322.4,1337.9,-7.232
1997-06-11,1309.9,1334.4,1213.7001,1294.5,-3.2439
1997-06-12,1250.8,1275.0,1216.5,1237.0,-4.4419
1997-06-13,1165.3,1283.0,1154.1,1271.3,2.7728
1997-06-16,1291.9,1330.6,1270.4,1297.0,2.0216
1997-06-17,1269.0,1293.0,1235.4,1252.8,-3.4079
1997-06-18,1252.5,1276.0,1215.1,1231.1,-1.7321
1997-06-19,1202.7001,1226.5,1171.8,1185.4,-3.7121
1997-06-20,1219.0,1280.8,1204.8,1270.9,7.2128
1997-06-23,1360.2001,1392.5,1286.1,1331.7001,4.784
1997-06-24,1338.7001,1378.3,1321.0,1363.8,2.4104
1997-06-25,1369.8,1392.6,1337.7001,1359.9,-0.286
1997-06-26,1358.4,1386.5,1328.7001,1356.8,-0.228
1997-06-27,1392.0,1427.8,1337.8,1360.7001,0.2874
1997-07-02,1352.6,1377.9,1224.7001,1297.0,-4.6814
1997-07-03,1265.4,1277.3,1195.4,1211.7001,-6.5767
1997-07-04,1172.0,1221.2001,1142.4,1196.3,-1.2709
1997-07-07,1164.6,1177.5,1069.0,1083.4,-9.4374
1997-07-08,1052.6,1106.3,1017.1,1082.4,-0.0923
1997-07-09,1057.7001,1083.1,1028.6,1065.9,-1.5244
1997-07-10,1034.9,1062.2001,1011.3,1023.5,-3.9779
1997-07-11,1003.3,1061.3,994.3,1056.6,3.234
1997-07-14,1079.7001,1115.9,1060.5,1098.8,3.9939
1997-07-15,1106.6,1132.5,1073.8,1107.8,0.8191
1997-07-16,1117.0,1144.6,1085.2001,1109.7001,0.1715
1997-07-17,1106.7001,1143.3,1085.6,1118.5,0.793
1997-07-18,1132.8,1160.4,1112.0,1143.3,2.2173
1997-07-21,1157.0,1178.9,1115.2001,1133.4,-0.8659
1997-07-22,1120.0,1154.1,1086.8,1140.8,0.6529
1997-07-23,1161.0,1182.1,1117.4,1134.7001,-0.5347
1997-07-24,1105.3,1125.6,1073.8,1084.4,-4.4329
1997-07-25,1058.5,1087.6,1039.9,1065.4,-1.7521
1997-07-28,1041.0,1054.7001,999.7,1010.9,-5.1154
1997-07-29,976.6,1008.3,960.1,990.5,-2.018
1997-07-30,975.5,1001.9,962.3,993.6,0.313
1997-07-31,979.7,997.2,961.5,976.7,-1.7009
1997-08-01,952.4,967.8,934.6,952.2,-2.5084
1997-08-04,950.8,971.1,932.8,955.7,0.3676
1997-08-05,939.3,956.8,922.1,935.8,-2.0822
1997-08-06,912.2,924.1,884.6,892.5,-4.6271
1997-08-07,872.1,898.5,856.6,891.5,-0.112
1997-08-08,918.7,938.2,890.6,909.1,1.9742
1997-08-11,915.8,931.5,883.4,896.4,-1.397
1997-08-12,882.7,900.6,849.7,858.2,-4.2615
1997-08-13,834.9,856.7,810.9,819.6,-4.4978
1997-08-14,806.8,843.3,799.6,837.4,2.1718
1997-08-15,829.4,839.3,793.7,807.4,-3.5825
1997-08-18,788.4,800.9,760.7,778.4,-3.5918
1997-08-19,753.5,771.2,740.4,752.8,-3.2888
1997-08-20,733.0,749.2,721.2,739.4,-1.78
1997-08-21,743.7,763.3,732.5,753.6,1.9205
1997-08-22,761.8,783.9,750.6,771.2,2.3355
1997-08-25,788.2,810.0,774.9,798.6,3.5529
1997-08-26,824.9,844.5,809.2,830.0,3.9319
1997-08-27,839.0,857.7,824.1,843.5,1.6265
1997-08-28,864.1,884.4,845.9,866.9,2.7742
1997-08-29,890.8,909.9,871.9,891.5,2.8377
1997-09-01,906.5,929.6,890.2,911.6,2.2546
1997-09-02,908.8,927.0,891.9,911.3,-0.0329
1997-09-03,918.7,940.6,907.2,929.3,1.9752
1997-09-04,941.9,959.3,928.4,944.2,1.6034
1997-09-05,932.9,946.1,917.6,933.5,-1.1332
1997-09-08,933.0,950.2,917.2,936.1,0.2785
1997-09-09,924.3,936.4,898.8,904.5,-3.3757
1997-09-10,898.8,925.4,888.9,917.0,1.382
1997-09-11,934.2,954.8,901.3,915.9,-0.12
1997-09-12,893.4,907.7,865.4,871.8,-4.8149
1997-09-15,851.8,863.2,824.3,831.6,-4.6111
1997-09-16,802.5,819.6,793.3,805.2,-3.1746
1997-09-17,772.2,778.6,749.0,756.4,-6.0606
1997-09-18,729.2,742.8,718.7,731.6,-3.2787
1997-09-19,706.2,719.7,697.1,711.6,-2.7337
1997-09-22,698.2,702.7,643.4,647.9,-8.9517
1997-09-23,639.4,652.7,593.2,605.4,-6.5597
1997-09-24,632.3,663.1,624.0,658.8,8.8206
1997-09-25,669.3,685.3,656.1,671.9,1.9885
1997-09-26,656.6,664.1,636.2,651.3,-3.0659
1997-09-29,631.6,638.1,610.0,618.6,-5.0207
1997-09-30,595.8,613.0,590.8,605.7,-2.0854
1997-10-06,580.4,589.4,568.8,578.0,
1997-10-07,549.9,558.3,540.4,553.3,-4.2734
1997-10-08,562.0,575.4,552.5,567.9,2.6387
1997-10-09,553.8,561.8,543.0,549.5,-3.24
1997-10-10,533.5,544.6,528.8,539.4,-1.838
1997-10-13,527.8,534.3,516.1,521.0,-3.4112
1997-10-14,502.5,508.7,493.4,504.5,-3.167
1997-10-15,502.3,512.9,495.1,506.1,0.3171
1997-10-16,541.8,558.6,533.4,552.0,9.0694
1997-10-17,617.6,639.9,608.8,629.8,14.0942
1997-10-20,692.4,713.4,680.7,701.9,11.4481
1997-10-21,747.8,766.9,732.5,757.3,7.8929
1997-10-22,863.8,891.1,831.6,847.7,11.9371
1997-10-23,883.2,915.7,865.7,896.4,5.745
1997-10-24,927.9,953.9,912.0,942.1,5.0982
1997-10-27,1016.1,1055.9,1000.2,1031.0,9.4364
1997-10-28,1063.7001,1077.1,1001.0,1022.3,-0.8438
1997-10-29,1025.6,1072.0,1012.3,1062.6,3.9421
1997-10-30,1121.4,1157.1,1087.2001,1099.3,3.4538
1997-10-31,1082.0,1120.6,1061.5,1105.7001,0.5822
1997-11-03,1085.4,1108.4,1065.1,1082.0,-2.1434
1997-11-04,1054.6,1080.4,1040.3,1065.1,-1.5619
1997-11-05,1083.8,1111.5,1065.7001,1093.7001,2.6852
1997-11-06,1103.5,1123.9,1074.7001,1085.0,-0.7955
1997-11-07,1073.9,1102.8,1060.9,1087.1,0.1935
1997-11-10,1090.5,1108.5,1051.7001,1068.3,-1.7294
1997-11-11,1039.8,1059.1,1013.9,1043.7001,-2.3027
1997-11-12,1019.9,1037.2001,992.7,1000.7,-4.12
1997-11-13,975.6,1006.1,956.3,1000.4,-0.03
1997-11-14,986.7,1006.0,967.4,983.3,-1.7093
1997-11-17,966.8,978.7,940.8,949.7,-3.4171
1997-11-18,924.4,941.5,908.7,917.2,-3.4221
1997-11-19,885.1,901.7,870.3,882.6,-3.7724
1997-11-20,860.2,874.1,843.1,852.8,-3.3764
1997-11-21,831.9,842.4,812.6,822.0,-3.6116
1997-11-24,794.2,805.5,773.4,781.3,-4.9513
1997-11-25,767.0,785.7,756.3,773.6,-0.9855
1997-11-26,752.6,764.8,741.4,758.7,-1.9261
1997-11-27,737.8,745.3,714.7,720.3,-5.0613
1997-11-28,699.2,725.9,691.9,722.7,0.3332
1997-12-01,699.6,708.8,684.9,694.5,-3.902
1997-12-02,669.7,681.1,659.8,666.9,-3.9741
1997-12-03,645.1,653.8,634.1,642.4,-3.6737
1997-12-04,639.3,662.0,632.5,654.3,1.8524
1997-12-05,656.6,669.3,645.1,651.1,-0.4891
1997-12-08,639.2,650.4,630.4,638.5,-1.9352
1997-12-09,628.0,640.1,621.6,634.4,-0.6421
1997-12-10,627.1,637.6,619.2,627.9,-1.0246
1997-12-11,624.5,632.5,611.3,624.5,-0.5415
1997-12-12,625.9,635.3,615.3,621.1,-0.5444
1997-12-15,627.4,642.0,620.1,635.8,2.3668
1997-12-16,649.7,661.9,640.9,653.7,2.8154
1997-12-17,660.2,665.8,640.2,645.7,-1.2238
1997-12-18,640.7,657.8,634.5,648.0,0.3562
1997-12-19,651.0,664.8,641.9,655.5,1.1574
1997-12-22,689.8,709.7,674.5,697.7,6.4378
1997-12-23,710.2,727.2,696.4,711.5,1.9779
1997-12-24,716.1,730.4,703.9,716.2,0.6606
1997-12-25,736.1,755.2,727.3,745.4,4.0771
1997-12-26,777.5,796.1,764.4,779.1,4.5211
1997-12-29,798.6,814.5,781.2,791.1,1.5402
1997-12-30,785.9,799.7,772.1,782.6,-1.0745
1997-12-31,783.8,803.8,774.4,791.8,1.1756
1998-01-05,832.1,862.2,819.9,850.9,7.464
1998-01-06,890.2,913.9,873.4,898.8,5.6293
1998-01-07,930.7,956.1,916.4,940.6,4.6506
1998-01-08,963.4,988.6,945.3,961.9,2.2645
1998-01-09,990.4,1017.0,967.4,995.7,3.5139
1998-01-12,1030.8,1058.9,1006.9,1020.6,2.5008
1998-01-13,1069.6,1081.0,978.3,1030.2001,0.9406
1998-01-14,1049.2001,1097.7001,1041.5,1081.8,5.0087
1998-01-15,1101.0,1129.8,1074.6,1106.2001,2.2555
1998-01-16,1090.3,1114.9,1063.8,1082.0,-2.1877
1998-01-19,1061.9,1084.9,1038.9,1058.7001,-2.1534
1998-01-20,1022.2,1039.0,994.4,1010.9,-4.515
1998-01-21,973.5,989.8,955.4,964.9,-4.5504
1998-01-22,948.5,972.7,936.0,957.8,-0.7358
1998-01-23,940.9,961.5,931.7,950.0,-0.8144
1998-02-09,968.5,986.6,942.6,959.5,
1998-02-10,952.1,966.9,927.3,941.9,-1.8343
1998-02-11,926.9,951.6,917.0,936.5,-0.5733
1998-02-12,939.5,956.0,920.2,934.8,-0.1815
1998-02-13,925.6,944.5,911.7,926.7,-0.8665
1998-02-16,929.7,945.9,909.3,925.5,-0.1295
1998-02-17,908.9,924.7,894.5,910.7,-1.5991
1998-02-18,910.7,922.4,889.1,901.4,-1.0212
1998-02-19,880.9,895.5,866.1,881.9,-2.1633
1998-02-20,869.3,881.1,851.0,861.4,-2.3245
1998-02-23,845.9,857.7,824.1,842.3,-2.2173
1998-02-24,823.8,837.9,810.4,819.8,-2.6713
1998-02-25,805.1,816.6,786.9,796.0,-2.9031
1998-02-26,779.7,800.9,769.7,792.2,-0.4774
1998-02-27,784.6,797.3,768.0,778.8,-1.6915
1998-03-02,776.9,793.2,751.3,763.5,-1.9646
1998-03-03,748.5,770.3,738.8,762.5,-0.131
1998-03-04,756.4,771.8,743.0,759.8,-0.3541
1998-03-05,750.2,763.0,736.7,747.2,-1.6583
1998-03-06,733.2,745.1,721.3,733.5,-1.8335
1998-03-09,723.5,735.0,710.4,720.7,-1.7451
1998-03-10,709.9,722.5,695.6,711.4,-1.2904
1998-03-11,720.3,734.1,705.2,712.6,0.1687
1998-03-12,695.7,706.6,683.5,693.1,-2.7365
1998-03-13,678.6,692.8,670.2,685.6,-1.0821
1998-03-16,686.9,701.9,675.7,693.5,1.1523
1998-03-17,704.2,719.6,695.7,710.7,2.4802
1998-03-18,717.2,728.2,701.0,709.4,-0.1829
1998-03-19,702.1,714.9,689.9,699.0,-1.466
1998-03-20,691.5,703.0,679.4,690.2,-1.2589
1998-03-23,690.0,703.7,678.3,690.0,-0.029
1998-03-24,687.6,704.7,679.1,697.0,1.0145
1998-03-25,722.4,734.7,700.9,712.6,2.2382
1998-03-26,722.0,737.5,708.1,719.8,1.0104
1998-03-27,764.1,799.8,754.8,786.2,9.2248
1998-03-30,842.0,872.6,826.3,857.1,9.0181
1998-03-31,885.2,901.7,862.7,878.5,2.4968
1998-04-01,903.9,933.2,889.9,918.1,4.5077
1998-04-02,1010.3,1045.4,991.4,1011.5,10.1732
1998-04-03,1046.3,1078.2001,1028.6,1063.1,5.1013
1998-04-06,1125.7001,1163.2001,1103.2001,1140.7001,7.2994
1998-04-07,1162.9,1188.6,1136.6,1161.4,1.8147
1998-04-08,1215.9,1258.1,1198.3,1235.3,6.363
1998-04-09,1292.8,1321.9,1238.5,1263.2001,2.2586
1998-04-10,1283.1,1328.4,1262.3,1306.6,3.4357
1998-04-13,1355.1,1393.6,1326.7001,1357.0,3.8573
1998-04-14,1342.2001,1368.0,1313.0,1338.9,-1.3338
1998-04-15,1336.2001,1374.0,1319.6,1350.5,0.8664
1998-04-16,1360.3,1399.4,1332.0,1354.7001,0.311
1998-04-17,1340.9,1365.7001,1302.4,1325.2001,-2.1776
1998-04-20,1312.0,1347.7001,1285.8,1316.4,-0.6641
1998-04-21,1289.6,1328.3,1271.8,1301.8,-1.1091
1998-04-22,1305.0,1348.3,1289.4,1327.9,2.0049
1998-04-23,1329.1,1353.9,1295.1,1317.2001,-0.8058
1998-04-24,1320.3,1355.5,1289.8,1309.0,-0.6225
1998-04-27,1316.3,1358.7001,1284.8,1321.1,0.9244
1998-04-28,1331.9,1372.1,1311.3,1347.5,1.9983
1998-04-29,1341.2001,1368.2001,1314.0,1340.0,-0.5566
1998-04-30,1344.7001,1375.2001,1323.7001,1353.8,1.0299
1998-05-04,1385.8,1422.1,1360.7001,1394.0,2.9694
1998-05-05,1390.0,1419.3,1364.2001,1394.0,0.0
1998-05-06,1392.6,1423.3,1364.2001,1395.0,0.0717
1998-05-07,1412.0,1443.6,1369.2001,1384.0,-0.7885
1998-05-08,1395.8,1449.1,1380.1,1435.9,3.75
1998-05-11,1488.5,1520.1,1442.5,1469.6,2.347
1998-05-12,1468.4,1501.3,1427.9,1460.6,-0.6124
1998-05-13,1464.3,1516.4,1446.7001,1488.1,1.8828
1998-05-14,1494.5,1527.4,1456.7001,1482.8,-0.3562
1998-05-15,1483.9,1518.8,1449.9,1472.6,-0.6879
1998-05-18,1450.3,1478.2001,1421.3,1448.4,-1.6434
1998-05-19,1419.6,1445.2001,1389.9,1417.3,-2.1472
1998-05-20,1395.0,1422.7001,1365.0,1387.8,-2.0814
1998-05-21,1361.0,1394.7001,1338.5,1375.9,-0.8575
1998-05-22,1381.8,1417.4,1362.5,1388.4,0.9085
1998-05-25,1422.2001,1461.9,1397.1,1434.4,3.3132
1998-05-26,1450.2001,1484.2001,1416.2001,1447.6,0.9202
1998-05-27,1465.1,1501.5,1437.2001,1471.6,1.6579
1998-05-28,1475.1,1503.7001,1441.2001,1466.2001,-0.3669
1998-05-29,1480.3,1517.2001,1454.1,1485.8,1.3368
1998-06-01,1513.6,1548.1,1482.0,1514.1,1.9047
1998-06-02,1511.3,1537.7001,1476.6,1506.5,-0.5019
1998-06-03,1492.6,1525.4,1468.8,1497.6,-0.5908
1998-06-04,1482.9,1508.8,1446.0,1467.2001,-2.0299
1998-06-05,1459.8,1491.8,1425.8,1460.3,-0.4703
1998-06-08,1446.7001,1475.5,1416.5,1438.2001,-1.5134
1998-06-09,1424.3,1439.6,1362.8,1387.9,-3.4974
1998-06-10,1353.6,1387.5,1329.1,1357.5,-2.1904
1998-06-11,1308.5,1326.2001,1274.3,1286.5,-5.2302
1998-06-12,1297.4,1324.1,1276.0,1307.5,1.6323
1998-06-15,1290.5,1307.2001,1251.3,1267.6,-3.0516
1998-06-16,1247.5,1264.2001,1204.4,1243.3,-1.917
1998-06-17,1209.8,1235.1,1187.8,1206.9,-2.9277
1998-06-18,1182.4,1213.3,1169.0,1193.7001,-1.0937
1998-06-19,1187.7001,1215.9,1171.8,1201.2001,0.6283
1998-06-22,1216.0,1241.8,1193.4,1218.6,1.4485
1998-06-23,1225.8,1248.6,1200.7001,1228.3,0.796
1998-06-24,1222.3,1246.4,1199.8,1223.8,-0.3664
1998-06-25,1203.2001,1220.1,1170.5,1185.7001,-3.1132
1998-06-26,1173.3,1195.9,1153.5,1173.1,-1.0627
1998-06-29,1150.9,1162.7001,1113.7001,1129.3,-3.7337
1998-06-30,1099.5,1114.4,1066.6,1081.8,-4.2061
1998-07-01,1089.3,1101.1,1036.4,1046.5,-3.2631
1998-07-02,1025.0,1054.8,1002.6,1043.8,-0.258
1998-07-03,1038.4,1058.8,1017.5,1035.1,-0.8335
1998-07-06,1013.5,1026.0,983.3,993.8,-3.99
1998-07-07,958.2,979.2,943.0,967.1,-2.6867
1998-07-08,940.6,960.8,931.0,949.1,-1.8612
1998-07-09,924.9,940.4,910.4,925.7,-2.4655
1998-07-10,919.3,943.1,909.1,933.7,0.8642
1998-07-13,931.7,946.4,913.7,930.8,-0.3106
1998-07-14,936.3,949.0,907.6,917.4,-1.4396
1998-07-15,904.4,925.5,890.5,910.9,-0.7085
1998-07-16,905.0,919.2,883.7,898.8,-1.3284
1998-07-17,896.2,912.1,876.6,889.0,-1.0903
1998-07-20,878.6,891.1,850.4,866.3,-2.5534
1998-07-21,854.2,885.6,843.0,871.0,0.5425
1998-07-22,856.3,869.9,834.4,847.4,-2.7095
1998-07-23,833.9,854.6,824.1,845.1,-0.2714
1998-07-24,848.4,868.1,837.0,853.8,1.0295
1998-07-27,847.2,859.7,829.0,845.2,-1.0073
1998-07-28,829.5,842.8,815.7,828.1,-2.0232
1998-07-29,815.9,828.2,800.1,809.7,-2.222
1998-07-30,800.1,813.7,787.9,800.0,-1.198
1998-07-31,792.8,807.5,781.2,794.6,-0.675
1998-08-03,784.1,793.8,766.9,776.8,-2.2401
1998-08-04,761.5,771.0,745.6,758.4,-2.3687
1998-08-05,744.4,760.1,735.6,752.6,-0.7648
1998-08-06,741.7,752.6,727.2,734.3,-2.4316
1998-08-07,741.1,749.7,719.7,728.2,-0.8307
1998-08-10,716.6,725.8,691.4,702.7,-3.5018
1998-08-11,687.1,700.9,668.6,676.0,-3.7996
1998-08-12,680.9,694.8,651.7,676.9,0.1331
1998-08-13,681.0,699.2,668.3,688.9,1.7728
1998-08-14,687.8,695.1,660.3,668.2,-3.0048
1998-08-17,665.3,671.5,616.7,622.2,-6.8842
1998-08-18,616.0,651.2,602.3,626.9,0.7554
1998-08-19,637.6,673.9,632.0,668.5,6.6358
1998-08-20,686.8,707.9,671.6,701.1,4.8766
1998-08-21,725.4,746.6,710.9,737.7,5.2204
1998-08-24,759.6,781.2,744.7,763.7,3.5245
1998-08-25,770.1,785.5,752.1,775.1,1.4927
1998-08-26,769.5,785.4,753.0,762.0,-1.6901
1998-08-27,745.1,758.3,730.1,741.2,-2.7297
1998-08-28,723.1,737.6,708.3,719.0,-2.9951
1998-08-31,706.6,734.3,675.5,731.0,1.669
1998-09-01,725.4,743.9,706.8,722.2,-1.2038
1998-09-02,701.1,718.1,691.4,703.6,-2.5755
1998-09-03,685.4,702.5,680.4,692.7,-1.5492
1998-09-04,691.1,707.9,685.6,698.1,0.7796
1998-09-07,699.2,713.7,689.7,706.8,1.2462
1998-09-08,711.4,723.5,697.8,705.3,-0.2122
1998-09-09,720.0,744.9,713.6,740.5,4.9908
1998-09-10,798.8,823.0,789.6,810.0,9.3856
1998-09-11,844.9,865.6,830.9,850.4,4.9877
1998-09-14,892.5,922.1,880.1,909.2,6.9144
1998-09-15,943.4,963.9,921.1,933.7,2.6947
1998-09-16,951.1,981.7,938.1,971.7,4.0698
1998-09-17,1024.5,1047.0,987.5,1002.1,3.1285
1998-09-18,1014.0,1034.7001,983.9,998.1,-0.3992
1998-09-21,975.9,1008.9,963.7,999.4,0.1302
1998-09-22,984.9,1001.4,964.2,980.5,-1.8911
1998-09-23,964.4,983.5,949.2,966.7,-1.4074
1998-09-24,972.7,984.7,939.3,948.1,-1.9241
1998-09-25,924.4,952.7,914.6,944.3,-0.4008
1998-09-28,946.8,968.1,929.0,946.2,0.2012
1998-09-29,931.0,950.6,916.9,931.8,-1.5219
1998-09-30,914.3,933.1,904.3,921.0,-1.159
1998-10-05,899.8,912.6,882.9,895.2,-2.8013
1998-10-06,875.0,886.3,853.2,861.2,-3.798
1998-10-07,842.4,857.3,829.4,841.1,-2.334
1998-10-08,831.1,848.9,821.6,840.1,-0.1189
1998-10-09,842.2,857.4,828.5,842.7,0.3095
1998-10-12,852.5,870.7,836.5,858.5,1.8749
1998-10-13,868.2,887.9,852.9,866.1,0.8853
1998-10-14,856.5,871.5,842.0,857.2,-1.0276
1998-10-15,867.6,886.7,855.4,875.0,2.0765
1998-10-16,897.6,914.5,881.4,894.5,2.2286
1998-10-19,907.5,925.0,892.8,907.9,1.498
1998-10-20,906.5,920.0,888.7,900.7,-0.793
1998-10-21,921.7,931.6,887.3,896.3,-0.4885
1998-10-22,895.4,919.6,879.8,910.9,1.6289
1998-10-23,919.7,941.3,903.3,918.9,0.8783
1998-10-26,928.6,947.2,904.9,930.0,1.208
1998-10-27,925.8,949.9,913.0,935.4,0.5806
1998-10-28,935.7,958.2,921.2,942.5,0.759
1998-10-29,941.7,958.7,922.7,935.7,-0.7215
1998-10-30,934.5,955.8,920.8,934.3,-0.1496
1998-11-02,929.9,951.0,914.6,938.1,0.4067
1998-11-03,940.3,962.2,927.9,948.3,1.0873
1998-11-04,950.4,966.3,933.6,948.0,-0.0316
1998-11-05,964.5,990.0,951.8,977.9,3.154
1998-11-06,1031.1,1056.6,1013.3,1031.1,5.4402
1998-11-09,1063.7001,1092.2001,1050.0,1078.8,4.6261
1998-11-10,1099.2001,1119.4,1078.7001,1102.4,2.1876
1998-11-11,1112.8,1135.2001,1094.1,1117.0,1.3244
1998-11-12,1128.6,1150.4,1107.9,1123.1,0.5461
1998-11-13,1118.6,1139.1,1099.6,1120.7001,-0.2137
1998-11-16,1126.8,1153.0,1111.3,1136.2001,1.3831
1998-11-17,1138.6,1156.9,1116.2001,1132.8,-0.2993
1998-11-18,1122.7001,1140.4,1102.5,1117.8,-1.3242
1998-11-19,1108.3,1125.6,1090.2001,1103.0,-1.324
1998-11-20,1080.0,1100.4,1066.7001,1082.2001,-1.8858
1998-11-23,1060.8,1077.2001,1042.8,1058.2001,-2.2177
1998-11-24,1034.0,1052.3,1022.3,1036.4,-2.0601
1998-11-25,1013.2,1024.8,989.7,997.6,-3.7437
1998-11-26,977.0,991.2,959.3,971.1,-2.6564
1998-11-27,949.8,964.8,931.8,942.1,-2.9863
1998-11-30,916.7,931.2,902.5,919.4,-2.4095
1998-12-01,895.0,905.3,874.6,882.9,-3.97
1998-12-02,858.7,871.9,842.2,862.5,-2.3106
1998-12-03,843.4,853.8,827.3,836.3,-3.0377
1998-12-04,815.2,825.6,796.4,805.7,-3.659
1998-12-07,795.1,803.6,769.7,776.8,-3.5869
1998-12-08,748.6,763.0,741.5,756.1,-2.6648
1998-12-09,727.9,736.0,717.2,726.1,-3.9677
1998-12-10,709.2,714.9,690.5,696.1,-4.1317
1998-12-11,671.3,685.6,661.8,681.4,-2.1118
1998-12-14,658.2,664.0,641.9,647.3,-5.0044
1998-12-15,630.2,640.2,616.4,635.1,-1.8848
1998-12-16,614.6,621.7,602.3,609.1,-4.0938
1998-12-17,596.4,602.9,583.0,588.5,-3.382
1998-12-18,574.4,588.6,566.9,576.4,-2.0561
1998-12-21,558.1,569.3,551.8,560.7,-2.7238
1998-12-22,560.5,579.6,555.8,575.9,2.7109
1998-12-23,569.3,575.4,556.5,563.0,-2.24
1998-12-24,553.5,561.2,544.6,553.7,-1.6519
1998-12-25,542.6,551.8,536.1,542.5,-2.0228
1998-12-28,534.5,540.6,521.2,525.6,-3.1152
1998-12-29,518.9,525.1,505.8,511.0,-2.7778
1998-12-30,509.0,520.6,497.6,513.2,0.4305
1998-12-31,501.8,509.3,493.1,500.3,-2.5136
1999-01-04,479.1,484.0,468.4,472.4,-5.5767
1999-01-05,460.2,467.3,450.7,461.2,-2.3709
1999-01-06,455.3,466.4,451.3,460.6,-0.1301
1999-01-07,460.0,467.7,452.6,461.8,0.2605
1999-01-08,476.6,493.0,473.7,489.2,5.9333
1999-01-11,499.4,507.6,490.4,501.7,2.5552
1999-01-12,511.0,519.1,500.6,505.9,0.8372
1999-01-13,508.3,519.1,500.1,508.3,0.4744
1999-01-14,505.3,515.1,498.0,506.0,-0.4525
1999-01-15,516.2,523.8,504.3,510.2,0.83
1999-01-18,521.9,538.3,512.4,534.0,4.6648
1999-01-19,550.1,561.0,541.6,551.8,3.3333
1999-01-20,548.4,557.2,539.2,546.1,-1.033
1999-01-21,544.9,556.3,538.3,551.4,0.9705
1999-01-22,564.6,574.9,554.6,562.7,2.0493
1999-01-25,566.8,574.4,554.1,559.5,-0.5687
1999-01-26,553.3,562.1,543.4,552.0,-1.3405
1999-01-27,550.2,563.2,543.4,556.1,0.7428
1999-01-28,565.7,575.8,553.8,562.3,1.1149
1999-01-29,561.7,571.3,550.5,559.2,-0.5513
1999-02-01,557.9,568.7,545.9,554.5,-0.8405
1999-02-02,546.3,557.9,537.2,550.6,-0.7033
1999-02-03,544.3,551.5,532.6,538.7,-2.1613
1999-02-04,528.9,536.0,517.7,522.7,-2.9701
1999-02-05,517.3,524.0,502.7,508.3,-2.7549
1999-02-08,497.2,507.8,486.9,493.0,-3.01
1999-02-09,486.0,500.6,482.5,496.3,0.6694
1999-03-01,485.7,496.7,476.3,490.1,
1999-03-02,484.7,494.1,475.9,486.8,-0.6733
1999-03-03,496.4,513.6,490.2,508.5,4.4577
1999-03-04,517.7,527.1,507.8,518.6,1.9862
1999-03-05,529.5,542.8,521.4,532.1,2.6032
1999-03-08,544.0,556.4,535.0,549.8,3.3264
1999-03-09,569.1,580.4,557.9,566.1,2.9647
1999-03-10,570.5,581.2,560.5,571.6,0.9716
1999-03-11,592.4,610.2,587.7,601.9,5.3009
1999-03-12,627.9,639.6,617.3,628.5,4.4193
1999-03-15,661.5,677.3,651.1,663.4,5.5529
1999-03-16,673.8,685.5,661.3,676.1,1.9144
1999-03-17,699.8,712.7,685.4,692.0,2.3517
1999-03-18,693.5,707.0,682.1,692.6,0.0867
1999-03-19,718.6,742.0,710.4,735.1,6.1363
1999-03-22,762.6,777.4,747.8,759.6,3.3329
1999-03-23,757.9,770.1,744.7,759.1,-0.0658
1999-03-24,760.1,772.4,747.9,756.6,-0.3293
1999-03-25,757.2,767.1,742.7,750.7,-0.7798
1999-03-26,743.4,758.9,735.4,748.1,-0.3463
1999-03-29,749.4,765.4,740.1,757.2,1.2164
1999-03-30,753.1,762.5,736.4,742.7,-1.9149
1999-03-31,736.6,751.6,727.2,742.4,-0.0404
1999-04-01,760.2,777.5,748.5,764.5,2.9768
1999-04-02,788.3,806.7,776.6,795.8,4.0942
1999-04-05,823.4,841.7,811.1,828.4,4.0965
1999-04-06,838.1,853.4,823.5,839.9,1.3882
1999-04-07,857.4,874.2,841.1,857.9,2.1431
1999-04-08,873.6,888.1,856.0,871.5,1.5853
1999-04-09,895.0,914.9,878.2,894.6,2.6506
1999-04-12,918.8,935.2,893.3,907.9,1.4867
1999-04-13,902.5,918.8,881.5,894.2,-1.509
1999-04-14,880.2,899.9,867.7,885.4,-0.9841
1999-04-15,884.6,898.3,862.0,873.2,-1.3779
1999-04-16,865.7,883.1,849.8,862.5,-1.2254
1999-04-19,852.2,869.3,836.0,852.1,-1.2058
1999-04-20,840.2,862.4,829.8,850.3,-0.2112
1999-04-21,846.7,858.3,819.5,827.0,-2.7402
1999-04-22,828.6,846.8,802.5,833.0,0.7255
1999-04-23,831.3,852.2,818.5,835.6,0.3121
1999-04-26,834.2,846.9,806.9,815.7,-2.3815
1999-04-27,798.2,813.7,775.2,787.6,-3.4449
1999-04-28,777.8,803.8,761.2,773.4,-1.8029
1999-04-29,760.4,786.4,752.1,779.7,0.8146
1999-04-30,759.5,774.1,748.1,762.9,-2.1547
1999-05-04,740.5,752.3,726.1,736.4,-3.4736
1999-05-05,711.3,724.6,699.4,713.7,-3.0826
1999-05-06,701.5,716.8,693.0,707.7,-0.8407
1999-05-07,700.7,710.3,685.6,693.4,-2.0206
1999-05-10,685.1,694.7,655.0,665.6,-4.0092
1999-05-11,651.2,673.1,646.0,665.8,0.03
1999-05-12,650.4,661.3,638.8,650.6,-2.283
1999-05-13,630.6,638.1,616.9,623.9,-4.1039
1999-05-14,615.8,621.3,594.0,600.5,-3.7506
1999-05-17,582.7,599.3,572.4,588.2,-2.0483
1999-05-18,575.4,587.5,564.5,570.7,-2.9752
1999-05-19,585.1,618.1,580.0,614.0,7.5872
1999-05-20,670.7,696.7,661.4,689.1,12.2313
1999-05-21,770.3,795.1,754.8,778.6,12.988
1999-05-24,910.8,960.6,890.7,946.5,21.5643
1999-05-25,1090.9,1131.5,1050.5,1072.2001,13.2805
1999-05-26,1146.9,1200.7001,1127.5,1178.3,9.8955
1999-05-27,1330.2001,1388.1,1303.8,1355.7001,15.0556
1999-05-28,1461.1,1502.2001,1406.8,1453.4,7.2066
1999-05-31,1575.7001,1634.2001,1516.1,1573.4,8.2565
1999-06-01,1633.9,1693.9,1598.2001,1668.7001,6.057
1999-06-02,1764.0,1824.1,1696.9,1725.1,3.3799
1999-06-03,1730.6,1775.4,1677.4,1718.8,-0.3652
1999-06-04,1730.9,1796.5,1703.5,1754.6,2.0828
1999-06-07,1791.0,1864.8,1758.8,1838.9,4.8045
1999-06-08,1888.8,1941.1,1837.5,1885.5,2.5341
1999-06-09,1901.3,1955.6,1859.1,1918.9,1.7714
1999-06-10,2033.8,2085.6001,1966.5,2012.5,4.8778
1999-06-11,2038.1,2100.2,2001.3,2054.2,2.072
1999-06-14,2128.4001,2219.0,2099.8,2188.9001,6.5573
1999-06-15,2387.2,2467.4001,2206.3,2264.6001,3.4584
1999-06-16,2338.1001,2459.6001,2309.0,2441.5,7.8115
1999-06-17,2609.7,2702.8,2529.0,2648.5,8.4784
1999-06-18,2780.3,2857.6001,2679.4001,2766.4001,4.4516
1999-06-21,2843.9001,2958.6001,2795.8,2917.7,5.4692
1999-06-22,2961.7,3041.6001,2868.8,2993.4001,2.5945
1999-06-23,3078.7,3203.5,3021.1001,3146.6001,5.1179
1999-06-24,3277.7,3423.8,3209.3,3363.6001,6.8963
1999-06-25,3601.4001,3760.4001,3374.7,3439.2,2.2476
1999-06-28,3549.4001,3777.1001,3509.3,3736.8,8.6532
1999-06-29,3899.7,4005.9001,3740.6001,3900.3,4.3754
1999-06-30,4026.6001,4104.8999,3743.1001,3859.2,-1.0538
1999-07-01,3802.3,3848.9001,3477.9001,3542.6001,-8.2038
1999-07-02,3517.7,3705.0,3388.2,3618.6001,2.1453
1999-07-05,3550.1001,3638.8,3376.4001,3443.1001,-4.8499
1999-07-06,3278.8,3358.7,3110.6001,3174.7,-7.7953
1999-07-07,3056.4001,3202.7,3010.1001,3175.5,0.0252
1999-07-08,3085.9001,3165.3,3009.9001,3087.0,-2.787
1999-07-09,2985.0,3067.0,2916.9001,3001.7,-2.7632
1999-07-12,2956.5,3017.3,2824.1001,2892.0,-3.6546
1999-07-13,2768.8,2814.4001,2658.7,2717.6001,-6.0304
1999-07-14,2633.5,2734.6001,2600.2,2695.8,-0.8022
1999-07-15,2612.7,2662.5,2541.5,2587.8,-4.0062
1999-07-16,2503.5,2538.4001,2415.4001,2449.5,-5.3443
1999-07-19,2334.5,2385.5,2255.1001,2298.5,-6.1645
1999-07-20,2265.7,2442.4001,2237.8,2430.0,5.7211
1999-07-21,2525.8,2612.0,2463.5,2551.8,5.0123
1999-07-22,2516.8,2550.3,2394.5,2422.1001,-5.0827
1999-07-23,2367.9001,2475.5,2349.7,2415.2,-0.2849
1999-07-26,2371.1001,2432.8,2324.8,2383.7,-1.3042
1999-07-27,2327.7,2370.2,2268.7,2313.3,-2.9534
1999-07-28,2265.3,2325.6001,2230.6001,2276.0,-1.6124
1999-07-29,2225.8,2262.5,2169.9001,2205.7,-3.0888
1999-07-30,2149.4001,2189.6001,2106.9001,2148.3,-2.6023
1999-08-02,2123.7,2179.6001,2087.5,2137.4001,-0.5074
1999-08-03,2114.3,2156.1001,2072.5,2116.8,-0.9638
1999-08-04,2111.0,2168.5,2082.8,2131.9001,0.7133
1999-08-05,2138.4001,2184.5,2093.9001,2138.5,0.3096
1999-08-06,2162.0,2204.0,2076.1001,2153.0,0.678
1999-08-09,2134.0,2172.3,2077.1001,2109.1001,-2.039
1999-08-10,2063.6001,2097.9001,2009.2001,2040.8,-3.2384
1999-08-11,1971.7001,2007.7001,1929.8,1953.8,-4.263
1999-08-12,1893.3,1927.5,1857.3,1881.7001,-3.6902
1999-08-13,1809.8,1840.4,1778.3,1798.8,-4.4056
1999-08-16,1734.2001,1761.4,1691.1,1723.6,-4.1806
1999-08-17,1694.1,1747.4,1677.3,1705.1,-1.0733
1999-08-18,1650.1,1674.6,1611.0,1652.1,-3.1083
1999-08-19,1709.1,1786.8,1691.5,1763.6,6.749
1999-08-20,1777.8,1810.9,1738.6,1761.6,-0.1134
1999-08-23,1761.2001,1804.0,1731.5,1773.9,0.6982
1999-08-24,1791.1,1827.0,1757.7001,1787.1,0.7441
1999-08-25,1763.1,1786.0,1717.8,1739.8,-2.6467
1999-08-26,1691.6,1728.7001,1670.2001,1710.6,-1.6784
1999-08-27,1683.2001,1709.3,1653.8,1677.4,-1.9408
1999-08-30,1659.5,1685.0,1623.6,1644.1,-1.9852
1999-08-31,1609.9,1634.7001,1582.5,1613.2001,-1.8794
1999-09-01,1573.3,1587.4,1532.2001,1544.0,-4.2896
1999-09-02,1503.5,1538.8,1475.7001,1525.8,-1.1788
1999-09-03,1485.3,1501.2001,1449.5,1463.8,-4.0634
1999-09-06,1399.7001,1416.8,1373.3,1390.5,-5.0075
1999-09-07,1342.1,1369.4,1328.7001,1345.4,-3.2434
1999-09-08,1298.6,1324.7001,1286.6,1306.4,-2.8988
1999-09-09,1438.4,1517.6,1428.3,1507.9,15.4241
1999-09-10,1653.7001,1691.1,1606.3,1631.3,8.1836
1999-09-13,1658.7001,1696.7001,1633.0,1669.7001,2.354
1999-09-14,1687.7001,1718.3,1659.0,1682.9,0.7906
1999-09-15,1672.0,1694.4,1639.0,1658.9,-1.4261
1999-09-16,1630.5,1650.5,1599.2001,1613.8,-2.7187
1999-09-17,1576.9,1605.1,1557.0,1579.1,-2.1502
1999-09-20,1532.6,1549.2001,1503.4,1518.6,-3.8313
1999-09-21,1459.2001,1478.5,1436.8,1457.6,-4.0169
1999-09-22,1404.8,1424.8,1385.0,1398.5,-4.0546
1999-09-23,1363.8,1380.1,1337.3,1351.6,-3.3536
1999-09-24,1311.0,1337.5,1297.8,1315.0,-2.7079
1999-09-27,1290.5,1304.7001,1259.7001,1272.3,-3.2471
1999-09-28,1233.7001,1247.7001,1210.8,1224.0,-3.7963
1999-09-29,1191.9,1210.4,1175.0,1185.4,-3.1536
1999-09-30,1156.6,1170.4,1134.2001,1144.3,-3.4672
1999-10-08,1097.9,1107.7001,1068.1,1078.5,
1999-10-11,1034.6,1053.1,1016.6,1033.6,-4.1632
1999-10-12,994.3,1010.0,982.4,998.8,-3.3669
1999-10-13,963.2,970.1,933.7,941.7,-5.7169
1999-10-14,913.1,937.4,900.9,915.7,-2.761
1999-10-15,914.4,940.0,906.3,929.6,1.518
1999-10-18,916.6,924.0,881.5,888.7,-4.3997
1999-10-19,864.4,874.6,842.6,852.4,-4.0846
1999-10-20,831.6,850.9,821.1,839.5,-1.5134
1999-10-21,829.1,835.7,804.0,813.7,-3.0733
1999-10-22,826.9,867.9,820.7,851.1,4.5963
1999-10-25,834.9,841.2,810.2,818.6,-3.8186
1999-10-26,806.6,829.6,800.5,816.4,-0.2688
1999-10-27,873.6,897.6,862.6,887.4,8.6967
1999-10-28,898.9,907.2,873.0,884.5,-0.3268
1999-10-29,881.9,895.8,863.6,877.4,-0.8027
1999-11-01,856.7,868.8,841.3,851.9,-2.9063
1999-11-02,829.3,843.0,817.2,827.5,-2.8642
1999-11-03,807.7,816.5,792.2,800.6,-3.2508
1999-11-04,794.1,812.8,778.0,796.9,-0.4622
1999-11-05,783.7,799.3,774.5,783.9,-1.6313
1999-11-08,769.7,784.8,760.6,775.8,-1.0333
1999-11-09,763.2,772.8,750.2,756.9,-2.4362
1999-11-10,812.5,822.7,789.7,806.0,6.487
1999-11-11,791.0,803.8,779.0,788.6,-2.1588
1999-11-12,771.1,782.8,762.6,773.2,-1.9528
1999-11-15,762.1,772.6,747.5,761.5,-1.5132
1999-11-16,780.7,791.1,754.1,763.2,0.2232
1999-11-17,762.1,784.6,754.0,779.7,2.1619
1999-11-18,834.1,859.8,819.9,844.0,8.2468
1999-11-19,847.0,858.3,829.9,838.4,-0.6635
1999-11-22,829.1,840.7,815.5,827.6,-1.2882
1999-11-23,809.4,821.8,799.4,811.1,-1.9937
1999-11-24,788.8,796.1,775.2,783.0,-3.4644
1999-11-25,765.8,773.7,753.5,763.5,-2.4904
1999-11-26,747.9,759.5,740.2,749.6,-1.8206
1999-11-29,740.0,750.1,727.5,734.8,-1.9744
1999-11-30,718.5,728.3,710.1,719.1,-2.1366
1999-12-01,709.8,725.2,703.4,717.3,-0.2503
1999-12-02,717.5,725.8,703.9,711.0,-0.8783
1999-12-03,703.1,714.2,694.4,705.1,-0.8298
1999-12-06,700.4,708.9,688.1,696.7,-1.1913
1999-12-07,689.3,701.8,680.8,690.1,-0.9473
1999-12-08,685.9,695.7,675.4,684.1,-0.8694
1999-12-09,678.8,687.6,667.9,677.0,-1.0379
1999-12-10,681.3,696.5,673.2,689.3,1.8168
1999-12-13,699.4,710.0,684.8,692.9,0.5223
1999-12-14,690.5,703.5,682.1,696.1,0.4618
1999-12-15,751.5,778.9,742.6,764.9,9.8836
1999-12-16,777.3,787.8,761.2,771.9,0.9152
1999-12-17,774.7,785.3,757.0,765.4,-0.8421
1999-12-21,756.8,765.8,738.0,749.8,-2.0381
1999-12-22,748.5,763.5,736.3,748.1,-0.2267
1999-12-23,748.0,756.0,729.0,737.9,-1.3635
1999-12-24,726.1,738.1,711.0,719.6,-2.48
1999-12-27,728.3,744.8,714.4,727.9,1.1534
1999-12-28,725.6,742.5,714.7,725.5,-0.3297
1999-12-29,724.4,739.0,711.4,726.9,0.193
1999-12-30,714.6,727.5,705.7,717.8,-1.2519
2000-01-04,747.8,781.0,738.2,773.7,7.7877
2000-01-05,842.6,872.5,827.8,846.6,9.4223
2000-01-06,927.5,978.7,916.8,971.7,14.7768
2000-01-07,1210.8,1262.7001,1193.2001,1241.8,27.7966
2000-01-10,1451.1,1497.7001,1415.0,1470.7001,18.4329
2000-01-11,1587.3,1613.2001,1496.9,1524.6,3.6649
2000-01-12,1568.1,1609.4,1503.8,1526.4,0.1181
2000-01-13,1506.1,1537.3,1466.0,1492.1,-2.2471
2000-01-14,1463.6,1493.7001,1426.3,1448.0,-2.9556
2000-01-17,1421.9,1470.3,1400.4,1457.3,0.6423
2000-01-18,1454.6,1482.8,1415.4,1439.3,-1.2352
2000-01-19,1427.3,1472.7001,1410.2001,1448.9,0.667
2000-01-20,1487.9,1543.7001,1469.7001,1525.2001,5.2661
2000-01-21,1620.8,1681.6,1586.8,1631.2001,6.9499
2000-01-24,1727.8,1797.5,1688.1,1764.8,8.1903
2000-01-25,1831.8,1879.4,1764.7001,1805.7001,2.3175
2000-01-26,1808.4,1855.1,1768.3,1816.6,0.6036
2000-01-27,1918.7001,1994.2001,1879.0,1956.1,7.6792
2000-01-28,2097.8,2181.0,2048.7,2129.7,8.8748
2000-02-14,2362.7,2486.8,2326.6001,2480.9001,
2000-02-15,2858.0,2965.3,2728.9001,2804.5,13.0436
2000-02-16,3059.5,3188.2,2951.6001,3119.0,11.2141
2000-02-17,3564.9001,3703.0,3223.5,3311.2,6.1622
2000-02-18,3331.3,3523.4001,3178.1001,3466.0,4.675
2000-02-21,3604.4001,3726.3,3425.7,3556.7,2.6168
2000-02-22,3593.2,3712.5,3392.5,3456.7,-2.8116
2000-02-23,3369.1001,3464.6001,3242.8,3304.7,-4.3973
2000-02-24,3227.9001,3384.2,3189.2,3347.0,1.28
2000-02-25,3323.8,3412.2,3224.2,3314.9001,-0.9591
2000-02-28,3371.1001,3567.1001,3310.4001,3525.1001,6.3411
2000-02-29,3664.4001,3756.9001,3474.3,3602.3,2.19
2000-03-01,3620.6001,3723.1001,3492.2,3576.0,-0.7301
2000-03-02,3540.7,3680.1001,3462.3,3583.5,0.2097
2000-03-03,3651.6001,3768.4001,3559.3,3654.8,1.9897
2000-03-06,3716.3,3793.8,3486.0,3520.7,-3.6691
2000-03-07,3397.3,3525.2,3331.6001,3475.4001,-1.2867
2000-03-08,3424.8,3541.8,3350.0,3481.9001,0.187
2000-03-09,3479.9001,3567.4001,3380.8,3464.0,-0.5141
2000-03-10,3407.2,3488.9001,3301.2,3356.0,-3.1178
2000-03-13,3277.2,3379.0,3224.9001,3324.0,-0.9535
2000-03-14,3234.7,3325.1001,3103.3,3249.4001,-2.2443
2000-03-15,3194.9001,3289.7,3129.7,3194.6001,-1.6865
2000-03-16,3119.6001,3149.3,2944.9001,2988.1001,-6.464
2000-03-17,2923.8,3081.6001,2906.4001,3047.6001,1.9912
2000-03-20,3005.9001,3168.6001,2957.4001,3129.0,2.671
2000-03-21,3141.6001,3220.6001,3061.3,3143.6001,0.4666
2000-03-22,3136.6001,3240.4001,3072.2,3156.7,0.4167
2000-03-23,3171.8,3264.4001,3112.3,3222.8,2.094
2000-03-24,3311.1001,3399.0,3207.0,3251.7,0.8967
2000-03-27,3295.8,3437.2,3247.8,3382.2,4.0133
2000-03-28,3469.9001,3555.7,3366.6001,3454.1001,2.1258
2000-03-29,3463.6001,3537.0,3347.2,3438.6001,-0.4487
2000-03-30,3424.3,3519.6001,3363.7,3460.5,0.6369
2000-03-31,3444.5,3516.1001,3349.5,3420.3,-1.1617
2000-04-03,3420.0,3511.9001,3348.8,3405.5,-0.4327
2000-04-04,3328.7,3372.8,3215.7,3265.0,-4.1257
2000-04-05,3168.5,3260.5,3119.2,3201.5,-1.9449
2000-04-06,3173.7,3267.8,3138.3,3231.7,0.9433
2000-04-07,3236.4001,3305.7,3169.3,3236.8,0.1578
2000-04-10,3238.2,3313.2,3175.8,3245.2,0.2595
2000-04-11,3224.0,3295.4001,3139.5,3207.8,-1.1525
2000-04-12,3146.7,3202.5,3059.4001,3121.8,-2.681
2000-04-13,3100.1001,3184.8,3058.3,3131.0,0.2947
2000-04-14,3136.3,3195.5,3066.1001,3124.7,-0.2012
2000-04-17,3128.6001,3175.6001,3008.5,3072.7,-1.6642
2000-04-18,3016.3,3096.9001,2962.2,3047.5,-0.8201
2000-04-19,3003.5,3076.2,2959.0,3020.8,-0.8761
2000-04-20,3014.8,3097.3,2969.3,3038.9001,0.5992
2000-04-21,3036.8,3101.7,2967.1001,3012.1001,-0.8819
2000-04-24,2992.6001,3055.7,2921.1001,2975.2,-1.2251
2000-04-25,2903.4001,2959.5,2841.0,2897.4001,-2.6149
2000-04-26,2829.5,2888.4001,2784.3,2822.3,-2.592
2000-04-27,2789.7,2834.6001,2710.9001,2743.2,-2.8027
2000-04-28,2717.9001,2798.3,2679.2,2769.4001,0.9551
2000-05-08,2738.4001,2797.3,2674.4001,2735.5,
2000-05-09,2670.9001,2710.7,2591.9001,2630.4001,-3.8421
2000-05-10,2551.3,2577.9001,2456.0,2480.9001,-5.6835
2000-05-11,2403.4001,2453.4001,2338.4001,2368.5,-4.5306
2000-05-12,2300.3,2351.2,2260.3,2294.9001,-3.1074
2000-05-15,2222.9001,2256.2,2157.0,2198.6001,-4.1963
2000-05-16,2121.0,2173.6001,2099.5,2144.5,-2.4607
2000-05-17,2071.6001,2109.6001,2037.7001,2065.3,-3.6932
2000-05-18,2036.9,2098.2,2011.8,2082.7,0.8425
2000-05-19,2094.3,2144.1001,2062.7,2118.3,1.7093
2000-05-22,2196.3,2276.0,2167.2,2241.9001,5.8349
2000-05-23,2273.8,2318.2,2214.8,2268.0,1.1642
2000-05-24,2339.3,2413.4001,2302.5,2361.8,4.1358
2000-05-25,2457.4001,2521.6001,2417.2,2479.1001,4.9666
2000-05-26,2569.2,2626.8,2505.5,2560.5,3.2834
2000-05-29,2656.3,2730.4001,2610.5,2676.7,4.5382
2000-05-30,2732.0,2788.9001,2653.7,2697.3,0.7696
2000-05-31,2712.1001,2789.5,2663.2,2738.1001,1.5126
2000-06-01,2746.3,2810.1001,2697.2,2752.1001,0.5113
2000-06-02,2795.9001,2860.5,2739.4001,2806.4001,1.973
2000-06-05,2902.1001,2973.1001,2804.2,2853.9001,1.6926
2000-06-06,2876.6001,2957.0,2830.4001,2922.8,2.4142
2000-06-07,2942.0,2998.5,2884.4001,2939.0,0.5543
2000-06-08,2954.0,3008.2,2884.2,2941.1001,0.0715
2000-06-09,2913.4001,2963.8,2840.6001,2874.9001,-2.2509
2000-06-12,2813.3,2881.5,2758.3,2841.7,-1.1548
2000-06-13,2815.4001,2881.5,2775.0,2845.4001,0.1302
2000-06-14,2854.2,2905.9001,2797.1001,2838.2,-0.253
2000-06-15,2820.3,2875.2,2774.7,2831.8,-0.2255
2000-06-16,2833.2,2883.5,2768.9001,2806.6001,-0.8899
2000-06-19,2763.7,2816.1001,2711.5,2755.5,-1.8207
2000-06-20,2688.9001,2733.0,2631.1001,2670.5,-3.0847
2000-06-21,2600.6001,2663.2,2571.5,2632.5,-1.423
2000-06-22,2595.0,2640.5,2553.9001,2594.6001,-1.4397
2000-06-23,2596.5,2661.8,2563.9001,2628.5,1.3066
2000-06-26,2663.2,2723.4001,2624.4001,2676.1001,1.8109
2000-06-27,2676.3,2724.7,2625.8,2671.0,-0.1906
2000-06-28,2674.1001,2728.6001,2634.0,2676.1001,0.1909
2000-06-29,2685.3,2726.6001,2624.1001,2671.1001,-0.1868
2000-06-30,2682.1001,2729.6001,2627.5,2663.5,-0.2845
2000-07-03,2638.6001,2680.3,2568.1001,2610.5,-1.9899
2000-07-04,2527.0,2580.4001,2496.0,2557.3,-2.0379
2000-07-05,2492.6001,2536.2,2458.8,2490.4001,-2.616
2000-07-06,2441.4001,2477.2,2400.1001,2433.7,-2.2767
2000-07-07,2400.2,2465.5,2380.5,2438.3,0.189
2000-07-10,2468.5,2526.5,2429.5,2489.4001,2.0957
2000-07-11,2512.5,2566.5,2465.1001,2518.4001,1.1649
2000-07-12,2541.5,2597.2,2503.4001,2553.7,1.4017
2000-07-13,2647.0,2710.6001,2588.9001,2639.5,3.3598
2000-07-14,2668.6001,2727.6001,2620.3,2679.4001,1.5117
2000-07-17,2695.8,2743.1001,2642.6001,2675.6001,-0.1418
2000-07-18,2638.4001,2691.8,2605.2,2656.0,-0.7325
2000-07-19,2638.4001,2677.6001,2596.3,2632.7,-0.8773
2000-07-20,2615.6001,2654.1001,2567.1001,2607.8,-0.9458
2000-07-21,2573.0,2620.0,2541.0,2578.3,-1.1312
2000-07-24,2563.3,2598.7,2514.5,2552.6001,-0.9968
2000-07-25,2517.6001,2563.4001,2485.0,2528.1001,-0.9598
2000-07-26,2513.2,2562.1001,2484.8,2528.9001,0.0316
2000-07-27,2565.5,2609.1001,2521.0,2554.4001,1.0083
2000-07-28,2561.3,2604.2,2522.6001,2562.5,0.3171
2000-07-31,2595.3,2642.4001,2553.3,2605.4001,1.6742
2000-08-01,2578.1001,2620.4001,2544.4001,2579.4001,-0.9979
2000-08-02,2552.6001,2590.2,2513.8,2555.0,-0.946
2000-08-03,2572.9001,2621.3,2539.0,2578.7,0.9276
2000-08-04,2601.0,2639.7,2545.5,2580.3,0.062
2000-08-07,2586.8,2639.0,2548.7,2609.9001,1.1472
2000-08-08,2615.3,2664.8,2582.5,2628.1001,0.6973
2000-08-09,2659.1001,2707.0,2621.4001,2665.9001,1.4383
2000-08-10,2718.3,2760.4001,2671.6001,2712.8,1.7593
2000-08-11,2722.6001,2765.3,2679.1001,2716.0,0.118
2000-08-14,2708.8,2758.4001,2678.1001,2724.2,0.3019
2000-08-15,2694.5,2735.3,2655.7,2693.0,-1.1453
2000-08-16,2676.4001,2717.3,2640.1001,2679.2,-0.5124
2000-08-17,2665.1001,2707.3,2632.0,2666.4001,-0.4778
2000-08-18,2649.6001,2689.0,2615.8,2651.1001,-0.5738
2000-08-21,2695.9001,2748.3,2661.0,2713.5,2.3537
2000-08-22,2733.6001,2772.0,2661.3,2677.9001,-1.312
2000-08-23,2777.6001,2834.7,2645.2,2781.9001,3.8836
2000-08-24,2801.6001,2859.0,2757.0,2821.4001,1.4199
2000-08-25,2793.8,2841.6001,2760.5,2813.9001,-0.2658
2000-08-28,2810.3,2861.3,2776.9001,2830.7,0.597
2000-08-29,2810.8,2853.6001,2769.4001,2812.2,-0.6535
2000-08-30,2797.5,2828.2,2732.3,2757.2,-1.9558
2000-08-31,2736.8,2766.8,2660.8,2679.9001,-2.8036
2000-09-01,2628.4001,2680.0,2593.3,2620.5,-2.2165
2000-09-04,2568.0,2622.1001,2531.2,2599.5,-0.8014
2000-09-05,2547.3,2580.7,2463.1001,2486.2,-4.3585
2000-09-06,2434.8,2476.4001,2375.3,2402.1001,-3.3827
2000-09-07,2339.7,2405.7,2324.6001,2367.7,-1.4321
2000-09-08,2307.1001,2342.0,2272.5,2309.5,-2.4581
2000-09-11,2253.2,2292.8,2219.1001,2264.5,-1.9485
2000-09-12,2207.9001,2244.8,2176.1001,2218.9001,-2.0137
2000-09-13,2189.7,2228.7,2160.9001,2198.1001,-0.9374
2000-09-14,2147.3,2174.6001,2111.3,2137.6001,-2.7524
2000-09-15,2079.5,2109.1001,2050.8,2083.8,-2.5168
2000-09-18,2035.0,2057.8,1985.1,2000.4,-4.0023
2000-09-19,1967.3,1985.7001,1909.2001,1934.0,-3.3193
2000-09-20,1898.8,1942.7001,1872.7001,1919.5,-0.7497
2000-09-21,1876.2001,1900.0,1839.3,1856.2001,-3.2977
2000-09-22,1806.9,1829.7001,1774.0,1793.6,-3.3725
2000-09-25,1729.4,1754.0,1698.2001,1715.1,-4.3767
2000-09-26,1679.5,1710.1,1658.0,1686.2001,-1.685
2000-09-27,1633.8,1665.5,1616.7001,1653.5,-1.9393
2000-09-28,1612.2001,1628.0,1575.2001,1589.7001,-3.8585
2000-09-29,1558.1,1594.3,1548.1,1578.5,-0.7045
2000-10-09,1556.6,1582.5,1527.5,1564.2001,
2000-10-10,1563.5,1597.3,1546.1,1583.4,1.2275
2000-10-11,1587.3,1609.6,1559.5,1580.0,-0.2147
2000-10-12,1588.4,1616.2001,1561.1,1589.1,0.5759
2000-10-13,1593.1,1620.6,1564.3,1582.7001,-0.4027
2000-10-16,1567.1,1590.9,1535.9,1557.5,-1.5922
2000-10-17,1521.4,1547.0,1500.6,1526.4,-1.9968
2000-10-18,1533.4,1562.4,1514.1,1542.5,1.0548
2000-10-19,1523.9,1541.7001,1496.1,1510.8,-2.0551
2000-10-20,1559.0,1600.1,1537.9,1580.7001,4.6267
2000-10-23,1627.1,1659.6,1604.2001,1638.2001,3.6376
2000-10-24,1639.6,1662.9,1613.4,1640.4,0.1343
2000-10-25,1693.9,1729.7001,1672.7001,1703.9,3.871
2000-10-26,1707.4,1728.9,1679.4,1697.2001,-0.3932
2000-10-27,1692.2001,1718.6,1671.5,1698.0,0.0471
2000-10-30,1719.3,1749.8,1693.9,1724.2001,1.543
2000-10-31,1723.8,1748.3,1691.0,1708.4,-0.9164
2000-11-01,1700.0,1735.0,1683.5,1718.9,0.6146
2000-11-02,1734.1,1764.1,1714.5,1735.3,0.9541
2000-11-03,1727.2001,1750.2001,1702.5,1722.2001,-0.7549
2000-11-06,1735.3,1767.2001,1714.5,1742.5,1.1787
2000-11-07,1730.6,1755.0,1709.2001,1733.3,-0.528
2000-11-08,1735.6,1763.5,1716.4,1745.0,0.675
2000-11-09,1814.6,1849.2001,1793.7001,1830.3,4.8883
2000-11-10,1946.6,1983.5,1919.6,1952.6,6.682
2000-11-13,2060.7,2106.6001,2037.0,2079.6001,6.5042
2000-11-14,2150.5,2189.8,2115.9001,2165.2,4.1162
2000-11-15,2229.1001,2266.8,2194.7,2225.6001,2.7896
2000-11-16,2283.4001,2329.7,2259.6001,2299.9001,3.3384
2000-11-17,2330.8,2365.5,2293.2,2323.3,1.0174
2000-11-20,2364.4001,2409.1001,2328.7,2381.1001,2.4878
2000-11-21,2390.0,2430.4001,2357.0,2381.0,-0.0042
2000-11-22,2390.2,2437.7,2366.2,2414.9001,1.4238
2000-11-23,2460.0,2500.3,2425.2,2459.1001,1.8303
2000-11-24,2529.0,2559.1001,2416.4001,2442.7,-0.6669
2000-11-27,2417.0,2472.0,2384.0,2434.3,-0.3439
2000-11-28,2397.9001,2449.2,2382.5,2427.7,-0.2711
2000-11-29,2408.4001,2433.1001,2359.3,2390.5,-1.5323
2000-11-30,2344.0,2377.0,2313.7,2345.9001,-1.8657
2000-12-01,2306.7,2346.1001,2284.1001,2318.4001,-1.1723
2000-12-04,2294.7,2332.4001,2268.0,2307.3,-0.4788
2000-12-05,2274.7,2301.4001,2240.7,2266.3,-1.777
2000-12-06,2266.0,2293.3,2219.0,2240.9001,-1.1208
2000-12-07,2212.0,2243.8,2178.2,2211.3,-1.3209
2000-12-08,2190.0,2226.3,2163.7,2190.2,-0.9542
2000-12-11,2162.3,2187.2,2111.3,2134.6001,-2.5386
2000-12-12,2104.8,2150.1001,2081.7,2127.2,-0.3467
2000-12-13,2086.9001,2115.2,2060.3,2087.1001,-1.8851
2000-12-14,2032.3,2056.7,2005.3,2025.3,-2.9611
2000-12-15,1989.7001,2011.9,1955.0,1976.9,-2.3898
2000-12-18,1962.4,1991.2001,1926.3,1966.4,-0.5311
2000-12-19,1965.5,1996.2001,1940.6,1964.1,-0.117
2000-12-20,1965.5,2004.1,1945.4,1984.8,1.0539
2000-12-21,2004.4,2037.4,1979.7001,2002.7001,0.9019
2000-12-22,2024.4,2051.1001,1991.2001,2016.3,0.6791
2000-12-25,2034.8,2064.4001,2002.8,2030.1,0.6844
2000-12-26,2035.0,2067.8,2009.2001,2042.5,0.6108
2000-12-27,2041.8,2063.7,2000.9,2020.3,-1.0869
2000-12-28,2012.6,2041.8,1985.0,2011.4,-0.4405
2000-12-29,2009.9,2050.2,1992.8,2029.7001,0.9098
2001-01-02,2055.3,2100.5,2032.6,2082.3,2.5915
2001-01-03,2167.0,2210.7,2141.9001,2184.2,4.8936
2001-01-04,2218.6001,2247.0,2184.7,2211.7,1.259
2001-01-05,2247.8,2286.9001,2221.4001,2259.5,2.1612
2001-01-08,2320.5,2345.6001,2257.3,2288.2,1.2702
2001-01-09,2270.4001,2303.3,2233.6001,2269.2,-0.8303
2001-01-10,2278.9001,2330.2,2260.1001,2308.1001,1.7143
2001-01-11,2344.1001,2373.3,2306.0,2329.7,0.9358
2001-01-12,2323.7,2350.3,2281.9001,2309.4001,-0.8714
2001-01-15,2314.1001,2326.9001,2225.4001,2242.3,-2.9055
2001-01-16,2196.7,2251.2,2163.7,2228.1001,-0.6333
2001-01-17,2163.2,2186.1001,2129.9001,2149.5,-3.5277
2001-01-18,2110.5,2144.3,2093.0,2117.0,-1.512
2001-01-19,2086.5,2124.5,2075.0,2106.7,-0.4865
2001-02-05,2061.9001,2076.6001,1982.4,1998.0,
2001-02-06,1948.1,1968.3,1894.5,1945.8,-2.6126
2001-02-07,1870.2001,1887.0,1837.6,1853.9,-4.723
2001-02-08,1818.9,1839.0,1759.4,1772.7001,-4.38
2001-02-09,1749.2001,1791.7001,1736.6,1770.8,-0.1072
2001-02-12,1732.9,1751.3,1699.0,1734.7001,-2.0386
2001-02-13,1681.7001,1703.8,1665.3,1682.1,-3.0322
2001-02-14,1616.2001,1632.5,1599.6,1618.1,-3.8048
2001-02-15,1557.4,1570.4,1531.7001,1541.6,-4.7278
2001-02-16,1505.6,1521.7001,1475.4,1509.9,-2.0563
2001-02-19,1472.9,1499.4,1456.7001,1489.1,-1.3776
2001-02-20,1476.5,1496.8,1453.3,1466.0,-1.5513
2001-02-21,1469.5,1478.2001,1424.6,1441.1,-1.6985
2001-02-22,1407.4,1435.5,1391.3,1412.5,-1.9846
2001-02-23,1391.0,1419.2001,1377.4,1411.4,-0.0779
2001-02-26,1412.0,1434.8,1397.0,1424.6,0.9352
2001-02-27,1417.0,1434.7001,1399.1,1422.5,-0.1474
2001-02-28,1409.4,1423.0,1387.5,1404.7001,-1.2513
2001-03-01,1414.8,1434.0,1400.0,1419.4,1.0465
2001-03-02,1434.7001,1457.0,1425.6,1443.8,1.719
2001-03-05,1441.9,1456.0,1423.5,1438.0,-0.4017
2001-03-06,1439.1,1455.9,1422.2001,1443.4,0.3755
2001-03-07,1442.2001,1459.2001,1428.8,1443.5,0.0069
2001-03-08,1449.7001,1469.7001,1437.0,1456.4,0.8937
2001-03-09,1504.3,1526.6,1487.4,1508.0,3.543
2001-03-12,1518.3,1537.8,1499.6,1521.2001,0.8753
2001-03-13,1511.6,1525.5,1487.6,1502.5,-1.2293
2001-03-14,1494.4,1521.4,1485.1,1512.0,0.6323
2001-03-15,1537.6,1558.1,1523.4,1541.2001,1.9312
2001-03-16,1560.9,1578.7001,1542.0,1560.1,1.2263
2001-03-19,1593.9,1618.7001,1577.4,1604.7001,2.8588
2001-03-20,1625.3,1648.4,1609.6,1632.0,1.7012
2001-03-21,1672.4,1697.3,1657.1,1682.8,3.1127
2001-03-22,1767.5,1795.8,1750.9,1776.4,5.5622
2001-03-23,1850.1,1867.8,1808.5,1819.2001,2.4094
2001-03-26,1842.0,1887.3,1833.3,1876.5,3.1497
2001-03-27,1933.2001,1961.7001,1913.0,1942.3,3.5065
2001-03-28,1983.6,2005.4,1958.0,1984.0,2.1469
2001-03-29,2015.3,2039.6,1992.3,2011.8,1.4012
2001-03-30,2022.7001,2050.8,2004.7001,2035.3,1.1681
2001-04-02,2076.2,2105.8,2057.0,2082.9001,2.3387
2001-04-03,2083.7,2103.0,2053.3,2078.4001,-0.216
2001-04-04,2100.5,2120.3,2049.9001,2065.8,-0.6062
2001-04-05,2043.5,2083.3,2030.3,2075.4001,0.4647
2001-04-06,2059.3,2080.6001,2035.1,2052.6001,-1.0986
2001-04-09,2044.0,2071.9001,2021.6,2055.1001,0.1218
2001-04-10,2040.8,2068.5,2023.5,2048.9001,-0.3017
2001-04-11,2037.8,2058.5,2014.4,2037.8,-0.5418
2001-04-12,2101.0,2133.0,2075.3,2102.7,3.1848
2001-04-13,2117.6001,2146.1001,2098.6001,2128.4001,1.2222
2001-04-16,2230.7,2271.8,2210.0,2250.2,5.7226
2001-04-17,2333.7,2365.7,2301.1001,2335.7,3.7997
2001-04-18,2384.4001,2413.1001,2347.4001,2374.6001,1.6655
2001-04-19,2405.4001,2439.1001,2366.0,2410.7,1.5203
2001-04-20,2475.8,2514.4001,2427.5,2445.6001,1.4477
2001-04-23,2459.9001,2497.3,2423.2,2462.0,0.6706
2001-04-24,2431.9001,2473.1001,2411.8,2445.0,-0.6905
2001-04-25,2452.0,2474.1001,2379.7,2398.3,-1.91
2001-04-26,2360.6001,2395.4001,2329.5,2351.4001,-1.9555
2001-04-27,2296.1001,2335.1001,2281.7,2309.3,-1.7904
2001-04-30,2254.2,2285.8,2231.4001,2258.2,-2.2128
2001-05-08,2185.1001,2221.8,2167.0,2202.7,
2001-05-09,2155.4001,2181.9001,2125.8,2150.0,-2.3925
2001-05-10,2114.0,2147.1001,2095.7,2125.5,-1.1395
2001-05-11,2095.3,2121.5,2072.9001,2100.8,-1.1621
2001-05-14,2131.2,2167.3,2110.0,2148.3,2.261
2001-05-15,2185.4001,2217.9001,2158.0,2190.5,1.9643
2001-05-16,2222.3,2252.0,2193.8,2224.1001,1.5339
2001-05-17,2250.7,2276.9001,2218.6001,2243.2,0.8588
2001-05-18,2294.7,2336.3,2267.9001,2312.2,3.076
2001-05-21,2377.9001,2414.7,2347.1001,2382.5,3.0404
2001-05-22,2377.2,2405.5,2345.6001,2373.3,-0.3861
2001-05-23,2380.3,2406.3,2333.0,2369.6001,-0.1559
2001-05-24,2372.7,2407.0,2344.6001,2372.5,0.1224
2001-05-25,2354.4001,2381.5,2317.8,2346.4001,-1.1001
2001-05-28,2345.7,2373.8,2302.2,2330.9001,-0.6606
2001-05-29,2289.1001,2324.9001,2265.2,2293.5,-1.6045
2001-05-30,2271.9001,2314.4001,2254.8,2298.3,0.2093
2001-05-31,2305.3,2334.9001,2275.3,2303.0,0.2045
2001-06-01,2318.4001,2352.3,2290.2,2321.1001,0.7859
2001-06-04,2357.1001,2393.8,2328.5,2362.1001,1.7664
2001-06-05,2379.7,2412.4001,2353.7,2383.9001,0.9229
2001-06-06,2414.3,2445.3,2380.9001,2416.0,1.3465
2001-06-07,2413.2,2438.9001,2378.9001,2401.7,-0.5919
2001-06-08,2396.4001,2422.3,2360.2,2390.4001,-0.4705
2001-06-11,2372.2,2403.3,2341.5,2369.1001,-0.8911
2001-06-12,2357.2,2396.6001,2337.1001,2372.4001,0.1393
2001-06-13,2390.6001,2430.2,2368.2,2407.6001,1.4837
2001-06-14,2447.7,2471.0,2385.7,2399.8,-0.324
2001-06-15,2397.8,2443.3,2373.5,2418.7,0.7876
2001-06-18,2442.8,2463.8,2367.9001,2392.3,-1.0915
2001-06-19,2334.8,2372.0,2309.3,2344.6001,-1.9939
2001-06-20,2280.4001,2308.3,2251.4001,2270.3,-3.169
2001-06-21,2206.6001,2246.0,2194.1001,2232.2,-1.6782
2001-06-22,2198.4001,2230.6001,2179.6001,2211.3,-0.9363
2001-06-25,2229.8,2267.5,2210.0,2247.1001,1.619
2001-06-26,2271.8,2299.2,2244.8,2273.8,1.1882
2001-06-27,2261.3,2285.5,2233.3,2257.8,-0.7037
2001-06-28,2248.4001,2274.3,2217.9001,2236.7,-0.9345
2001-06-29,2196.0,2221.0,2174.2,2192.2,-1.9895
2001-07-02,2151.2,2170.9001,2120.1001,2136.5,-2.5408
2001-07-03,2076.4001,2098.7,2050.7,2080.4001,-2.6258
2001-07-04,2014.6,2032.9,1991.1,2005.8,-3.5859
2001-07-05,1966.8,1981.5,1932.5,1946.9,-2.9365
2001-07-06,1901.3,1920.5,1878.7001,1891.8,-2.8301
2001-07-09,1841.0,1865.8,1822.6,1847.1,-2.3628
2001-07-10,1807.6,1834.6,1796.9,1822.3,-1.3426
2001-07-11,1784.8,1797.1,1754.6,1766.4,-3.0676
2001-07-12,1727.0,1745.2001,1707.8,1729.2001,-2.106
2001-07-13,1695.9,1716.3,1677.2001,1688.4,-2.3595
2001-07-16,1715.6,1735.6,1675.1,1690.6,0.1303
2001-07-17,1667.7001,1684.4,1635.6,1664.0,-1.5734
2001-07-18,1619.8,1637.5,1601.1,1620.1,-2.6382
2001-07-19,1573.1,1591.1,1555.4,1577.9,-2.6048
2001-07-20,1609.0,1643.7001,1596.3,1629.1,3.2448
2001-07-23,1649.8,1667.4,1625.5,1643.2001,0.8655
2001-07-24,1643.9,1655.9,1610.4,1627.6,-0.9494
2001-07-25,1603.3,1620.8,1577.4,1590.8,-2.261
2001-07-26,1572.8,1589.1,1543.6,1559.0,-1.999
2001-07-27,1544.2001,1561.5,1507.4,1519.8,-2.5144
2001-07-30,1536.9,1544.6,1451.2001,1463.7001,-3.6913
2001-07-31,1452.0,1498.6,1421.7001,1445.1,-1.2708
2001-08-01,1451.6,1506.5,1444.3,1497.9,3.6537
2001-08-02,1486.1,1495.4,1421.7001,1464.6,-2.2231
2001-08-03,1421.7001,1442.7001,1403.7001,1425.2001,-2.6901
2001-08-06,1420.7001,1427.9,1354.8,1374.3,-3.5714
2001-08-07,1362.5,1402.1,1341.8,1386.5,0.8877
2001-08-08,1370.3,1387.5,1346.8,1365.1,-1.5435
2001-08-09,1343.4,1374.7001,1335.2001,1366.1,0.0733
2001-08-10,1378.0,1405.6,1367.5,1391.6,1.8666
2001-08-13,1374.9,1391.0,1357.4,1375.5,-1.1569
2001-08-14,1358.2001,1372.0,1329.4,1347.0,-2.072
2001-08-15,1308.8,1325.9,1296.6,1315.4,-2.346
2001-08-16,1285.7001,1295.3,1260.3,1267.1,-3.6719
2001-08-17,1228.2001,1244.4,1214.9,1232.8,-2.707
2001-08-20,1203.4,1221.0,1192.0,1211.5,-1.7278
2001-08-21,1187.8,1203.4,1178.0,1189.6,-1.8077
2001-08-22,1188.6,1195.0,1158.3,1173.3,-1.3702
2001-08-23,1159.9,1178.9,1141.6,1169.0,-0.3665
2001-08-24,1157.2001,1171.4,1136.7001,1144.9,-2.0616
2001-08-27,1160.2001,1168.9,1121.0,1131.1,-1.2053
2001-08-28,1123.1,1151.3,1104.4,1144.1,1.1493
2001-08-29,1141.4,1159.6,1126.0,1139.4,-0.4108
2001-08-30,1102.2001,1114.3,1086.9,1098.1,-3.6247
2001-08-31,1059.7001,1072.1,1047.9,1056.4,-3.7975
2001-09-03,1034.7001,1045.3,1015.6,1025.8,-2.8966
2001-09-04,1032.4,1065.4,1026.8,1060.0,3.334
2001-09-05,1078.3,1096.0,1066.0,1076.8,1.5849
2001-09-06,1061.9,1074.4,1047.5,1058.9,-1.6623
2001-09-07,1063.2001,1070.7001,1027.2001,1032.6,-2.4837
2001-09-10,1035.6,1089.6,1021.1,1079.4,4.5322
2001-09-11,1080.3,1096.8,1066.3,1081.9,0.2316
2001-09-12,1092.9,1125.4,1072.9,1111.7001,2.7544
2001-09-13,1090.0,1105.3,1076.5,1084.4,-2.4557
2001-09-14,1072.6,1086.1,1050.4,1059.1,-2.3331
2001-09-17,1052.8,1065.2001,1030.2001,1040.5,-1.7562
2001-09-18,1018.8,1045.4,1009.5,1028.2001,-1.1821
2001-09-19,1016.6,1035.2001,999.8,1028.2001,0.0
2001-09-20,1028.3,1042.3,1012.3,1022.9,-0.5155
2001-09-21,995.6,1006.5,982.8,991.7,-3.0502
2001-09-24,961.5,973.1,948.7,957.2,-3.4789
2001-09-25,936.5,948.5,921.9,929.8,-2.8625
2001-09-26,920.2,927.9,900.4,907.0,-2.4521
2001-09-27,892.7,908.6,879.2,894.1,-1.4223
2001-09-28,882.0,893.3,865.8,878.3,-1.7671
2001-10-08,858.1,867.4,831.1,840.0,
2001-10-09,818.1,840.2,811.6,831.2,-1.0476
2001-10-10,833.9,839.2,797.9,806.6,-2.9596
2001-10-11,818.0,831.5,789.0,800.4,-0.7687
2001-10-12,846.6,885.6,818.3,872.1,8.958
2001-10-15,875.1,888.8,855.8,873.4,0.1491
2001-10-16,860.8,868.5,834.3,844.4,-3.3204
2001-10-17,822.2,834.5,806.8,817.7,-3.162
2001-10-18,804.7,815.0,782.8,790.8,-3.2897
2001-10-19,813.0,821.7,776.5,792.8,0.2529
2001-10-22,787.7,802.0,762.7,773.0,-2.4975
2001-10-23,978.3,994.4,959.3,993.4,28.5123
2001-10-24,1264.1,1291.6,1218.5,1257.4,26.5754
2001-10-25,1300.6,1321.6,1258.4,1280.6,1.8451
2001-10-26,1269.5,1295.3,1246.3,1276.6,-0.3124
2001-10-29,1260.5,1287.6,1248.8,1274.7001,-0.1488
2001-10-30,1241.1,1250.9,1216.1,1226.1,-3.8127
2001-10-31,1187.6,1205.9,1166.7001,1198.4,-2.2592
2001-11-01,1198.4,1221.9,1185.9,1206.8,0.7009
2001-11-02,1173.1,1185.3,1155.1,1164.8,-3.4803
2001-11-05,1125.1,1135.4,1104.8,1117.8,-4.035
2001-11-06,1079.4,1093.8,1067.0,1076.7001,-3.6769
2001-11-07,1077.4,1083.9,1018.0,1026.1,-4.6996
2001-11-08,998.1,1036.8,981.7,1027.0,0.0877
2001-11-09,1020.8,1050.8,1001.5,1039.4,1.2074
2001-11-12,1012.3,1025.9,992.7,1003.9,-3.4154
2001-11-13,965.9,984.1,953.2,970.0,-3.3768
2001-11-14,937.4,951.9,927.9,936.8,-3.4227
2001-11-15,903.9,915.0,892.8,904.4,-3.4586
2001-11-16,1054.0,1068.6,996.0,1002.9,10.8912
2001-11-19,992.3,1013.4,983.5,1007.3,0.4387
2001-11-20,1059.2001,1088.5,1051.5,1077.5,6.9691
2001-11-21,1100.8,1117.2001,1087.0,1107.6,2.7935
2001-11-22,1128.0,1146.6,1115.9,1138.1,2.7537
2001-11-23,1145.7001,1159.2001,1130.3,1143.6,0.4833
2001-11-26,1125.5,1138.0,1111.1,1126.5,-1.4953
2001-11-27,1114.8,1133.6,1107.9,1127.8,0.1154
2001-11-28,1162.5,1180.8,1154.3,1168.3,3.5911
2001-11-29,1185.5,1200.4,1171.4,1184.8,1.4123
2001-11-30,1190.1,1208.3,1182.5,1200.8,1.3504
2001-12-03,1235.5,1255.9,1226.9,1243.7001,3.5726
2001-12-04,1260.6,1274.9,1245.6,1266.5,1.8332
2001-12-05,1310.2001,1326.8,1283.8,1292.0,2.0134
2001-12-06,1300.6,1326.6,1291.0,1316.3,1.8808
2001-12-07,1305.6,1322.0,1288.6,1300.7001,-1.1851
2001-12-10,1271.3,1285.0,1254.2001,1274.7001,-1.9989
2001-12-11,1250.4,1261.5,1229.2001,1236.7001,-2.9811
2001-12-12,1218.6,1232.0,1200.8,1209.6,-2.1913
2001-12-13,1193.1,1206.3,1169.7001,1176.1,-2.7695
2001-12-14,1149.5,1165.3,1133.3,1143.9,-2.7379
2001-12-17,1110.5,1124.6,1094.5,1105.4,-3.3657
2001-12-18,1091.1,1112.1,1079.2001,1105.9,0.0452
2001-12-19,1089.1,1099.7001,1069.9,1077.5,-2.568
2001-12-20,1073.8,1078.7001,1041.8,1051.1,-2.4501
2001-12-21,1025.4,1043.3,1016.2,1035.4,-1.4937
2001-12-24,1020.4,1027.4,991.0,1000.1,-3.4093
2001-12-25,982.9,997.9,969.0,987.4,-1.2699
2001-12-26,975.2,993.5,965.3,987.9,0.0506
2001-12-27,989.5,1001.9,973.9,983.7,-0.4251
2001-12-28,983.0,997.9,969.5,987.3,0.366
2001-12-31,987.5,1003.0,973.8,989.0,0.1722
2002-01-04,951.4,958.1,928.0,935.7,-5.3893
2002-01-07,899.1,906.7,882.0,895.6,-4.2856
2002-01-08,867.7,879.4,855.6,860.9,-3.8745
2002-01-09,841.2,848.3,821.5,830.2,-3.566
2002-01-10,833.8,853.7,811.8,845.8,1.8791
2002-01-11,835.5,840.0,810.2,814.5,-3.7006
2002-01-14,811.8,820.9,786.7,794.6,-2.4432
2002-01-15,791.5,809.8,775.1,784.1,-1.3214
2002-01-16,793.8,814.6,775.5,803.1,2.4232
2002-01-17,801.6,806.9,760.8,768.0,-4.3706
2002-01-18,784.0,811.9,762.0,792.7,3.2161
2002-01-21,788.7,799.2,759.0,768.4,-3.0655
2002-01-22,777.4,809.9,764.8,781.4,1.6918
2002-01-23,820.4,882.2,808.0,879.0,12.4904
2002-01-24,951.9,992.4,923.5,968.9,10.2275
2002-01-25,976.6,1003.5,964.6,984.2,1.5791
2002-01-28,1015.5,1027.8,945.9,952.3,-3.2412
2002-01-29,939.7,994.6,928.3,981.9,3.1083
2002-01-30,970.2,992.9,954.7,977.7,-0.4277
2002-01-31,1125.7001,1203.3,1118.0,1188.8,21.5915
2002-02-01,1249.9,1279.8,1227.0,1245.8,4.7948
2002-02-04,1248.1,1285.6,1233.2001,1277.1,2.5124
2002-02-05,1295.6,1318.4,1276.2001,1300.3,1.8166
2002-02-06,1298.7001,1311.6,1258.8,1267.4,-2.5302
2002-02-07,1278.4,1327.3,1271.7001,1310.1,3.3691
2002-02-08,1305.8,1322.8,1283.9,1291.7001,-1.4045
2002-02-25,1326.3,1343.3,1299.3,1319.4,
2002-02-26,1303.3,1321.1,1277.7001,1310.3,-0.6897
2002-02-27,1295.5,1315.2001,1281.1,1298.9,-0.87
2002-02-28,1280.7001,1298.2001,1260.8,1271.7001,-2.0941
2002-03-01,1245.4,1256.0,1219.3,1227.0,-3.515
2002-03-04,1198.3,1235.2001,1189.0,1229.9,0.2363
2002-03-05,1291.7001,1333.7001,1285.0,1319.9,7.3177
2002-03-06,1445.0,1489.3,1431.9,1452.8,10.0689
2002-03-07,1560.8,1619.5,1551.9,1611.6,10.9306
2002-03-08,1813.8,1864.9,1780.2001,1838.1,14.0544
2002-03-11,1970.2001,2021.9,1939.0,2007.1,9.1943
2002-03-12,2139.5,2178.9001,2083.5,2108.4001,5.0471
2002-03-13,2137.4001,2187.6001,2088.5,2110.8,0.1138
2002-03-14,2111.0,2193.0,2095.0,2180.3,3.2926
2002-03-15,2222.2,2254.9001,2133.3,2146.2,-1.564
2002-03-18,2154.6001,2200.0,2099.7,2134.9001,-0.5265
2002-03-19,2137.0,2204.1001,2115.3,2189.0,2.5341
2002-03-20,2255.7,2305.4001,2224.9001,2274.9001,3.9242
2002-03-21,2286.9001,2323.8,2249.6001,2283.8,0.3912
2002-03-22,2248.6001,2270.5,2200.1001,2229.3,-2.3864
2002-03-25,2174.8,2210.3,2151.7,2189.4001,-1.7898
2002-03-26,2145.3,2161.8,2091.5,2113.3,-3.4758
2002-03-27,2051.2,2084.1001,2027.5,2067.8,-2.153
2002-03-28,2026.0,2056.2,2000.9,2022.8,-2.1762
2002-03-29,2012.7001,2025.7001,1936.1,1956.2001,-3.2925
2002-04-01,1889.1,1929.0,1866.4,1909.9,-2.3668
2002-04-02,1870.1,1889.0,1817.1,1838.1,-3.7594
2002-04-03,1788.7001,1823.1,1770.0,1794.9,-2.3503
2002-04-04,1777.3,1839.6,1753.2001,1827.9,1.8385
2002-04-05,1829.1,1853.9,1794.2001,1813.8,-0.7714
2002-04-08,1765.6,1793.3,1745.3,1772.8,-2.2604
2002-04-09,1845.5,1897.9,1830.8,1879.0,5.9905
2002-04-10,1900.0,1930.7001,1876.8,1907.0,1.4902
2002-04-11,1901.5,1920.7001,1856.9,1869.2001,-1.9822
2002-04-12,1838.7001,1876.8,1826.8,1851.9,-0.9255
2002-04-15,1807.0,1826.2001,1775.4,1798.9,-2.8619
2002-04-16,1749.7001,1774.5,1728.1,1746.7001,-2.9018
2002-04-17,1698.3,1718.5,1674.4,1697.0,-2.8454
2002-04-18,1668.2001,1684.1,1638.9,1648.8,-2.8403
2002-04-19,1630.3,1652.8,1593.3,1639.3,-0.5762
2002-04-22,1592.5,1610.9,1568.1,1587.5,-3.1599
2002-04-23,1542.4,1562.3,1524.8,1538.3,-3.0992
2002-04-24,1492.8,1508.3,1468.0,1480.0,-3.7899
2002-04-25,1438.8,1459.3,1422.6,1444.6,-2.3919
2002-04-26,1439.6,1476.2001,1431.5,1462.8,1.2599
2002-04-29,1507.4,1543.7001,1494.4,1531.7001,4.7102
2002-04-30,1568.1,1591.5,1544.7001,1564.9,2.1675
2002-05-08,1524.5,1537.1,1497.7001,1509.5,
2002-05-09,1484.5,1511.1,1472.6,1491.3,-1.2057
2002-05-10,1480.4,1493.7001,1455.1,1467.1,-1.6227
2002-05-13,1437.3,1450.7001,1415.2001,1431.3,-2.4402
2002-05-14,1405.2001,1426.3,1389.6,1401.4,-2.089
2002-05-15,1386.0,1400.7001,1362.8,1371.5,-2.1336
2002-05-16,1377.6,1387.3,1329.6,1339.8,-2.3113
2002-05-17,1342.0,1375.3,1324.8,1360.4,1.5375
2002-05-20,1333.2001,1343.2001,1297.3,1321.0,-2.8962
2002-05-21,1403.2001,1441.4,1385.1,1421.3,7.5927
2002-05-22,1414.2001,1427.0,1381.0,1391.5,-2.0967
2002-05-23,1390.9,1416.8,1376.2001,1390.0,-0.1078
2002-05-24,1365.2001,1376.7001,1331.9,1346.1,-3.1583
2002-05-27,1311.8,1329.1,1291.5,1312.8,-2.4738
2002-05-28,1284.4,1302.3,1272.5,1283.9,-2.2014
2002-05-29,1263.3,1269.2001,1226.8,1237.7001,-3.5984
2002-05-30,1222.9,1238.6,1201.0,1224.7001,-1.0503
2002-05-31,1196.6,1209.4,1180.1,1189.1,-2.9068
2002-06-03,1168.3,1174.6,1137.5,1148.6,-3.4059
2002-06-04,1130.3,1149.7001,1114.4,1135.3,-1.1579
2002-06-05,1113.6,1119.5,1080.9,1089.1,-4.0694
2002-06-06,1122.7001,1194.4,1111.3,1177.7001,8.1352
2002-06-07,1225.0,1255.4,1207.2001,1235.9,4.9418
2002-06-10,1211.4,1223.4,1191.3,1204.7001,-2.5245
2002-06-11,1183.6,1208.8,1176.2001,1197.4,-0.606
2002-06-12,1169.1,1177.7001,1149.3,1163.7001,-2.8144
2002-06-13,1139.4,1152.5,1122.2001,1127.7001,-3.0936
2002-06-14,1095.5,1106.0,1078.0,1084.6,-3.8219
2002-06-17,1043.8,1060.2001,1034.2001,1054.2001,-2.8029
2002-06-18,1063.6,1093.5,1059.5,1083.8,2.8078
2002-06-19,1053.7001,1059.4,1036.1,1041.6,-3.8937
2002-06-20,1028.9,1049.6,1024.3,1035.4,-0.5952
2002-06-21,1162.1,1213.5,1158.1,1202.5,16.1387
2002-06-24,1928.1,1938.4,1854.3,1931.7001,60.6403
2002-06-25,2352.0,2418.1001,2275.7,2316.3,19.9099
2002-06-26,2445.7,2518.0,2403.3,2475.9001,6.8903
2002-06-27,2525.9001,2576.8,2485.9001,2534.1001,2.3507
2002-06-28,2661.4001,2716.2,2605.0,2659.0,4.9288
2002-07-01,2640.2,2672.6001,2592.2,2610.7,-1.8165
2002-07-02,2546.2,2597.2,2519.5,2581.7,-1.1108
2002-07-03,2532.2,2565.4001,2501.9001,2534.3,-1.836
2002-07-04,2487.1001,2512.8,2443.3,2461.0,-2.8923
2002-07-05,2374.9001,2407.4001,2349.2,2390.2,-2.8769
2002-07-08,2340.3,2377.7,2322.2,2356.4001,-1.4141
2002-07-09,2299.7,2324.1001,2272.5,2291.3,-2.7627
2002-07-10,2258.8,2274.9001,2211.1001,2223.4001,-2.9634
2002-07-11,2162.6001,2195.9001,2144.0,2166.3,-2.5681
2002-07-12,2098.9001,2124.9001,2081.5,2099.7,-3.0744
2002-07-15,2034.9,2054.3,2004.7001,2022.0,-3.7005
2002-07-16,1955.2001,1986.1,1940.8,1956.9,-3.2196
2002-07-17,1892.1,1914.4,1870.0,1904.8,-2.6624
2002-07-18,1871.5,1891.8,1853.0,1872.7001,-1.6852
2002-07-19,1830.9,1850.5,1815.8,1837.4,-1.885
2002-07-22,1807.9,1817.4,1766.6,1776.8,-3.2981
2002-07-23,1730.3,1752.9,1713.7001,1728.3,-2.7296
2002-07-24,1671.5,1688.4,1655.0,1668.3,-3.4716
2002-07-25,1617.5,1631.5,1593.5,1604.9,-3.8003
2002-07-26,1549.7001,1563.6,1532.9,1542.5,-3.8881
2002-07-29,1490.0,1507.9,1474.6,1501.3,-2.671
2002-07-30,1467.9,1483.1,1451.9,1470.5,-2.0516
2002-07-31,1436.1,1447.3,1413.9,1421.6,-3.3254
2002-08-01,1377.1,1394.3,1363.8,1382.5,-2.7504
2002-08-02,1338.2001,1351.8,1329.0,1342.6,-2.8861
2002-08-05,1298.8,1307.0,1283.8,1293.0,-3.6943
2002-08-06,1283.9,1313.0,1275.9,1299.4,0.495
2002-08-07,1254.5,1262.9,1243.0,1252.4,-3.6171
2002-08-08,1217.7001,1228.0,1204.7001,1210.7001,-3.3296
2002-08-09,1189.9,1197.9,1174.2001,1182.4,-2.3375
2002-08-12,1153.7001,1163.2001,1141.8,1150.8,-2.6725
2002-08-13,1110.8,1123.2001,1103.8,1111.9,-3.3803
2002-08-14,1074.6,1085.8,1067.8,1081.5,-2.7341
2002-08-15,1048.4,1053.5,1035.5,1040.9,-3.754
2002-08-16,1035.8,1055.9,1025.2001,1045.2001,0.4131
2002-08-19,1016.3,1025.2001,1007.6,1015.7,-2.8224
2002-08-20,1045.0,1067.9,1041.1,1061.5,4.5092
2002-08-21,1072.8,1083.7001,1063.1,1073.3,1.1116
2002-08-22,1132.1,1153.3,1124.5,1141.2001,6.3263
2002-08-23,1147.0,1157.2001,1136.8,1145.2001,0.3505
2002-08-26,1142.5,1151.8,1127.9,1136.5,-0.7597
2002-08-27,1160.3,1178.6,1151.8,1166.9,2.6749
2002-08-28,1174.9,1186.2001,1163.2001,1171.8,0.4199
2002-08-29,1157.2001,1166.6,1142.9,1148.9,-1.9543
2002-08-30,1122.4,1132.7001,1114.7001,1123.3,-2.2282
2002-09-02,1095.6,1106.6,1088.3,1098.8,-2.1811
2002-09-03,1083.4,1096.8,1077.7001,1086.7001,-1.1012
2002-09-04,1070.2001,1076.7001,1056.9,1062.7001,-2.2085
2002-09-05,1073.4,1079.3,1054.7001,1061.8,-0.0847
2002-09-06,1057.3,1067.7001,1046.5,1052.9,-0.8382
2002-09-09,1034.4,1042.0,1020.9,1030.1,-2.1654
2002-09-10,1007.3,1018.2,1000.2,1010.1,-1.9416
2002-09-11,997.8,1004.2,981.9,995.4,-1.4553
2002-09-12,973.8,986.0,966.5,978.2,-1.7279
2002-09-13,951.1,958.6,943.3,950.7,-2.8113
2002-09-16,943.5,948.3,924.8,931.8,-1.988
2002-09-17,918.5,929.6,906.5,918.8,-1.3951
2002-09-18,899.2,906.1,889.2,894.8,-2.6121
2002-09-19,907.6,931.6,899.4,924.6,3.3304
2002-09-20,913.3,920.5,901.1,907.3,-1.8711
2002-09-23,879.7,888.9,872.9,881.8,-2.8105
2002-09-24,865.0,871.2,856.0,861.4,-2.3134
2002-09-25,856.7,867.5,848.9,857.5,-0.4528
2002-09-26,863.6,870.9,852.1,857.4,-0.0117
2002-09-27,854.6,861.9,841.8,848.7,-1.0147
2002-10-08,819.9,825.7,806.4,815.7,
2002-10-09,845.3,851.3,819.0,827.4,1.4344
2002-10-10,807.4,820.0,799.7,807.5,-2.4051
2002-10-11,803.5,812.9,792.0,799.0,-1.0526
2002-10-14,791.7,804.6,780.7,798.8,-0.025
2002-10-15,780.6,787.9,772.0,778.5,-2.5413
2002-10-16,777.4,793.6,773.8,783.3,0.6166
2002-10-17,773.0,776.9,756.4,760.8,-2.8725
2002-10-18,753.8,767.0,746.4,760.7,-0.0131
2002-10-21,745.0,753.8,737.3,749.4,-1.4855
2002-10-22,771.1,787.5,766.7,781.5,4.2834
2002-10-23,783.2,791.0,774.2,784.9,0.4351
2002-10-24,788.3,794.1,776.6,781.7,-0.4077
2002-10-25,782.2,790.0,767.7,772.5,-1.1769
2002-10-28,769.6,776.2,755.2,761.6,-1.411
2002-10-29,761.8,774.6,750.6,769.1,0.9848
2002-10-30,761.1,768.8,750.8,760.7,-1.0922
2002-10-31,751.4,760.8,744.3,749.5,-1.4723
2002-11-01,738.1,745.9,729.7,739.3,-1.3609
2002-11-04,751.4,764.7,745.4,759.6,2.7458
2002-11-05,843.7,867.1,837.4,858.3,12.9937
2002-11-06,873.4,881.4,863.3,870.9,1.468
2002-11-07,880.7,889.3,871.7,880.1,1.0564
2002-11-08,922.1,928.3,883.3,889.3,1.0453
2002-11-11,873.5,884.0,859.9,866.1,-2.6088
2002-11-12,884.3,895.4,860.5,868.6,0.2887
2002-11-13,872.8,885.4,855.5,879.6,1.2664
2002-11-14,877.2,885.7,855.2,861.1,-2.1032
2002-11-15,862.3,886.5,855.7,871.3,1.1845
2002-11-18,857.4,865.2,839.6,848.5,-2.6168
2002-11-19,836.1,849.9,825.3,843.8,-0.5539
2002-11-20,840.5,843.6,815.0,820.7,-2.7376
2002-11-21,830.2,838.2,806.4,813.1,-0.926
2002-11-22,826.1,843.9,806.4,825.2,1.4881
2002-11-25,806.9,821.5,796.6,812.6,-1.5269
2002-11-26,806.8,817.4,783.8,787.6,-3.0765
2002-11-27,790.6,810.1,777.5,802.1,1.841
2002-11-28,821.5,852.4,813.5,849.4,5.897
2002-11-29,942.9,974.6,931.7,955.6,12.5029
2002-12-02,955.3,960.8,924.5,928.9,-2.7941
2002-12-03,908.4,930.2,901.9,924.3,-0.4952
2002-12-04,935.8,953.9,924.2,935.0,1.1576
2002-12-05,912.5,920.3,897.0,910.0,-2.6738
2002-12-06,886.8,899.4,877.1,886.1,-2.6264
2002-12-09,856.5,867.2,848.1,855.8,-3.4195
2002-12-10,849.4,858.5,833.2,837.2,-2.1734
2002-12-11,819.7,828.4,807.3,820.2,-2.0306
2002-12-12,811.2,829.6,806.0,816.7,-0.4267
2002-12-13,812.3,836.0,802.5,829.5,1.5673
2002-12-16,844.6,860.3,836.0,850.8,2.5678
2002-12-17,859.3,873.6,852.0,867.2,1.9276
2002-12-18,882.3,895.1,870.8,877.0,1.1301
2002-12-19,870.4,881.7,861.9,875.3,-0.1938
2002-12-20,891.8,908.1,884.1,900.1,2.8333
2002-12-23,919.9,933.5,911.8,919.0,2.0998
2002-12-24,915.5,925.0,905.5,918.7,-0.0326
2002-12-25,921.2,930.2,908.2,913.9,-0.5225
2002-12-26,940.7,947.8,907.9,913.5,-0.0438
2002-12-27,922.5,941.2,909.4,928.1,1.5982
2002-12-30,932.1,942.9,912.9,924.9,-0.3448
2002-12-31,933.0,949.3,914.0,926.9,0.2162
2003-01-02,902.5,916.8,881.4,891.3,-3.8408
2003-01-03,861.7,875.7,852.7,866.1,-2.8273
2003-01-06,854.9,873.8,845.1,867.7,0.1847
2003-01-07,860.9,875.0,848.1,858.5,-1.0603
2003-01-08,864.6,896.4,858.5,891.4,3.8323
2003-01-09,969.1,999.0,956.3,988.2,10.8593
2003-01-10,1043.4,1064.4,1025.3,1033.3,4.5639
2003-01-13,1024.4,1045.3,1014.7,1033.4,0.0097
2003-01-14,1228.5,1312.0,1220.9,1292.1,25.0339
2003-01-15,1448.5,1481.2001,1413.1,1435.6,11.106
2003-01-16,1499.4,1545.5,1486.3,1531.5,6.6801
2003-01-17,1574.4,1596.7001,1545.0,1562.6,2.0307
2003-01-20,1570.1,1596.9,1544.7001,1581.7001,1.2223
2003-01-21,1587.3,1606.1,1542.7001,1550.9,-1.9473
2003-01-22,1526.0,1558.1,1512.2001,1541.2001,-0.6254
2003-01-23,1518.5,1543.7001,1493.6,1505.6,-2.3099
2003-01-24,1493.7001,1535.3,1481.4,1522.2001,1.1026
2003-01-27,1529.7001,1560.7001,1518.2001,1545.6,1.5372
2003-01-28,1523.0,1540.2001,1506.5,1527.7001,-1.1581
2003-01-29,1516.5,1535.5,1501.4,1512.7001,-0.9819
2003-02-10,1461.2001,1471.6,1431.8,1443.7001,
2003-02-11,1391.6,1416.1,1384.7001,1410.5,-2.2997
2003-02-12,1403.7001,1432.1,1391.5,1424.6,0.9996
2003-02-13,1443.4,1464.1,1425.0,1434.9,0.723
2003-02-14,1417.4,1438.6,1407.8,1424.8,-0.7039
2003-02-17,1422.7001,1438.5,1398.4,1410.6,-0.9966
2003-02-18,1377.4,1392.3,1364.7001,1380.2001,-2.1551
2003-02-19,1359.1,1377.5,1347.1,1371.8,-0.6086
2003-02-20,1361.5,1374.5,1347.8,1357.4,-1.0497
2003-02-21,1360.0,1366.4,1325.0,1331.6,-1.9007
2003-02-24,1300.8,1321.2001,1293.1,1306.6,-1.8774
2003-02-25,1320.4,1355.8,1316.0,1347.3,3.115
2003-02-26,1333.2001,1344.2001,1318.7001,1331.4,-1.1801
2003-02-27,1319.3,1334.0,1306.7001,1317.9,-1.014
2003-02-28,1297.8,1308.4,1282.8,1297.5,-1.5479
2003-03-03,1301.7001,1319.8,1291.0,1311.9,1.1098
2003-03-04,1308.7001,1320.5,1294.9,1306.9,-0.3811
2003-03-05,1293.4,1301.9,1274.0,1288.0,-1.4462
2003-03-06,1285.7001,1293.9,1261.4,1269.3,-1.4519
2003-03-07,1251.5,1265.8,1240.2001,1249.3,-1.5757
2003-03-10,1239.1,1247.7001,1210.9,1217.1,-2.5774
2003-03-11,1187.0,1200.3,1177.6,1189.7001,-2.2512
2003-03-12,1163.8,1176.4,1149.4,1169.8,-1.6727
2003-03-13,1145.5,1155.6,1131.5,1138.7001,-2.6586
2003-03-14,1115.6,1130.0,1107.6,1118.8,-1.7476
2003-03-17,1110.4,1121.7001,1093.7001,1112.0,-0.6078
2003-03-18,1104.7001,1119.7001,1090.7001,1096.3,-1.4119
2003-03-19,1088.1,1105.2001,1076.9,1094.3,-0.1824
2003-03-20,1088.6,1101.2001,1074.8,1084.0,-0.9412
2003-03-21,1070.3,1087.5,1063.7001,1081.3,-0.2491
2003-03-24,1058.6,1069.4,1049.2001,1061.3,-1.8496
2003-03-25,1046.8,1053.1,1030.1,1036.4,-2.3462
2003-03-26,1023.7,1034.3,1011.4,1020.5,-1.5342
2003-03-27,1078.6,1120.8,1067.2001,1109.1,8.682
2003-03-28,1168.8,1185.3,1153.6,1164.1,4.959
2003-03-31,1197.5,1221.3,1189.1,1212.5,4.1577
2003-04-01,1273.3,1294.0,1262.0,1280.0,5.567
2003-04-02,1288.3,1301.7001,1275.3,1287.8,0.6094
2003-04-03,1288.8,1301.2001,1273.2001,1283.4,-0.3417
2003-04-04,1286.8,1307.6,1277.3,1296.5,1.0207
2003-04-07,1323.2001,1341.6,1303.4,1316.9,1.5735
2003-04-08,1362.6,1385.7001,1345.9,1364.2001,3.5918
2003-04-09,1484.6,1528.7001,1464.1,1512.4,10.8635
2003-04-10,1700.4,1744.8,1674.3,1709.9,13.0587
2003-04-11,1841.8,1894.2001,1821.4,1871.2001,9.4333
2003-04-14,2085.0,2161.4001,2060.5,2132.2,13.9483
2003-04-15,2289.9001,2350.0,2253.8,2316.5,8.6437
2003-04-16,2531.8,2607.4001,2458.8,2500.5,7.943
2003-04-17,2565.8,2627.8,2515.0,2575.1001,2.9834
2003-04-18,2600.9001,2650.4001,2537.0,2579.1001,0.1553
2003-04-21,2573.5,2598.3,2485.2,2530.7,-1.8766
2003-04-22,2459.6001,2500.3,2427.2,2462.7,-2.687
2003-04-23,2432.7,2466.1001,2369.2,2393.7,-2.8018
2003-04-24,2395.6001,2422.2,2300.6001,2333.3,-2.5233
2003-04-25,2278.7,2319.0,2230.6001,2256.5,-3.2915
2003-04-28,2294.4001,2407.6001,2247.6001,2387.1001,5.7877
2003-04-29,2384.0,2420.3,2317.5,2351.0,-1.5123
2003-04-30,2346.0,2404.8,2309.4001,2348.2,-0.1191
2003-05-12,2324.9001,2385.9001,2278.0,2345.8,
2003-05-13,2372.4001,2407.9001,2267.1001,2299.3,-1.9823
2003-05-14,2274.0,2358.4001,2249.4001,2338.3,1.6962
2003-05-15,2378.3,2462.9001,2345.7,2431.3,3.9772
2003-05-16,2417.0,2459.3,2379.9001,2419.7,-0.4771
2003-05-19,2385.0,2426.7,2350.8,2385.4001,-1.4175
2003-05-20,2321.8,2342.2,2274.6001,2300.6001,-3.555
2003-05-21,2225.2,2266.3,2204.3,2224.4001,-3.3122
2003-05-22,2158.4001,2199.2,2133.5,2184.0,-1.8162
2003-05-23,2212.1001,2270.0,2193.7,2231.8,2.1886
2003-05-26,2227.5,2267.8,2204.9001,2237.5,0.2554
2003-05-27,2220.2,2249.6001,2187.5,2219.3,-0.8134
2003-05-28,2213.4001,2243.4001,2168.8,2187.7,-1.4239
2003-05-29,2191.3,2238.0,2162.0,2222.9001,1.609
2003-05-30,2245.6001,2282.9001,2217.8,2250.8,1.2551
2003-06-02,2217.6001,2246.0,2183.6001,2220.9001,-1.3284
2003-06-03,2181.6001,2206.6001,2143.3,2157.5,-2.8547
2003-06-04,2135.0,2173.1001,2100.8,2148.6001,-0.4125
2003-06-05,2102.2,2123.3,2062.2,2076.1001,-3.3743
2003-06-06,2023.7001,2046.0,1988.5,2001.9,-3.574
2003-06-09,1937.2001,1961.5,1906.8,1922.9,-3.9463
2003-06-10,1851.7001,1882.3,1841.0,1863.5,-3.0891
2003-06-11,1841.6,1882.4,1831.3,1871.0,0.4025
2003-06-12,1821.1,1836.7001,1796.5,1815.3,-2.977
2003-06-13,1778.3,1804.1,1762.7001,1782.9,-1.7848
2003-06-16,1738.9,1754.7001,1714.3,1732.1,-2.8493
2003-06-17,1682.0,1698.6,1662.2001,1676.8,-3.1927
2003-06-18,1640.4,1662.5,1626.0,1638.3,-2.296
2003-06-19,1615.3,1628.0,1580.3,1597.3,-2.5026
2003-06-20,1549.8,1566.3,1530.3,1540.2001,-3.5748
2003-06-23,1499.9,1511.0,1474.0,1485.2001,-3.571
2003-06-24,1438.4,1456.8,1425.3,1443.3,-2.8212
2003-06-25,1410.0,1423.5,1388.0,1397.6,-3.1664
2003-06-26,1393.8,1423.0,1373.0,1408.9,0.8085
2003-06-27,1389.7001,1400.2001,1360.7001,1369.0,-2.832
2003-06-30,1332.4,1349.8,1316.8,1329.2001,-2.9072
2003-07-01,1299.2001,1323.8,1287.0,1297.2001,-2.4075
2003-07-02,1272.6,1294.9,1256.3,1285.4,-0.9097
2003-07-03,1265.4,1279.9,1252.2001,1268.7001,-1.2992
2003-07-04,1244.1,1258.1,1229.9,1242.9,-2.0336
2003-07-07,1218.0,1232.3,1203.4,1220.9,-1.7701
2003-07-08,1205.0,1224.8,1196.6,1213.6,-0.5979
2003-07-09,1187.4,1196.2001,1170.6,1179.9,-2.7769
2003-07-10,1227.6,1261.9,1219.4,1252.6,6.1615
2003-07-11,1256.8,1269.3,1242.2001,1254.3,0.1357
2003-07-14,1234.4,1245.8,1220.3,1231.0,-1.8576
2003-07-15,1221.9,1237.6,1208.5,1223.2001,-0.6336
2003-07-16,1209.8,1223.9,1198.5,1215.0,-0.6704
2003-07-17,1260.6,1281.7001,1249.2001,1266.8,4.2634
2003-07-18,1298.5,1310.2001,1262.5,1269.4,0.2052
2003-07-21,1273.5,1290.2001,1250.5,1271.6,0.1733
2003-07-22,1274.0,1292.5,1252.2001,1272.3,0.055
2003-07-23,1250.2001,1264.2001,1235.6,1253.4,-1.4855
2003-07-24,1226.5,1235.4,1208.2001,1217.3,-2.8802
2003-07-25,1235.9,1252.7001,1210.5,1222.7001,0.4436
2003-07-28,1188.6,1201.9,1174.0,1188.7001,-2.7807
2003-07-29,1155.6,1171.4,1147.9,1161.8,-2.263
2003-07-30,1133.0,1145.1,1120.0,1133.9,-2.4014
2003-07-31,1109.4,1121.5,1098.7001,1109.4,-2.1607
2003-08-01,1095.8,1108.7001,1081.9,1099.6,-0.8834
2003-08-04,1100.4,1121.2001,1089.8,1114.7001,1.3732
2003-08-05,1098.8,1109.5,1087.4,1098.9,-1.4174
2003-08-06,1083.0,1093.3,1070.1,1079.5,-1.7654
2003-08-07,1060.4,1075.1,1051.8,1061.6,-1.6582
2003-08-08,1058.5,1066.2001,1040.0,1046.3,-1.4412
2003-08-11,1009.9,1023.8,1000.9,1017.4,-2.7621
2003-08-12,988.1,1000.5,980.9,992.4,-2.4572
2003-08-13,970.3,976.8,952.9,958.4,-3.426
2003-08-14,961.8,980.1,949.5,959.9,0.1565
2003-08-15,953.8,966.8,943.8,954.3,-0.5834
2003-08-18,928.2,937.9,918.5,926.9,-2.8712
2003-08-19,905.2,917.4,899.1,908.4,-1.9959
2003-08-20,894.0,899.9,879.8,890.5,-1.9705
2003-08-21,879.8,888.6,870.4,879.5,-1.2353
2003-08-22,870.6,881.9,861.6,869.8,-1.1029
2003-08-25,860.0,867.7,844.6,853.7,-1.851
2003-08-26,840.4,854.1,833.1,846.0,-0.902
2003-08-27,831.2,841.1,821.7,829.3,-1.974
2003-08-28,821.8,830.2,809.7,815.0,-1.7243
2003-08-29,812.6,825.9,802.5,820.1,0.6258
2003-09-01,847.3,869.9,839.7,865.6,5.5481
2003-09-02,896.8,912.2,884.7,896.9,3.616
2003-09-03,905.9,918.9,895.2,908.3,1.271
2003-09-04,914.8,927.9,905.2,913.2,0.5395
2003-09-05,925.6,936.2,905.9,917.5,0.4709
2003-09-08,909.0,920.0,897.0,908.5,-0.9809
2003-09-09,900.1,910.2,888.1,897.4,-1.2218
2003-09-10,880.3,892.0,871.6,882.9,-1.6158
2003-09-11,863.0,872.9,853.9,861.4,-2.4352
2003-09-12,885.0,891.0,866.0,872.1,1.2422
2003-09-15,866.7,880.1,852.8,861.7,-1.1925
2003-09-16,857.6,872.5,847.8,866.3,0.5338
2003-09-17,857.7,863.9,840.4,847.6,-2.1586
2003-09-18,836.1,847.9,827.6,838.0,-1.1326
2003-09-19,824.9,834.9,814.0,826.0,-1.432
2003-09-22,812.9,820.7,800.9,808.8,-2.0823
2003-09-23,803.4,814.2,793.9,809.3,0.0618
2003-09-24,805.7,815.5,797.2,806.5,-0.346
2003-09-25,796.2,800.9,780.1,785.4,-2.6162
2003-09-26,773.3,781.9,763.7,770.2,-1.9353
2003-09-29,763.5,768.8,746.7,752.8,-2.2592
2003-09-30,754.2,768.4,741.8,760.1,0.9697
2003-10-08,742.4,754.3,733.4,747.4,
2003-10-09,737.7,748.1,730.3,736.2,-1.4985
2003-10-10,779.3,806.9,773.6,800.4,8.7205
2003-10-13,814.8,825.3,804.3,812.1,1.4618
2003-10-14,805.6,813.1,792.5,800.0,-1.49
2003-10-15,800.4,814.5,789.9,796.1,-0.4875
2003-10-16,795.1,802.0,778.9,785.1,-1.3817
2003-10-17,771.7,783.2,764.6,773.8,-1.4393
2003-10-20,760.9,767.6,747.9,755.3,-2.3908
2003-10-21,755.7,765.8,744.1,758.3,0.3972
2003-10-22,823.6,851.5,816.7,842.5,11.1038
2003-10-23,864.8,876.4,851.1,857.2,1.7448
2003-10-24,867.3,878.4,852.1,861.9,0.5483
2003-10-27,860.3,869.0,839.3,851.5,-1.2066
2003-10-28,868.5,885.6,853.2,869.8,2.1491
2003-10-29,921.9,933.0,891.5,909.6,4.5758
2003-10-30,908.9,919.2,888.9,900.3,-1.0224
2003-10-31,899.4,924.7,890.0,906.3,0.6664
2003-11-03,909.3,930.1,898.9,922.0,1.7323
2003-11-04,1031.6,1077.3,1023.8,1052.0,14.0998
2003-11-05,1080.4,1097.4,1061.5,1076.6,2.3384
2003-11-06,1125.2001,1136.7001,1086.3,1103.0,2.4522
2003-11-07,1123.5,1140.6,1090.1,1109.7001,0.6074
2003-11-10,1082.6,1103.6,1066.3,1094.1,-1.4058
2003-11-11,1080.7001,1097.9,1062.9,1083.1,-1.0054
2003-11-12,1066.9,1075.3,1039.3,1048.0,-3.2407
2003-11-13,1030.2001,1053.7001,1018.9,1038.5,-0.9065
2003-11-14,1018.5,1037.2001,1008.5,1028.6,-0.9533
2003-11-17,999.7,1010.6,985.9,996.5,-3.1207
2003-11-18,1022.3,1032.1,1000.0,1009.9,1.3447
2003-11-19,1008.9,1040.0,1003.1,1030.6,2.0497
2003-11-20,1111.5,1159.2001,1102.2001,1150.0,11.5855
2003-11-21,1226.5,1257.5,1196.0,1208.9,5.1217
2003-11-24,1260.9,1312.9,1251.6,1304.4,7.8997
2003-11-25,1420.3,1458.1,1396.5,1422.6,9.0616
2003-11-26,1453.0,1484.6,1431.6,1464.5,2.9453
2003-11-27,1476.6,1494.5,1436.8,1448.7001,-1.0789
2003-11-28,1434.5,1463.4,1417.6,1442.3,-0.4418
2003-12-01,1476.5,1524.5,1467.8,1512.8,4.888
2003-12-02,1557.9,1583.5,1535.5,1552.7001,2.6375
2003-12-03,1600.2001,1640.0,1578.3,1609.7001,3.671
2003-12-04,1640.1,1671.9,1620.4,1651.3,2.5843
2003-12-05,1660.6,1682.0,1635.3,1658.2001,0.4179
2003-12-08,1642.3,1662.1,1610.3,1622.8,-2.1349
2003-12-09,1586.1,1609.0,1568.3,1598.5,-1.4974
2003-12-10,1636.2001,1668.6,1618.6,1654.5,3.5033
2003-12-11,1684.2001,1708.0,1656.5,1681.2001,1.6138
2003-12-12,1671.1,1690.5,1648.4,1669.5,-0.6959
2003-12-15,1640.5,1661.2001,1622.1,1640.8,-1.7191
2003-12-16,1644.2001,1659.2001,1601.9,1636.8,-0.2438
2003-12-17,1649.3,1680.3,1624.6,1636.4,-0.0244
2003-12-18,1632.8,1664.1,1606.1,1637.2001,0.0489
2003-12-19,1718.3,1750.8,1656.9,1690.6,3.2617
2003-12-22,1783.4,1862.0,1750.5,1842.8,9.0027
2003-12-23,1898.9,1937.4,1867.5,1906.5,3.4567
2003-12-24,1936.7001,1976.9,1912.0,1953.0,2.439
2003-12-25,1975.8,2012.4,1941.9,1972.4,0.9933
2003-12-26,1960.0,1988.5,1930.6,1960.0,-0.6287
2003-12-29,1928.8,1954.5,1897.4,1917.0,-2.1939
2003-12-30,1896.5,1933.5,1877.8,1911.4,-0.2921
2003-12-31,1892.2001,1914.7001,1849.4,1869.1,-2.213
2004-01-02,1849.4,1905.3,1833.2001,1873.8,0.2515
2004-01-05,1955.9,2035.6,1934.2001,2013.2001,7.4394
2004-01-06,2112.1001,2166.7,2074.2,2126.1001,5.608
2004-01-07,2212.9001,2278.7,2180.8,2239.4001,5.329
2004-01-08,2303.7,2370.9001,2274.5,2337.8,4.394
2004-01-09,2425.1001,2482.4001,2358.9001,2384.2,1.9848
2004-01-12,2388.1001,2463.8,2361.1001,2444.5,2.5292
2004-01-13,2475.7,2523.5,2422.3,2471.4001,1.1004
2004-01-14,2452.4001,2481.1001,2393.3,2427.1001,-1.7925
2004-01-15,2407.6001,2455.3,2368.3,2399.0,-1.1578
2004-01-16,2403.5,2459.1001,2367.5,2421.8,0.9504
2004-01-29,2417.8,2491.4001,2391.2,2468.7,
2004-01-30,2543.5,2585.0,2461.4001,2487.1001,0.7453
2004-02-02,2660.6001,2730.7,2574.0,2654.3,6.7227
2004-02-03,2690.7,2754.9001,2647.9001,2725.3,2.6749
2004-02-04,2826.1001,2909.0,2800.2,2882.2,5.7572
2004-02-05,2969.2,3032.6001,2916.0,2987.8,3.6639
2004-02-06,3064.0,3126.4001,2990.0,3034.2,1.553
2004-02-09,3056.4001,3144.3,3033.2,3116.6001,2.7157
2004-02-10,3166.3,3223.0,3102.1001,3145.7,0.9337
2004-02-11,3150.2,3197.9001,3082.4001,3145.9001,0.0064
2004-02-12,3160.0,3221.7,3104.6001,3145.7,-0.0064
2004-02-13,3125.5,3177.2,3063.2,3099.8,-1.4591
2004-02-16,3087.2,3177.7,3070.2,3158.9001,1.9066
2004-02-17,3215.7,3281.1001,3173.5,3233.5,2.3616
2004-02-18,3291.3,3363.4001,3245.1001,3315.9001,2.5483
2004-02-19,3340.7,3400.9001,3289.1001,3337.1001,0.6393
2004-02-20,3322.1001,3372.1001,3269.4001,3335.5,-0.0479
2004-02-23,3369.2,3419.1001,3265.6001,3288.7,-1.4031
2004-02-24,3275.0,3325.9001,3186.0,3271.3,-0.5291
2004-02-25,3260.4001,3322.7,3159.2,3184.3,-2.6595
2004-02-26,3142.1001,3205.2,3079.1001,3153.2,-0.9767
2004-02-27,3106.6001,3176.6001,3072.8,3144.6001,-0.2727
2004-03-01,3111.4001,3179.9001,3060.1001,3152.5,0.2512
2004-03-02,3126.1001,3173.7,3066.1001,3112.2,-1.2784
2004-03-03,3060.4001,3098.4001,2980.0,3013.1001,-3.1842
2004-03-04,2948.2,3004.6001,2904.6001,2977.1001,-1.1948
2004-03-05,2914.9001,2955.5,2863.3,2889.2,-2.9525
2004-03-08,2818.3,2849.3,2735.3,2757.2,-4.5687
2004-03-09,2686.2,2740.5,2649.3,2674.3,-3.0067
2004-03-10,2621.6001,2697.3,2605.8,2686.1001,0.4412
2004-03-11,2680.7,2736.5,2652.0,2705.4001,0.7185
2004-03-12,2663.8,2698.3,2623.6001,2661.7,-1.6153
2004-03-15,2719.4001,2802.3,2699.7,2775.6001,4.2792
2004-03-16,2800.4001,2845.0,2765.8,2811.1001,1.279
2004-03-17,2805.4001,2843.7,2762.1001,2807.3,-0.1352
2004-03-18,2817.7,2849.9001,2744.4001,2763.4001,-1.5638
2004-03-19,2736.1001,2802.4001,2715.8,2787.1001,0.8576
2004-03-22,2769.5,2812.4001,2734.7,2780.2,-0.2476
2004-03-23,2761.1001,2787.9001,2709.0,2749.5,-1.1042
2004-03-24,2728.6001,2768.0,2689.9001,2722.9001,-0.9674
2004-03-25,2683.2,2726.2,2652.7,2687.8,-1.2891
2004-03-26,2671.9001,2708.5,2635.2,2672.2,-0.5804
2004-03-29,2656.7,2692.1001,2612.6001,2633.2,-1.4595
2004-03-30,2590.0,2626.2,2555.9001,2598.2,-1.3292
2004-03-31,2592.3,2641.1001,2568.2,2616.5,0.7043
2004-04-01,2630.8,2673.5,2603.7,2648.8,1.2345
2004-04-02,2691.7,2736.3,2665.1001,2706.1001,2.1632
2004-04-05,2775.6001,2820.5,2729.4001,2782.4001,2.8196
2004-04-06,2831.0,2879.4001,2790.7,2851.9001,2.4978
2004-04-07,2894.4001,2938.4001,2853.4001,2889.8,1.3289
2004-04-08,2921.9001,2967.2,2878.1001,2919.3,1.0208
2004-04-09,2969.2,3006.4001,2871.7,2896.3,-0.7879
2004-04-12,2861.0,2918.7,2817.5,2879.6001,-0.5766
2004-04-13,2869.8,2921.3,2819.1001,2850.3,-1.0175
2004-04-14,2842.3,2872.1001,2751.2,2797.8,-1.8419
2004-04-15,2744.3,2785.6001,2682.3,2707.0,-3.2454
2004-04-16,2679.8,2732.2,2611.4001,2696.2,-0.399
2004-04-19,2646.4001,2678.5,2583.3,2611.3,-3.1489
2004-04-20,2551.7,2589.8,2500.4001,2537.0,-2.8453
2004-04-21,2498.6001,2542.1001,2445.0,2481.2,-2.1994
2004-04-22,2414.0,2456.8,2377.6001,2429.4001,-2.0877
2004-04-23,2364.2,2388.3,2305.9001,2327.2,-4.2068
2004-04-26,2255.6001,2295.6001,2217.4001,2256.4001,-3.0423
2004-04-27,2220.1001,2251.2,2166.0,2190.9001,-2.9029
2004-04-28,2151.6001,2191.1001,2108.3,2156.7,-1.561
2004-04-29,2127.0,2154.4001,2066.2,2085.2,-3.3153
2004-04-30,2055.6001,2099.3,2017.1,2060.3,-1.1941
2004-05-10,1990.3,2006.9,1921.7001,1939.2001,
2004-05-11,1867.6,1904.4,1841.0,1881.6,-2.9703
2004-05-12,1848.5,1905.4,1835.0,1897.3,0.8344
2004-05-13,1845.8,1861.8,1813.4,1839.0,-3.0728
2004-05-14,1789.3,1800.7001,1734.5,1751.0,-4.7852
2004-05-17,1692.1,1719.8,1663.3,1688.6,-3.5637
2004-05-18,1696.4,1736.0,1668.7001,1721.3,1.9365
2004-05-19,1712.9,1743.1,1687.6,1710.3,-0.6391
2004-05-20,1669.0,1692.3,1640.2001,1657.0,-3.1164
2004-05-21,1609.9,1635.1,1590.3,1618.1,-2.3476
2004-05-24,1573.4,1589.4,1543.9,1558.8,-3.6648
2004-05-25,1532.3,1542.8,1485.9,1497.2001,-3.9518
2004-05-26,1454.9,1482.8,1438.1,1466.4,-2.0572
2004-05-27,1469.4,1517.8,1454.0,1505.1,2.6391
2004-05-28,1482.0,1498.5,1460.3,1472.9,-2.1394
2004-05-31,1435.8,1456.4,1421.0,1444.6,-1.9214
2004-06-01,1468.5,1506.1,1456.4,1497.7001,3.6758
2004-06-02,1522.7001,1542.5,1495.2001,1514.5,1.1217
2004-06-03,1507.4,1522.7001,1471.0,1487.9,-1.7564
2004-06-04,1466.9,1496.1,1448.1,1470.5,-1.1694
2004-06-07,1441.4,1453.4,1404.9,1425.0,-3.0942
2004-06-08,1404.7001,1422.2001,1375.7001,1389.6,-2.4842
2004-06-09,1386.9,1404.7001,1337.3,1351.3,-2.7562
2004-06-10,1335.6,1362.4,1309.1,1333.5,-1.3173
2004-06-11,1326.9,1366.1,1312.0,1326.8,-0.5024
2004-06-14,1315.1,1325.2001,1264.9,1283.8,-3.2409
2004-06-15,1268.4,1307.0,1251.1,1294.7001,0.849
2004-06-16,1289.8,1318.0,1270.6,1296.6,0.1467
2004-06-17,1277.2001,1293.2001,1243.7001,1254.2001,-3.2701
2004-06-18,1246.4,1264.6,1215.6,1239.1,-1.204
2004-06-21,1207.1,1234.8,1191.7001,1224.9,-1.146
2004-06-22,1231.9,1260.0,1217.5,1244.8,1.6246
2004-06-23,1223.5,1233.0,1195.2001,1214.9,-2.402
2004-06-24,1202.8,1220.5,1182.2001,1192.0,-1.8849
2004-06-25,1220.6,1244.1,1177.9,1189.7001,-0.1929
2004-06-28,1166.4,1182.5,1133.9,1149.9,-3.3454
2004-06-29,1155.3,1182.2001,1127.0,1168.0,1.574
2004-06-30,1156.8,1173.1,1135.0,1146.0,-1.8836
2004-07-01,1174.2001,1229.5,1166.0,1217.9,6.274
2004-07-02,1217.9,1236.3,1195.8,1218.2001,0.0246
2004-07-05,1205.8,1221.0,1187.0,1210.5,-0.6321
2004-07-06,1221.9,1249.3,1211.6,1228.1,1.4539
2004-07-07,1206.0,1215.6,1183.0,1195.7001,-2.6382
2004-07-08,1167.9,1183.4,1153.4,1172.9,-1.9068
2004-07-09,1147.9,1162.9,1130.5,1137.8,-2.9926
2004-07-12,1119.8,1125.3,1081.2001,1092.1,-4.0165
2004-07-13,1067.8,1086.4,1053.1,1073.2001,-1.7306
2004-07-14,1079.4,1095.4,1049.3,1077.9,0.4379
2004-07-15,1106.8,1133.4,1090.8,1119.3,3.8408
2004-07-16,1219.5,1268.3,1209.7001,1254.4,12.07
2004-07-19,1274.2001,1294.7001,1256.3,1277.9,1.8734
2004-07-20,1284.3,1298.6,1259.3,1276.7001,-0.0939
2004-07-21,1274.2001,1293.4,1254.9,1274.8,-0.1488
2004-07-22,1293.3,1308.9,1250.1,1261.3,-1.059
2004-07-23,1250.6,1273.5,1228.4,1263.4,0.1665
2004-07-26,1237.7001,1249.5,1208.0,1223.3,-3.174
2004-07-27,1207.4,1224.9,1181.5,1200.3,-1.8802
2004-07-28,1190.5,1212.4,1170.7001,1198.7001,-0.1333
2004-07-29,1201.9,1227.5,1188.2001,1219.5,1.7352
2004-07-30,1204.7001,1215.1,1174.9,1183.2001,-2.9766
2004-08-02,1151.1,1167.1,1130.5,1147.4,-3.0257
2004-08-03,1131.1,1151.0,1115.1,1130.4,-1.4816
2004-08-04,1175.3,1228.5,1164.3,1208.6,6.9179
2004-08-05,1202.9,1218.5,1180.4,1189.3,-1.5969
2004-08-06,1177.7001,1196.7001,1157.2001,1174.4,-1.2528
2004-08-09,1153.2001,1170.2001,1135.7001,1156.0,-1.5668
2004-08-10,1128.4,1144.4,1117.3,1133.6,-1.9377
2004-08-11,1112.3,1120.4,1087.9,1097.0,-3.2287
2004-08-12,1081.0,1090.1,1056.2001,1073.0,-2.1878
2004-08-13,1053.9,1077.0,1043.7001,1059.6,-1.2488
2004-08-16,1047.5,1060.4,1021.6,1034.1,-2.4066
2004-08-17,1016.9,1034.5,1002.6,1021.6,-1.2088
2004-08-18,1012.7,1028.6,998.9,1008.1,-1.3215
2004-08-19,1000.7,1011.0,974.4,989.4,-1.855
2004-08-20,980.3,998.0,962.4,982.6,-0.6873
2004-08-23,958.2,968.4,936.9,949.8,-3.3381
2004-08-24,950.7,978.6,939.8,966.5,1.7583
2004-08-25,947.3,958.3,931.8,943.2,-2.4108
2004-08-26,920.4,931.1,904.7,915.1,-2.9792
2004-08-27,901.7,911.8,882.6,892.6,-2.4587
2004-08-30,869.8,885.2,856.5,875.5,-1.9158
2004-08-31,918.3,941.0,905.2,918.5,4.9115
2004-09-01,897.8,903.1,878.8,886.0,-3.5384
2004-09-02,879.7,898.2,867.9,892.5,0.7336
2004-09-03,881.2,891.5,869.4,879.2,-1.4902
2004-09-06,856.2,864.3,845.2,855.7,-2.6729
2004-09-07,831.7,840.7,821.8,834.4,-2.4892
2004-09-08,825.5,832.1,811.2,819.6,-1.7737
2004-09-09,816.9,822.2,796.6,803.0,-2.0254
2004-09-10,787.3,798.6,776.9,792.1,-1.3574
2004-09-13,785.1,790.9,761.6,768.3,-3.0047
2004-09-14,806.2,839.0,803.5,829.2,7.9266
2004-09-15,989.3,1056.3,982.3,1035.5,24.8794
2004-09-16,1145.1,1173.4,1128.4,1158.1,11.8397
2004-09-17,1322.0,1372.4,1306.4,1364.2001,17.7964
2004-09-20,1603.9,1669.1,1585.8,1657.9,21.5291
2004-09-21,1830.1,1868.3,1777.2001,1821.5,9.8679
2004-09-22,1915.2001,1958.4,1863.0,1886.9,3.5904
2004-09-23,1915.6,1989.7001,1888.0,1978.9,4.8757
2004-09-24,2205.8,2268.7,2121.8,2136.8,7.9792
2004-09-27,2157.8,2202.7,2089.6001,2114.6001,-1.0389
2004-09-28,2082.4001,2120.8,2045.1,2092.9001,-1.0262
2004-09-29,2043.5,2065.8,2000.5,2017.0,-3.6266
2004-09-30,1968.4,1991.1,1918.5,1938.0,-3.9167
2004-10-08,1905.8,1975.8,1868.3,1965.8,
2004-10-11,2032.8,2089.1001,1992.3,2028.5,3.1895
2004-10-12,2015.3,2042.1,1963.0,1986.0,-2.0951
2004-10-13,1956.7001,1996.9,1921.3,1963.1,-1.1531
2004-10-14,1963.5,1978.0,1848.1,1862.1,-5.1449
2004-10-15,1824.4,1869.1,1781.8,1831.9,-1.6218
2004-10-18,1789.6,1825.1,1753.2001,1796.9,-1.9106
2004-10-19,1776.1,1820.8,1748.1,1768.8,-1.5638
2004-10-20,1729.4,1754.3,1681.4,1729.0,-2.2501
2004-10-21,1737.8,1771.1,1689.3,1713.9,-0.8733
2004-10-22,1728.7001,1774.1,1678.9,1746.8,1.9196
2004-10-25,1779.8,1812.6,1721.9,1744.9,-0.1088
2004-10-26,1743.7001,1786.9,1699.0,1769.0,1.3812
2004-10-27,1797.9,1843.5,1758.9,1821.6,2.9734
2004-10-28,1843.6,1880.4,1803.6,1831.4,0.538
2004-10-29,1793.3,1855.7001,1753.1,1809.1,-1.2176
2004-11-01,1756.8,1787.9,1720.6,1742.5,-3.6814
2004-11-02,1691.8,1720.4,1660.4,1693.3,-2.8235
2004-11-03,1674.3,1716.7001,1654.5,1704.5,0.6614
2004-11-04,1689.0,1709.0,1633.5,1645.9,-3.438
2004-11-05,1607.3,1632.6,1578.9,1601.5,-2.6976
2004-11-08,1533.5,1555.3,1509.7001,1540.3,-3.8214
2004-11-09,1480.1,1501.5,1462.7001,1484.9,-3.5967
2004-11-10,1553.4,1629.0,1536.3,1614.8,8.7481
2004-11-11,1715.1,1759.3,1685.5,1700.6,5.3134
2004-11-12,1692.7001,1727.2001,1670.9,1698.4,-0.1294
2004-11-15,1687.3,1719.5,1670.0,1705.2001,0.4004
2004-11-16,1690.9,1710.4,1661.9,1684.7001,-1.2022
2004-11-17,1655.0,1671.5,1623.6,1642.7001,-2.493
2004-11-18,1612.6,1645.0,1601.1,1635.7001,-0.4261
2004-11-19,1626.6,1648.9,1603.7001,1631.3,-0.269
2004-11-22,1643.8,1672.4,1624.6,1652.1,1.2751
2004-11-23,1660.1,1681.0,1629.2001,1651.1,-0.0605
2004-11-24,1653.9,1676.8,1617.4,1630.9,-1.2234
2004-11-25,1607.2001,1631.0,1579.7001,1603.0,-1.7107
2004-11-26,1563.1,1588.7001,1545.9,1564.2001,-2.4205
2004-11-29,1523.7001,1541.3,1490.8,1505.2001,-3.7719
2004-11-30,1460.4,1487.1,1445.5,1470.3,-2.3186
2004-12-01,1436.7001,1457.4,1415.2001,1433.1,-2.5301
2004-12-02,1426.2001,1451.8,1404.4,1434.2001,0.0768
2004-12-03,1435.7001,1465.9,1418.8,1442.6,0.5857
2004-12-06,1417.3,1438.0,1395.4,1418.8,-1.6498
2004-12-07,1393.5,1407.1,1358.9,1368.9,-3.5171
2004-12-08,1341.2001,1361.0,1321.6,1337.0,-2.3303
2004-12-09,1347.0,1380.6,1325.1,1355.4,1.3762
2004-12-10,1336.5,1350.3,1299.1,1309.4,-3.3938
2004-12-13,1269.3,1287.3,1246.2001,1268.8,-3.1007
2004-12-14,1230.1,1247.0,1213.6,1226.7001,-3.3181
2004-12-15,1220.5,1238.8,1190.4,1216.9,-0.7989
2004-12-16,1189.1,1204.0,1169.4,1181.0,-2.9501
2004-12-17,1143.2001,1157.4,1124.5,1135.2001,-3.8781
2004-12-20,1103.1,1118.1,1081.7001,1097.6,-3.3122
2004-12-21,1063.5,1082.5,1052.7001,1065.9,-2.8881
2004-12-22,1083.7001,1123.0,1074.4,1116.9,4.7847
2004-12-23,1101.5,1107.6,1069.0,1075.6,-3.6977
2004-12-24,1046.8,1066.7001,1037.7001,1052.0,-2.1941
2004-12-27,1024.3,1037.5,1010.5,1022.2,-2.8327
2004-12-28,1003.9,1017.5,987.8,1002.9,-1.8881
2004-12-29,990.1,1003.1,973.4,983.1,-1.9743
2004-12-30,974.4,987.4,957.9,973.1,-1.0172
2004-12-31,966.7,978.7,946.3,955.8,-1.7778
2005-01-04,934.8,946.2,911.8,927.9,-2.919
2005-01-05,922.0,950.2,913.7,939.1,1.207
2005-01-06,927.6,935.4,907.7,918.9,-2.151
2005-01-07,917.2,938.7,905.6,920.3,0.1524
2005-01-10,907.3,923.7,897.0,918.1,-0.2391
2005-01-11,907.7,919.5,896.1,910.1,-0.8714
2005-01-12,895.1,905.1,882.5,897.5,-1.3845
2005-01-13,898.5,914.3,888.3,902.5,0.5571
2005-01-14,903.6,918.0,887.3,893.3,-1.0194
2005-01-17,892.1,905.4,871.7,886.1,-0.806
2005-01-18,890.6,910.7,878.7,902.5,1.8508
2005-01-19,896.2,906.4,879.9,890.9,-1.2853
2005-01-20,893.0,906.1,874.5,889.3,-0.1796
2005-01-21,938.7,972.0,913.8,958.3,7.7589
2005-01-24,1035.8,1053.6,1013.3,1034.6,7.962
2005-01-25,1043.9,1056.7001,1021.9,1044.1,0.9182
2005-01-26,1035.6,1047.9,1017.5,1027.3,-1.609
2005-01-27,1013.5,1024.2001,990.2,998.6,-2.7937
2005-01-28,979.2,991.7,957.4,968.7,-2.9942
2005-01-31,954.3,965.4,926.7,939.9,-2.9731
2005-02-01,932.6,954.7,917.2,930.2,-1.032
2005-02-02,996.0,1059.4,989.6,1052.8,13.18
2005-02-03,1113.4,1135.7001,1083.2001,1098.6,4.3503
2005-02-04,1133.9,1173.9,1121.7001,1161.3,5.7073
2005-02-16,1179.9,1204.4,1165.1,1183.1,
2005-02-17,1170.1,1186.3,1150.4,1174.6,-0.7185
2005-02-18,1158.2001,1169.2001,1134.7001,1141.9,-2.7839
2005-02-21,1144.1,1173.4,1136.5,1167.0,2.1981
2005-02-22,1247.5,1288.3,1236.4,1277.1,9.4344
2005-02-23,1357.0,1384.8,1334.7001,1362.5,6.687
2005-02-24,1400.6,1426.7001,1379.7001,1409.5,3.4495
2005-02-25,1478.0,1511.6,1463.1,1479.0,4.9308
2005-02-28,1497.8,1521.0,1472.7001,1493.4,0.9736
2005-03-01,1486.8,1507.3,1462.2001,1483.9,-0.6361
2005-03-02,1508.3,1531.1,1469.7001,1480.8,-0.2089
2005-03-03,1458.2001,1483.9,1439.6,1472.5,-0.5605
2005-03-04,1445.7001,1461.9,1423.9,1436.8,-2.4244
2005-03-07,1413.5,1436.8,1398.2001,1419.7001,-1.1901
2005-03-08,1461.0,1497.9,1448.5,1489.3,4.9024
2005-03-09,1532.4,1554.4,1509.1,1530.0,2.7328
2005-03-10,1546.9,1559.1,1496.5,1508.9,-1.3791
2005-03-11,1506.7001,1538.4,1488.6,1519.1,0.676
2005-03-14,1554.1,1587.8,1516.6,1556.8,2.4817
2005-03-15,1560.6,1579.9,1522.8,1538.6,-1.1691
2005-03-16,1523.6,1542.2001,1486.8,1509.2001,-1.9108
2005-03-17,1491.3,1512.4,1458.0,1473.2001,-2.3854
2005-03-18,1453.9,1474.2001,1412.0,1430.0,-2.9324
2005-03-21,1390.4,1416.9,1367.5,1397.3,-2.2867
2005-03-22,1395.6,1415.6,1343.1,1368.3,-2.0754
2005-03-23,1363.9,1398.6,1336.0,1362.2001,-0.4458
2005-03-24,1344.5,1372.0,1316.3,1357.2001,-0.3671
2005-03-25,1323.4,1340.4,1302.7001,1320.3,-2.7188
2005-03-28,1285.3,1300.4,1253.4,1283.2001,-2.81
2005-03-29,1255.0,1276.3,1235.8,1246.6,-2.8523
2005-03-30,1230.3,1241.5,1189.5,1203.1,-3.4895
2005-03-31,1176.9,1202.4,1158.1,1192.3,-0.8977
2005-04-01,1237.8,1312.3,1217.9,1289.5,8.1523
2005-04-04,1284.7001,1307.1,1255.4,1277.4,-0.9383
2005-04-05,1262.5,1286.7001,1241.0,1256.3,-1.6518
2005-04-06,1294.6,1338.1,1272.2001,1322.1,5.2376
2005-04-07,1407.5,1462.3,1391.1,1422.1,7.5637
2005-04-08,1451.6,1489.5,1434.1,1479.5,4.0363
2005-04-11,1518.9,1545.8,1484.6,1509.1,2.0007
2005-04-12,1495.5,1513.1,1458.8,1472.1,-2.4518
2005-04-13,1514.3,1562.5,1502.0,1537.0,4.4087
2005-04-14,1543.4,1562.0,1501.6,1516.0,-1.3663
2005-04-15,1496.4,1514.8,1459.2001,1479.8,-2.3879
2005-04-18,1448.5,1467.7001,1414.8,1438.4,-2.7977
2005-04-19,1410.2001,1434.5,1386.2001,1412.1,-1.8284
2005-04-20,1386.2001,1399.6,1345.8,1366.5,-3.2292
2005-04-21,1356.9,1382.0,1321.6,1346.9,-1.4343
2005-04-22,1342.0,1367.8,1309.6,1333.0,-1.032
2005-04-25,1323.5,1342.7001,1277.2001,1310.9,-1.6579
2005-04-26,1310.4,1349.2001,1289.5,1329.2001,1.396
2005-04-27,1326.4,1343.8,1288.1,1303.9,-1.9034
2005-04-28,1321.0,1371.9,1292.9,1354.6,3.8883
2005-04-29,1349.8,1371.4,1316.2001,1334.4,-1.4912
2005-05-09,1336.2001,1355.0,1281.0,1294.0,
2005-05-10,1277.8,1306.1,1241.0,1289.8,-0.3246
2005-05-11,1265.5,1288.9,1234.2001,1253.9,-2.7834
2005-05-12,1243.4,1264.5,1209.6,1231.9,-1.7545
2005-05-13,1221.9,1255.4,1201.0,1232.7001,0.0649
2005-05-16,1203.8,1219.0,1170.8,1193.4,-3.1881
2005-05-17,1174.1,1207.1,1160.0,1189.3,-0.3436
2005-05-18,1174.0,1195.5,1153.1,1180.2001,-0.7651
2005-05-19,1157.1,1172.5,1133.6,1158.3,-1.8556
2005-05-20,1130.4,1148.1,1114.6,1128.2001,-2.5986
2005-05-23,1100.2001,1107.8,1066.8,1078.5,-4.4053
2005-05-24,1062.0,1094.2001,1046.3,1079.6,0.102
2005-05-25,1060.6,1080.4,1045.2001,1061.7001,-1.658
2005-05-26,1043.7001,1058.5,1021.4,1032.5,-2.7503
2005-05-27,1016.9,1037.0,998.3,1009.9,-2.1889
2005-05-30,988.7,1011.0,974.6,1001.5,-0.8318
2005-05-31,988.1,1002.8,974.5,985.7,-1.5776
2005-06-01,974.8,985.3,942.3,954.7,-3.145
2005-06-02,956.0,969.0,927.3,943.1,-1.215
2005-06-03,933.7,952.3,912.1,933.4,-1.0285
2005-06-06,930.5,962.0,911.6,956.7,2.4963
2005-06-07,993.8,1024.4,978.3,991.4,3.6271
2005-06-08,1166.2001,1261.3,1152.5,1252.3,26.3163
2005-06-09,1412.1,1461.2001,1380.8,1431.4,14.3017
2005-06-10,1491.4,1509.7001,1439.1,1460.1,2.005
2005-06-13,1457.7001,1486.1,1420.6,1457.9,-0.1507
2005-06-14,1458.8,1482.9,1417.7001,1428.0,-2.0509
2005-06-15,1402.3,1417.6,1360.0,1377.3,-3.5504
2005-06-16,1356.0,1387.1,1333.0,1374.7001,-0.1888
2005-06-17,1381.2001,1401.9,1345.2001,1365.6,-0.662
2005-06-20,1408.8,1463.4,1376.6,1453.7001,6.4514
2005-06-21,1454.0,1470.3,1423.5,1440.0,-0.9424
2005-06-22,1421.2001,1444.6,1400.7001,1430.4,-0.6667
2005-06-23,1408.6,1430.2001,1385.9,1398.6,-2.2232
2005-06-24,1366.8,1388.2001,1351.8,1379.4,-1.3728
2005-06-27,1435.2001,1478.5,1429.4,1458.5,5.7344
2005-06-28,1446.7001,1456.4,1415.0,1430.0,-1.9541
2005-06-29,1415.6,1434.1,1394.3,1405.9,-1.6853
2005-06-30,1389.7001,1400.2001,1349.3,1358.2001,-3.3928
2005-07-01,1338.7001,1352.9,1293.4,1307.4,-3.7403
2005-07-04,1272.6,1292.3,1235.7001,1276.5,-2.3635
2005-07-05,1240.7001,1258.2001,1218.5,1235.1,-3.2432
2005-07-06,1199.4,1217.2001,1175.5,1190.0,-3.6515
2005-07-07,1146.4,1165.8,1133.2001,1152.3,-3.1681
2005-07-08,1120.5,1128.2001,1084.6,1097.0,-4.7991
2005-07-11,1089.4,1119.0,1060.1,1068.6,-2.5889
2005-07-12,1085.2001,1142.0,1070.4,1130.8,5.8207
2005-07-13,1115.3,1130.0,1093.7001,1110.5,-1.7952
2005-07-14,1094.0,1117.5,1081.1,1098.9,-1.0446
2005-07-15,1085.0,1098.8,1055.9,1067.5,-2.8574
2005-07-18,1040.9,1054.9,1015.9,1031.7001,-3.3536
2005-07-19,1004.6,1025.3,991.9,1012.8,-1.8319
2005-07-20,994.4,1013.1,982.6,1002.1,-1.0565
2005-07-21,989.2,1001.6,970.0,989.0,-1.3073
2005-07-22,1061.9,1097.8,1046.8,1078.6,9.0597
2005-07-25,1083.8,1100.2001,1065.4,1082.1,0.3245
2005-07-26,1145.7001,1186.9,1138.6,1173.5,8.4465
2005-07-27,1224.7001,1258.2001,1210.3,1251.4,6.6383
2005-07-28,1312.4,1337.5,1293.6,1310.1,4.6907
2005-07-29,1310.3,1329.6,1292.1,1310.2001,0.0076
2005-08-01,1299.3,1324.2001,1286.2001,1308.7001,-0.1145
2005-08-02,1319.8,1345.6,1304.1,1339.5,2.3535
2005-08-03,1422.7001,1460.8,1409.5,1430.6,6.801
2005-08-04,1432.3,1451.8,1410.1,1429.2001,-0.0979
2005-08-05,1487.3,1534.0,1478.5,1525.7001,6.752
2005-08-08,1605.7001,1642.3,1586.1,1614.5,5.8203
2005-08-09,1654.9,1688.4,1628.3,1675.5,3.7783
2005-08-10,1725.8,1758.1,1696.0,1742.1,3.9749
2005-08-11,1828.3,1870.0,1804.5,1850.0,6.1937
2005-08-12,1943.6,1980.5,1885.5,1910.7001,3.2811
2005-08-15,1946.7001,2006.6,1922.3,1992.6,4.2864
2005-08-16,2040.3,2075.3,1991.2001,2023.1,1.5307
2005-08-17,2049.9001,2100.9001,2002.9,2084.1001,3.0152
2005-08-18,2198.7,2251.0,2094.8,2114.4001,1.4539
2005-08-19,2106.2,2164.4001,2060.3,2119.0,0.2176
2005-08-22,2073.0,2122.1001,2041.2001,2096.2,-1.076
2005-08-23,2044.9,2066.3,1986.7001,2019.1,-3.6781
2005-08-24,1978.3,2023.7001,1958.2001,2000.0,-0.946
2005-08-25,1967.6,2004.6,1935.0,1981.6,-0.92
2005-08-26,1957.7001,1990.1,1921.6,1958.7001,-1.1556
2005-08-29,1930.3,1955.9,1880.5,1909.2001,-2.5272
2005-08-30,1857.1,1889.0,1826.3,1849.7001,-3.1165
2005-08-31,1825.4,1871.7001,1801.0,1859.7001,0.5406
2005-09-01,1898.0,1955.5,1877.8,1936.7001,4.1405
2005-09-02,1949.3,1985.0,1922.2001,1957.5,1.074
2005-09-05,1952.0,1990.2001,1928.8,1972.3,0.7561
2005-09-06,2010.8,2042.0,1945.4,1962.8,-0.4817
2005-09-07,1968.4,2033.2001,1945.5,2021.8,3.0059
2005-09-08,2052.4001,2089.8,2012.6,2051.9001,1.4888
2005-09-09,2021.4,2048.7,1983.9,2005.4,-2.2662
2005-09-12,1954.8,1983.4,1929.6,1961.3,-2.1991
2005-09-13,1960.5,2006.1,1944.1,1998.3,1.8865
2005-09-14,2035.9,2070.9001,2009.6,2050.4001,2.6072
2005-09-15,2051.6001,2082.3,2025.3,2057.1001,0.3268
2005-09-16,2035.6,2061.1001,2008.2001,2036.0,-1.0257
2005-09-19,2030.4,2067.6001,2010.7001,2053.3,0.8497
2005-09-20,2088.9001,2115.8,2042.2001,2075.3,1.0714
2005-09-21,2093.6001,2120.4001,2040.5,2062.5,-0.6168
2005-09-22,2063.2,2085.2,1968.0,2005.1,-2.783
2005-09-23,1950.6,1986.2001,1912.1,1934.0,-3.546
2005-09-26,1869.1,1902.6,1842.2001,1881.1,-2.7353
2005-09-27,1846.8,1869.1,1791.5,1808.3,-3.8701
2005-09-28,1757.9,1788.9,1730.4,1752.8,-3.0692
2005-09-29,1727.2001,1773.8,1713.8,1759.5,0.3822
2005-09-30,1718.9,1744.2001,1692.3,1716.4,-2.4496
2005-10-10,1664.1,1682.8,1622.2001,1641.8,
2005-10-11,1603.5,1648.5,1587.5,1641.0,-0.0487
2005-10-12,1642.3,1675.0,1619.8,1655.3,0.8714
2005-10-13,1645.6,1668.7001,1618.6,1636.9,-1.1116
2005-10-14,1619.7001,1642.2001,1589.4,1606.9,-1.8327
2005-10-17,1592.8,1618.3,1562.7001,1595.7001,-0.697
2005-10-18,1599.7001,1636.3,1582.6,1619.4,1.4852
2005-10-19,1621.1,1647.3,1593.6,1610.1,-0.5743
2005-10-20,1610.9,1634.0,1575.2001,1613.0,0.1801
2005-10-21,1612.1,1644.8,1594.5,1622.9,0.6138
2005-10-24,1615.7001,1641.5,1590.6,1618.7001,-0.2588
2005-10-25,1611.8,1627.6,1573.2001,1587.4,-1.9337
2005-10-26,1586.2001,1604.3,1537.4,1551.8,-2.2427
2005-10-27,1538.0,1567.0,1506.6,1536.2001,-1.0053
2005-10-28,1529.7001,1549.8,1472.9,1500.7001,-2.3109
2005-10-31,1475.3,1510.8,1455.2001,1490.6,-0.673
2005-11-01,1468.1,1485.9,1428.7001,1462.8,-1.865
2005-11-02,1464.9,1506.9,1455.0,1489.8,1.8458
2005-11-03,1478.1,1498.9,1447.7001,1466.1,-1.5908
2005-11-04,1437.0,1460.2001,1416.2001,1447.2001,-1.2891
2005-11-07,1418.6,1441.2001,1396.7001,1428.7001,-1.2783
2005-11-08,1410.0,1434.2001,1392.5,1421.5,-0.504
2005-11-09,1419.1,1443.0,1400.1,1416.3,-0.3658
2005-11-10,1410.4,1425.2001,1370.4,1382.3,-2.4006
2005-11-11,1353.8,1381.0,1335.2001,1362.6,-1.4252
2005-11-14,1319.4,1337.1,1300.7001,1322.7001,-2.9282
2005-11-15,1306.4,1324.6,1280.2001,1294.5,-2.132
2005-11-16,1273.2001,1293.3,1249.7001,1285.4,-0.703
2005-11-17,1265.1,1282.7001,1249.7001,1265.3,-1.5637
2005-11-18,1307.5,1356.1,1299.5,1340.8,5.967
2005-11-21,1336.1,1354.9,1322.0,1338.9,-0.1417
2005-11-22,1324.4,1334.1,1293.2001,1300.1,-2.8979
2005-11-23,1269.3,1295.2001,1260.8,1284.8,-1.1768
2005-11-24,1280.2001,1304.7001,1270.4,1288.2001,0.2646
2005-11-25,1272.7001,1286.9,1257.8,1275.5,-0.9859
2005-11-28,1254.6,1268.2001,1236.1,1249.5,-2.0384
2005-11-29,1225.4,1235.1,1204.6,1212.5,-2.9612
2005-11-30,1195.7001,1212.8,1181.5,1203.3,-0.7588
2005-12-01,1177.0,1191.1,1163.1,1176.8,-2.2023
2005-12-02,1167.2001,1181.3,1147.8,1160.0,-1.4276
2005-12-05,1149.5,1157.9,1119.4,1128.3,-2.7328
2005-12-06,1112.1,1133.6,1100.3,1121.2001,-0.6293
2005-12-07,1105.0,1124.2001,1096.0,1116.2001,-0.446
2005-12-08,1107.5,1121.7001,1092.3,1106.9,-0.8332
2005-12-09,1113.9,1140.8,1105.2001,1133.8,2.4302
2005-12-12,1134.7001,1151.5,1123.5,1140.6,0.5998
2005-12-13,1134.8,1147.8,1118.9,1138.4,-0.1929
2005-12-14,1156.3,1177.2001,1144.0,1168.5,2.6441
2005-12-15,1193.3,1208.7001,1176.4,1186.6,1.549
2005-12-16,1185.3,1204.5,1176.5,1196.9,0.868
2005-12-19,1187.2001,1199.4,1175.3,1188.5,-0.7018
2005-12-20,1181.9,1195.3,1170.3,1187.6,-0.0757
2005-12-21,1183.6,1194.7001,1168.5,1176.4,-0.9431
2005-12-22,1168.4,1184.6,1159.3,1177.9,0.1275
2005-12-23,1192.2001,1210.6,1185.0,1203.7001,2.1903
2005-12-26,1244.9,1265.5,1236.5,1254.1,4.1871
2005-12-27,1265.7001,1277.5,1250.6,1264.0,0.7894
2005-12-28,1268.9,1282.3,1256.9,1272.6,0.6804
2005-12-29,1334.7001,1360.5,1325.9,1349.8,6.0663
2005-12-30,1394.5,1407.8,1366.8,1379.3,2.1855
2006-01-04,1433.2001,1466.9,1421.1,1455.9,5.5535
2006-01-05,1547.0,1580.5,1530.4,1567.7001,7.6791
2006-01-06,1676.0,1713.0,1654.9,1689.6,7.7757
2006-01-09,1752.8,1785.4,1731.6,1767.9,4.6342
2006-01-10,1811.5,1836.8,1783.6,1821.6,3.0375
2006-01-11,1878.3,1907.9,1844.0,1869.6,2.635
2006-01-12,1904.5,1948.5,1887.2001,1936.7001,3.589
2006-01-13,1979.6,2008.6,1947.9,1974.2001,1.9363
2006-01-16,1993.1,2018.3,1951.6,1964.6,-0.4863
2006-01-17,1946.7001,1978.5,1926.1,1955.3,-0.4734
2006-01-18,1975.1,2029.9,1963.7001,2015.2001,3.0635
2006-01-19,2063.3,2101.1001,2036.4,2078.3,3.1312
2006-01-20,2127.7,2166.4001,2094.3,2135.2,2.7378
2006-01-23,2171.4001,2213.3,2139.4001,2185.2,2.3417
2006-01-24,2235.9001,2280.1001,2198.8,2233.0,2.1874
2006-01-25,2247.2,2293.1001,2210.2,2259.4001,1.1823
2006-02-06,2295.9001,2360.1001,2273.1001,2343.4001,
2006-02-07,2422.5,2470.0,2369.3,2417.5,3.1621
2006-02-08,2439.0,2478.7,2397.8,2447.4001,1.2368
2006-02-09,2450.1001,2476.9001,2397.9001,2421.0,-1.0787
2006-02-10,2417.0,2469.0,2395.0,2445.5,1.012
2006-02-13,2444.2,2472.3,2392.3,2435.6001,-0.4048
2006-02-14,2414.2,2454.8,2389.0,2433.0,-0.1068
2006-02-15,2448.8,2487.7,2420.0,2449.3,0.67
2006-02-16,2476.9001,2497.3,2394.9001,2419.5,-1.2167
2006-02-17,2404.8,2448.1001,2367.9001,2396.4001,-0.9547
2006-02-20,2377.8,2418.2,2346.0,2372.7,-0.989
2006-02-21,2378.8,2431.5,2346.0,2420.8,2.0272
2006-02-22,2426.5,2464.6001,2399.7,2425.9001,0.2107
2006-02-23,2399.8,2431.2,2363.4001,2404.6001,-0.878
2006-02-24,2391.6001,2428.2,2372.1001,2408.2,0.1497
2006-02-27,2442.0,2467.1001,2404.1001,2425.8,0.7308
2006-02-28,2402.7,2433.8,2360.4001,2418.5,-0.3009
2006-03-01,2406.5,2442.2,2385.7,2421.0,0.1034
2006-03-02,2438.5,2463.8,2376.8,2398.1001,-0.9459
2006-03-03,2388.9001,2427.8,2355.5,2398.4001,0.0125
2006-03-06,2363.0,2391.2,2329.7,2353.6001,-1.8679
2006-03-07,2330.5,2343.3,2264.4001,2277.4001,-3.2376
2006-03-08,2239.3,2265.4001,2200.9001,2237.1001,-1.7696
2006-03-09,2177.4001,2202.0,2148.7,2168.9001,-3.0486
2006-03-10,2114.4001,2145.4001,2097.7,2123.1001,-2.1117
2006-03-13,2075.0,2108.0,2060.9001,2095.5,-1.3
2006-03-14,2053.0,2073.1001,2028.0,2053.8,-1.99
2006-03-15,2038.1,2073.7,2024.5,2062.0,0.3993
2006-03-16,2046.9,2070.9001,2025.3,2048.1001,-0.6741
2006-03-17,2034.4,2055.6001,2008.0,2028.9,-0.9375
2006-03-20,2023.7001,2059.1001,2005.3,2048.8,0.9808
2006-03-21,2072.0,2106.7,2054.6001,2080.8,1.5619
2006-03-22,2094.1001,2129.3,2073.9001,2115.8,1.682
2006-03-23,2147.6001,2181.3,2123.5,2157.0,1.9473
2006-03-24,2184.7,2214.1001,2151.6001,2171.5,0.6722
2006-03-27,2176.3,2211.1001,2153.0,2196.3,1.1421
2006-03-28,2226.6001,2262.1001,2205.3,2239.3,1.9578
2006-03-29,2322.9001,2372.6001,2299.6001,2331.9001,4.1352
2006-03-30,2357.8,2389.3,2316.8,2337.8,0.253
2006-03-31,2361.8,2409.7,2332.7,2386.7,2.0917
2006-04-03,2454.5,2524.3,2434.1001,2505.0,4.9566
2006-04-04,2592.4001,2644.3,2554.5,2614.9001,4.3872
2006-04-05,2693.7,2752.3,2662.1001,2719.4001,3.9963
2006-04-06,2809.3,2876.1001,2767.3,2817.8,3.6184
2006-04-07,2884.0,2942.8,2835.8,2900.5,2.9349
2006-04-10,2967.9001,3039.0,2927.0,3011.8,3.8373
2006-04-11,3096.1001,3152.7,3039.3,3095.8,2.789
2006-04-12,3115.9001,3166.0,3059.6001,3105.6001,0.3166
2006-04-13,3145.3,3189.8,3038.0,3060.2,-1.4619
2006-04-14,3060.1001,3162.0,3026.6001,3142.3,2.6828
2006-04-17,3179.4001,3252.2,3133.4001,3197.4001,1.7535
2006-04-18,3212.3,3276.2,3161.9001,3228.3,0.9664
2006-04-19,3266.4001,3328.7,3201.2,3277.3,1.5178
2006-04-20,3331.2,3398.8,3250.7,3318.7,1.2632
2006-04-21,3364.7,3467.1001,3302.7,3411.1001,2.7842
2006-04-24,3510.4001,3588.6001,3400.6001,3480.1001,2.0228
2006-04-25,3501.5,3609.1001,3404.8,3530.9001,1.4597
2006-04-26,3595.8,3722.8,3514.4001,3617.4001,2.4498
2006-04-27,3610.1001,3693.1001,3537.1001,3617.6001,0.0055
2006-04-28,3622.5,3767.4001,3549.1001,3717.2,2.7532
2006-05-08,3814.4001,3970.8,3782.3,3937.2,
2006-05-09,4097.6001,4252.6001,4039.2,4188.8003,6.3903
2006-05-10,4328.2002,4459.3003,4226.2002,4369.0,4.3019
2006-05-11,4543.2002,4715.2002,4425.3003,4503.6001,3.0808
2006-05-12,4621.1001,4824.8999,4563.8003,4781.8999,6.1795
2006-05-15,5052.7002,5254.5,4950.8999,5210.8999,8.9713
2006-05-16,5449.7002,5594.3999,5164.8003,5272.2002,1.1764
2006-05-17,5326.0,5528.8999,5162.8003,5362.8003,1.7184
2006-05-18,5298.3003,5452.8003,5140.8999,5346.2002,-0.3095
2006-05-19,5391.3999,5608.8003,5312.8999,5526.3003,3.3687
2006-05-22,5571.6001,5765.2002,5460.5,5622.8999,1.748
2006-05-23,5586.3003,5660.6001,5315.5,5385.3003,-4.2256
2006-05-24,5392.5,5558.3003,5137.6001,5301.3999,-1.558
2006-05-25,5134.5,5266.8999,5022.8003,5177.2002,-2.3428
2006-05-26,5108.3003,5247.0,5046.8003,5186.2002,0.1738
2006-05-29,5171.7002,5323.5,5085.3999,5272.2002,1.6582
2006-05-30,5285.3999,5416.8999,5183.0,5331.2002,1.1191
2006-05-31,5306.8003,5430.7002,5165.3999,5270.8999,-1.1311
2006-06-01,5286.3999,5515.3999,5231.8999,5458.7002,3.563
2006-06-02,5566.0,5703.2002,5395.8999,5516.6001,1.0607
2006-06-05,5510.5,5665.5,5365.2002,5580.6001,1.1601
2006-06-06,5517.8999,5641.3999,5394.1001,5495.3003,-1.5285
2006-06-07,5489.7002,5554.8003,5106.8003,5152.8003,-6.2326
2006-06-08,5043.0,5190.7002,4885.8003,5107.8999,-0.8714
2006-06-09,4999.3999,5103.3999,4837.1001,4895.0,-4.1681
2006-06-12,4706.1001,4842.6001,4620.7002,4751.2002,-2.9377
2006-06-13,4621.1001,4739.8999,4537.2002,4641.8003,-2.3026
2006-06-14,4488.5,4558.8999,4357.0,4471.8999,-3.6602
2006-06-15,4337.2002,4438.8999,4281.8003,4347.7002,-2.7773
2006-06-16,4279.5,4401.3999,4249.2002,4362.5,0.3404
2006-06-19,4278.0,4439.8003,4214.2002,4372.8003,0.2361
2006-06-20,4299.3003,4392.7002,4236.8003,4336.2002,-0.837
2006-06-21,4292.6001,4376.6001,4208.7002,4287.6001,-1.1208
2006-06-22,4195.3999,4278.2002,4135.0,4203.3003,-1.9661
2006-06-23,4144.1001,4241.1001,4084.8,4191.5,-0.2807
2006-06-26,4182.7002,4297.0,4139.6001,4243.6001,1.243
2006-06-27,4223.0,4299.0,4151.7002,4225.8003,-0.4195
2006-06-28,4157.8003,4227.8999,4093.2,4160.5,-1.5453
2006-06-29,4220.7002,4351.8003,4193.3003,4300.3003,3.3602
2006-06-30,4368.7002,4441.3999,4278.6001,4342.6001,0.9836
2006-07-03,4389.5,4503.8999,4333.0,4460.5,2.715
2006-07-04,4533.1001,4611.8999,4424.3999,4503.6001,0.9663
2006-07-05,4475.6001,4532.5,4338.6001,4435.6001,-1.5099
2006-07-06,4497.0,4651.5,4461.0,4602.2002,3.756
2006-07-07,4619.3003,4700.2002,4529.7002,4594.8003,-0.1608
2006-07-10,4520.3003,4603.1001,4432.3999,4535.2002,-1.2971
2006-07-11,4500.7002,4589.2002,4427.2002,4530.8999,-0.0948
2006-07-12,4561.8003,4664.1001,4484.7002,4560.1001,0.6445
2006-07-13,4685.2002,4737.3003,4373.3003,4412.3003,-3.2412
2006-07-14,4321.5,4488.2002,4267.0,4409.3003,-0.068
2006-07-17,4319.3003,4440.8003,4262.8999,4393.6001,-0.3561
2006-07-18,4295.5,4368.6001,4216.0,4318.8999,-1.7002
2006-07-19,4236.1001,4279.3003,4077.4001,4137.2002,-4.2071
2006-07-20,4020.2,4112.1001,3967.8,4052.0,-2.0594
2006-07-21,3950.6001,4034.6001,3902.5,3975.8,-1.8806
2006-07-24,3845.5,3937.5,3772.7,3898.7,-1.9392
2006-07-25,3853.2,3953.3,3824.9001,3902.6001,0.1
2006-07-26,3839.6001,3896.5,3779.9001,3833.0,-1.7834
2006-07-27,3795.2,3851.0,3699.7,3755.7,-2.0167
2006-07-28,3710.6001,3761.5,3608.2,3678.9001,-2.0449
2006-07-31,3644.5,3676.0,3481.2,3511.0,-4.5639
2006-08-01,3460.6001,3526.1001,3382.4001,3422.3,-2.5263
2006-08-02,3357.2,3410.9001,3266.0,3341.9001,-2.3493
2006-08-03,3248.3,3294.5,3184.8,3237.6001,-3.121
2006-08-04,3178.2,3219.7,3062.2,3086.3,-4.6732
2006-08-07,3003.8,3058.3,2928.4001,2975.0,-3.6063
2006-08-08,2914.2,3007.4001,2895.3,2989.4001,0.484
2006-08-09,2920.3,2962.9001,2869.1001,2916.9001,-2.4252
2006-08-10,2879.7,2949.4001,2857.5,2926.1001,0.3154
2006-08-11,2877.4001,2923.7,2835.6001,2888.2,-1.2952
2006-08-14,2850.1001,2883.2,2747.4001,2776.4001,-3.8709
2006-08-15,2748.6001,2823.8,2720.6001,2808.3,1.149
2006-08-16,2804.9001,2873.1001,2776.9001,2846.9001,1.3745
2006-08-17,2791.8,2819.2,2731.3,2778.4001,-2.4061
2006-08-18,2717.2,2763.1001,2683.3,2710.1001,-2.4582
2006-08-21,2594.6001,2703.6001,2564.9001,2690.2,-0.7343
2006-08-22,2683.8,2747.0,2659.7,2713.2,0.855
2006-08-23,2720.4001,2768.4001,2684.3,2715.9001,0.0995
2006-08-24,2682.8,2730.6001,2649.9001,2710.7,-0.1915
2006-08-25,2716.0,2763.6001,2685.4001,2718.7,0.2951
2006-08-28,2801.5,2885.2,2776.3,2862.6001,5.293
2006-08-29,2995.1001,3068.1001,2957.4001,2992.4001,4.5343
2006-08-30,2981.8,3043.5,2949.1001,3015.1001,0.7586
2006-08-31,3038.9001,3095.9001,3001.2,3053.6001,1.2769
2006-09-01,3077.8,3115.7,2992.9001,3022.0,-1.0348
2006-09-04,3010.4001,3096.6001,2989.6001,3074.3,1.7306
2006-09-05,3112.4001,3170.1001,3065.0,3114.9001,1.3206
2006-09-06,3119.0,3167.4001,3068.9001,3131.1001,0.5201
2006-09-07,3113.9001,3139.8,3033.2,3065.5,-2.0951
2006-09-08,3006.4001,3063.2,2978.5,3019.1001,-1.5136
2006-09-11,3007.3,3060.0,2950.1001,3024.8,0.1888
2006-09-12,3038.9001,3093.3,3005.6001,3053.3,0.9422
2006-09-13,3094.3,3139.0,3032.4001,3057.7,0.1441
2006-09-14,3047.8,3097.5,2994.0,3054.8,-0.0948
2006-09-15,3106.0,3182.7,3079.6001,3151.6001,3.1688
2006-09-18,3201.1001,3267.6001,3164.7,3232.7,2.5733
2006-09-19,3266.1001,3319.9001,3218.8,3263.6001,0.9559
2006-09-20,3263.9001,3320.2,3220.4001,3279.3,0.4811
2006-09-21,3293.4001,3353.7,3256.4001,3306.9001,0.8416
2006-09-22,3359.7,3411.6001,3287.6001,3325.5,0.5625
2006-09-25,3331.0,3399.7,3274.6001,3336.5,0.3308
2006-09-26,3307.1001,3352.1001,3239.6001,3287.6001,-1.4656
2006-09-27,3242.8,3306.6001,3205.8,3275.4001,-0.3711
2006-09-28,3284.0,3354.0,3250.7,3312.4001,1.1296
2006-09-29,3359.6001,3433.1001,3333.3,3390.8,2.3669
2006-10-09,3525.5,3606.9001,3474.3,3559.4001,
2006-10-10,3665.9001,3740.9001,3600.8,3675.2,3.2534
2006-10-11,3698.3,3761.2,3632.0,3705.9001,0.8353
2006-10-12,3763.6001,3827.8,3677.3,3723.5,0.4749
2006-10-13,3709.1001,3787.1001,3665.8,3731.7,0.2202
2006-10-16,3753.2,3814.9001,3679.1001,3731.1001,-0.0161
2006-10-17,3702.1001,3764.4001,3642.1001,3692.7,-1.0292
2006-10-18,3662.2,3747.1001,3628.0,3718.1001,0.6878
2006-10-19,3706.4001,3773.5,3659.8,3719.9001,0.0484
2006-10-20,3728.5,3795.1001,3664.0,3714.0,-0.1586
2006-10-23,3734.1001,3785.2,3591.7,3633.5,-2.1675
2006-10-24,3623.3,3741.0,3602.9001,3712.5,2.1742
2006-10-25,3765.3,3833.3,3684.6001,3752.5,1.0774
2006-10-26,3781.8,3850.0,3710.8,3781.5,0.7728
2006-10-27,3878.7,3938.6001,3771.1001,3820.9001,1.0419
2006-10-30,3799.4001,3873.7,3716.9001,3814.6001,-0.1649
2006-10-31,3814.3,3906.9001,3767.0,3864.3,1.3029
2006-11-01,3894.2,3975.9001,3835.7,3926.3,1.6044
2006-11-02,3950.3,4013.2,3868.0,3948.8,0.5731
2006-11-03,3958.0,4045.4001,3908.3,3972.6001,0.6027
2006-11-06,3959.4001,4072.1001,3908.1001,4015.6001,1.0824
2006-11-07,4076.2,4144.5,3974.1001,4067.9001,1.3024
2006-11-08,4009.2,4065.1001,3930.9001,3978.2,-2.2051
2006-11-09,3946.1001,4058.7,3908.9001,4019.6001,1.0407
2006-11-10,4091.9001,4161.6001,3959.6001,4009.9001,-0.2413
2006-11-13,3995.9001,4079.7,3853.1001,3913.2,-2.4115
2006-11-14,3878.0,3967.0,3787.6001,3926.3,0.3348
2006-11-15,3926.5,4048.9001,3872.4001,4016.3,2.2922
2006-11-16,4118.2002,4217.0,4033.4001,4083.4001,1.6707
2006-11-17,4069.3,4193.0,4023.4001,4150.1001,1.6334
2006-11-20,4234.8999,4341.3003,4160.0,4274.1001,2.9879
2006-11-21,4307.6001,4410.7002,4215.7002,4364.2002,2.108
2006-11-22,4451.5,4592.1001,4375.1001,4494.7002,2.9902
2006-11-23,4509.0,4618.8003,4448.3999,4547.2002,1.168
2006-11-24,4605.1001,4711.8003,4524.3999,4643.1001,2.109
2006-11-27,4667.8999,4796.7002,4602.8003,4739.8003,2.0827
2006-11-28,4756.1001,4844.2002,4668.1001,4751.8999,0.2553
2006-11-29,4705.6001,4891.3003,4636.0,4836.2002,1.774
2006-11-30,4980.0,5155.0,4940.5,5084.3999,5.1321
2006-12-01,5253.8999,5401.7002,5172.3003,5284.8003,3.9415
2006-12-04,5449.8999,5662.6001,5396.8999,5588.2002,5.741
2006-12-05,5766.6001,5935.8003,5665.2002,5799.2002,3.7758
2006-12-06,6036.5,6161.8999,5741.6001,5979.6001,3.1108
2006-12-07,6092.3999,6317.0,5978.2002,6071.3999,1.5352
2006-12-08,5967.2002,6097.3999,5751.8003,5811.5,-4.2807
2006-12-11,5760.6001,6054.6001,5729.1001,6021.6001,3.6152
2006-12-12,6008.6001,6149.1001,5856.3003,6011.5,-0.1677
2006-12-13,5937.5,6055.0,5805.2002,5946.3003,-1.0846
2006-12-14,5898.3999,6055.5,5826.3999,5981.2002,0.5869
2006-12-15,6011.8999,6168.1001,5928.5,6079.8003,1.6485
2006-12-18,6199.3999,6400.3003,6119.5,6310.2002,3.7896
2006-12-19,6440.8003,6590.0,6261.7002,6457.8999,2.3406
2006-12-20,6474.5,6664.2002,6353.3003,6577.1001,1.8458
2006-12-21,6657.1001,6801.6001,6497.0,6570.8999,-0.0943
2006-12-22,6540.8999,6689.2002,6416.3999,6535.7002,-0.5357
2006-12-25,6541.8999,6787.6001,6486.3999,6642.5,1.6341
2006-12-26,6613.1001,6753.3999,6439.1001,6574.2002,-1.0282
2006-12-27,6532.5,6733.3999,6445.7002,6639.2002,0.9887
2006-12-28,6664.0,6824.6001,6464.8999,6593.6001,-0.6868
2006-12-29,6714.8999,6963.1001,6659.0,6843.2002,3.7855
2007-01-04,7198.0,7492.8003,7007.3003,7174.5,
2007-01-05,7263.6001,7551.2002,7102.3003,7390.6001,3.0121
2007-01-08,7528.2002,7887.6001,7433.7002,7789.7002,5.4001
2007-01-09,8066.3003,8365.9004,7944.5,8247.1006,5.8719
2007-01-10,8433.7998,8709.6006,8256.5,8596.1006,4.2318
2007-01-11,8772.5,9048.7998,8543.5,8708.7002,1.3099
2007-01-12,8730.4004,8978.2002,8358.9004,8508.7002,-2.2966
2007-01-15,8513.0,9015.9004,8435.2002,8967.0,5.3862
2007-01-16,9171.2002,9476.9004,8966.2998,9328.4004,4.0303
2007-01-17,9600.1006,9891.9004,9161.2002,9422.2002,1.0055
2007-01-18,9473.2998,9820.1006,9159.1006,9630.7002,2.2129
2007-01-19,9817.2002,10236.7002,9694.6006,10098.0,4.8522
2007-01-22,10405.4004,10821.7002,10275.9004,10712.1006,6.0814
2007-01-23,10981.1006,11252.0,10476.1006,10979.7998,2.499
2007-01-24,11016.5,11407.1006,10768.2998,11126.4004,1.3352
2007-01-25,11044.2998,11261.0,10518.9004,10693.9004,-3.8872
2007-01-26,10514.2002,10984.4004,10106.5,10835.1006,1.3204
2007-01-29,10952.6006,11366.2998,10788.6006,11204.5,3.4093
2007-01-30,11192.9004,11440.2002,10833.2002,11057.6006,-1.3111
2007-01-31,10985.0,11184.1006,10250.2002,10389.9004,-6.0384
2007-02-01,10136.4004,10530.2002,9874.1006,10335.2002,-0.5265
2007-02-02,10181.7002,10366.7002,9727.7998,9854.2998,-4.653
2007-02-05,9602.2998,9883.9004,9381.9004,9622.9004,-2.3482
2007-02-06,9566.9004,9870.9004,9273.7002,9767.5,1.5027
2007-02-07,9805.5,10136.6006,9659.4004,9941.7002,1.7835
2007-02-08,9889.7998,10189.4004,9694.2998,10034.1006,0.9294
2007-02-09,9898.0,10111.5,9655.5,9871.9004,-1.6165
2007-02-12,9758.2002,10133.6006,9659.2002,10035.2998,1.6552
2007-02-13,9947.7998,10203.2002,9792.2998,10058.6006,0.2322
2007-02-14,10047.9004,10406.2002,9934.9004,10264.1006,2.043
2007-02-15,10417.5,10789.2002,10308.0,10667.9004,3.9341
2007-02-16,10880.0,11195.7002,10642.5,10872.6006,1.9188
2007-02-26,10975.2002,11387.4004,10719.7998,11253.2002,
2007-02-27,11754.5,11977.6006,10631.6006,10668.1006,-5.1994
2007-02-28,10628.2998,11381.6006,10506.2002,11278.2002,5.7189
2007-03-01,11506.5,11677.9004,10881.4004,11189.5,-0.7865
2007-03-02,11034.7998,11413.0,10868.6006,11196.7998,0.0652
2007-03-05,11171.4004,11447.5,10667.9004,11096.2002,-0.8985
2007-03-06,10849.7002,11162.2002,10636.4004,10980.6006,-1.0418
2007-03-07,10909.6006,11256.7998,10817.4004,11138.2998,1.4362
2007-03-08,11061.6006,11345.1006,10878.7998,11225.0,0.7784
2007-03-09,11283.2002,11507.7998,10994.2002,11239.9004,0.1327
2007-03-12,11248.1006,11548.1006,10996.2002,11392.4004,1.3568
2007-03-13,11417.6006,11710.4004,11234.0,11522.5,1.142
2007-03-14,11468.7002,11732.4004,11057.5,11469.6006,-0.4591
2007-03-15,11443.5,11840.9004,11357.2002,11661.2998,1.6714
2007-03-16,11833.7002,12042.7002,11354.2998,11579.9004,-0.698
2007-03-19,11275.7002,12019.2998,11152.2998,11824.7002,2.114
2007-03-20,11783.2998,12093.5,11607.4004,11923.4004,0.8347
2007-03-21,11983.5,12275.9004,11790.1006,12098.2002,1.466
2007-03-22,12360.7002,12671.2002,12149.7002,12336.7998,1.9722
2007-03-23,12426.0,12725.9004,12121.2002,12542.7998,1.6698
2007-03-26,12726.6006,13108.9004,12570.4004,12955.7002,3.2919
2007-03-27,13086.4004,13426.2998,12876.7998,13228.1006,2.1026
2007-03-28,13663.7998,13949.1006,12961.9004,13607.0,2.8644
2007-03-29,13889.9004,14219.5,13406.7998,13585.1006,-0.1609
2007-03-30,13273.4004,13660.4004,13067.2002,13428.5,-1.1527
2007-04-02,13353.2002,13749.9004,13222.9004,13622.7998,1.4469
2007-04-03,13698.7002,14013.1006,13494.2002,13823.0,1.4696
2007-04-04,13890.1006,14211.6006,13651.7998,13974.1006,1.0931
2007-04-05,14010.4004,14396.4004,13806.6006,14229.7002,1.8291
2007-04-06,14228.7998,14751.4004,14082.7002,14519.1006,2.0338
2007-04-09,14844.1006,15312.7002,14671.1006,15063.4004,3.7489
2007-04-10,15461.0,15847.7998,14980.1006,15588.7998,3.4879
2007-04-11,15920.0,16367.5,15575.2998,16079.7002,3.1491
2007-04-12,16324.2002,16832.2012,16087.9004,16614.2012,3.3241
2007-04-13,16950.7012,17400.0996,16514.4004,16832.7012,1.3151
2007-04-16,16960.2012,17588.2012,16815.0996,17398.9004,3.3637
2007-04-17,17831.7012,18337.5996,17273.5996,18052.3008,3.7554
2007-04-18,18356.4004,18931.8008,17940.9004,18585.0,2.9509
2007-04-19,19003.0996,19262.5996,17557.4004,18112.4004,-2.5429
2007-04-20,18263.2012,19223.0,18190.4004,19011.5,4.964
2007-04-23,19460.0996,20260.4004,19232.0996,20020.0996,5.3052
2007-04-24,20473.5,21031.5,19929.0996,20429.2012,2.0435
2007-04-25,20329.2012,20820.0,19648.5996,20386.7012,-0.208
2007-04-26,20249.2012,20781.7012,19915.7012,20430.2012,0.2134
2007-04-27,20374.4004,20844.8008,19824.2012,20278.7012,-0.7415
2007-04-30,20346.0996,21082.8008,19950.4004,20726.2012,2.2067
2007-05-08,21470.0,22143.0996,21039.3008,21776.0996,
2007-05-09,22352.8008,22951.9004,21245.0,22370.3008,2.7287
2007-05-10,22434.5,23096.4004,21934.0,22607.7012,1.0612
2007-05-11,22369.2012,22865.3008,21745.9004,22446.4004,-0.7135
2007-05-14,22132.4004,23073.9004,21787.0996,22591.0996,0.6446
2007-05-15,22751.9004,23174.9004,21704.9004,21935.7012,-2.9011
2007-05-16,21710.7012,22550.9004,21241.9004,22355.3008,1.9129
2007-05-17,22402.0,23151.8008,22134.0,22763.5,1.826
2007-05-18,22607.0996,23112.7012,22195.9004,22672.0,-0.402
2007-05-21,21980.5,23564.9004,21783.8008,23231.5,2.4678
2007-05-22,23654.7012,24426.7012,23330.2012,23841.2012,2.6245
2007-05-23,23978.2012,24697.0996,23608.2012,24395.4004,2.3245
2007-05-24,24820.9004,25339.5996,23871.2012,24616.9004,0.908
2007-05-25,24548.0,25451.0,24199.0996,25007.5,1.5867
2007-05-28,25559.2012,26357.7012,25175.5,25760.9004,3.0127
2007-05-29,26003.7012,26767.0996,25529.5,26390.0996,2.4425
2007-05-30,25066.0,26683.3008,24562.9004,24876.0996,-5.737
2007-05-31,24477.8008,25582.3008,23218.9004,24602.4004,-1.1002
2007-06-01,24669.0,25534.5,23094.0,23373.0996,-4.9967
2007-06-04,22722.5,23147.3008,20939.8008,21067.8008,-9.863
2007-06-05,20182.9004,21745.4004,19353.3008,21576.0,2.4122
2007-06-06,21593.4004,22373.4004,20737.3008,21812.0,1.0938
2007-06-07,21728.0,22810.9004,21447.5,22559.9004,3.4288
2007-06-08,22529.0996,23235.9004,22058.7012,22724.0996,0.7278
2007-06-11,22830.5,23588.7012,22388.2012,23048.5996,1.428
2007-06-12,23298.8008,24093.0,22255.0996,23753.0996,3.0566
2007-06-13,24088.0996,25047.7012,23729.8008,24508.3008,3.1794
2007-06-14,24226.5996,24841.2012,23439.4004,24004.5,-2.0556
2007-06-15,23358.3008,24188.7012,22970.7012,23649.0,-1.481
2007-06-18,23906.9004,24640.5996,23576.8008,24122.0,2.0001
2007-06-19,23906.7012,24597.9004,23330.7012,24187.8008,0.2728
2007-06-20,24211.3008,24843.2012,23166.0,23524.0996,-2.744
2007-06-21,23127.5,23924.5,22529.5996,23267.0,-1.0929
2007-06-22,23073.3008,23487.3008,21439.5996,21945.0,-5.6819
2007-06-25,21696.0,22218.8008,20147.9004,20420.5996,-6.9465
2007-06-26,19559.2012,20564.0,19050.8008,20385.7012,-0.1709
2007-06-27,20170.7012,20922.0,19717.8008,20643.0,1.2622
2007-06-28,20323.5996,20720.5996,19095.5996,19237.0,-6.811
2007-06-29,18346.4004,19021.3008,17813.0996,18235.5,-5.2061
2007-07-02,17620.0996,18243.5,17048.5996,17817.4004,-2.2928
2007-07-03,17445.5996,17888.8008,16957.5996,17594.0,-1.2538
2007-07-04,17032.2012,17334.7012,16396.5,16611.0996,-5.5866
2007-07-05,15882.5,16174.7998,15071.4004,15194.2002,-8.5298
2007-07-06,14859.4004,15889.2002,14537.7002,15770.4004,3.7922
2007-07-09,15749.9004,16334.2002,15496.6006,16075.7002,1.9359
2007-07-10,15888.2998,16186.2002,15306.0,15558.1006,-3.2198
2007-07-11,14945.9004,15411.5,14718.5,15171.5,-2.4849
2007-07-12,14774.4004,15090.2998,14510.7002,14807.0,-2.4025
2007-07-13,14278.4004,14515.7998,13929.7998,14253.4004,-3.7388
2007-07-16,13827.0,14025.2998,13252.2002,13366.1006,-6.2252
2007-07-17,12948.4004,13486.9004,12744.1006,13286.2998,-0.597
2007-07-18,13122.7998,13531.7998,12891.0,13212.7002,-0.554
2007-07-19,12906.4004,13223.9004,12709.0,12973.4004,-1.8111
2007-07-20,13121.0,13760.2002,13040.7002,13629.7998,5.0596
2007-07-23,14325.7998,15104.5,14235.2002,14908.9004,9.3846
2007-07-24,15439.2998,15895.9004,15127.7002,15372.0,3.1062
2007-07-25,15588.5,16171.0,15429.0,16000.5,4.0886
2007-07-26,16319.7998,16777.4004,16027.7998,16480.9004,3.0024
2007-07-27,16636.9004,17151.5996,16297.5,16911.9004,2.6151
2007-07-30,17294.0,18007.4004,17133.5996,17670.4004,4.485
2007-07-31,17923.8008,18471.3008,17528.4004,18159.5,2.7679
2007-08-01,18709.8008,19073.9004,17550.0996,17773.2012,-2.1273
2007-08-02,17945.9004,18759.0996,17714.4004,18519.5,4.199
2007-08-03,19083.9004,19729.0,18716.3008,19375.0996,4.62
2007-08-06,19824.9004,20447.9004,19410.0996,20098.5996,3.7342
2007-08-07,20464.3008,21032.5,19852.4004,20440.3008,1.7001
2007-08-08,20371.8008,20877.5996,19668.0,20274.9004,-0.8092
2007-08-09,20158.7012,20881.3008,19909.5,20475.4004,0.9889
2007-08-10,20485.8008,20866.2012,19614.0996,20230.3008,-1.197
2007-08-13,20311.2012,20917.5996,19726.5996,20266.9004,0.1809
2007-08-14,20058.4004,20742.5996,19769.8008,20436.8008,0.8383
2007-08-15,20350.2012,20752.7012,19653.9004,20242.9004,-0.9488
2007-08-16,20067.2012,20528.8008,19508.7012,20054.9004,-0.9287
2007-08-17,19881.5996,20423.2012,19421.7012,19674.2012,-1.8983
2007-08-20,20178.2012,20832.9004,19959.0,20635.8008,4.8876
2007-08-21,20883.5996,21436.2012,20522.2012,21015.4004,1.8395
2007-08-22,20926.3008,21885.0996,20727.0,21487.2012,2.245
2007-08-23,21726.4004,22262.0996,21300.4004,21839.0,1.6372
2007-08-24,22041.8008,22652.8008,21655.7012,22166.5,1.4996
2007-08-27,22627.5996,23172.7012,21992.3008,22488.9004,1.4544
2007-08-28,22560.5996,23208.0,21941.3008,22736.5,1.101
2007-08-29,22604.3008,23224.9004,21966.2012,22449.7012,-1.2614
2007-08-30,22453.5996,23219.3008,22095.3008,22799.2012,1.5568
2007-08-31,22817.7012,23426.3008,22408.4004,22949.8008,0.6605
2007-09-03,23404.3008,24167.8008,23082.3008,23685.8008,3.207
2007-09-04,23912.9004,24426.4004,23218.8008,23626.8008,-0.2491
2007-09-05,23468.5,24097.5,22906.5996,23594.4004,-0.1371
2007-09-06,23634.8008,24266.8008,23254.5996,23754.9004,0.6802
2007-09-07,23799.0996,24337.5996,23079.0,23440.0,-1.3256
2007-09-10,22985.7012,23933.0,22486.5,23672.3008,0.991
2007-09-11,23696.0996,24198.7012,22154.9004,22354.4004,-5.5673
2007-09-12,22100.5996,22969.0996,21537.8008,22493.8008,0.6236
2007-09-13,22363.5,23103.0,21921.4004,22739.0,1.0901
2007-09-14,22642.7012,23275.5996,22065.9004,22858.9004,0.5273
2007-09-17,22773.3008,23743.2012,22511.7012,23338.5996,2.0985
2007-09-18,23430.3008,24054.7012,22732.5996,23427.0996,0.3792
2007-09-19,23300.7012,23797.7012,22549.7012,22961.4004,-1.9879
2007-09-20,22777.8008,23477.0,22402.5,22997.9004,0.159
2007-09-21,22900.7012,23386.0,22002.9004,22692.0,-1.3301
2007-09-24,22572.3008,23225.2012,21939.3008,22624.0996,-0.2992
2007-09-25,22415.4004,22884.8008,21714.9004,22119.9004,-2.2286
2007-09-26,21531.3008,22040.7012,20914.3008,21207.3008,-4.1257
2007-09-27,20727.0,21271.0996,20359.2012,20943.3008,-1.2449
2007-09-28,21064.5,21750.0,20841.5996,21398.9004,2.1754
2007-10-08,21939.2012,22372.0996,21207.4004,21636.8008,
2007-10-09,21738.7012,22323.5,21239.5,21937.9004,1.3916
2007-10-10,22124.5996,22789.3008,21648.3008,22080.7012,0.6509
2007-10-11,22297.7012,22919.3008,21718.0,22323.9004,1.1014
2007-10-12,22967.2012,23519.9004,21559.7012,22750.3008,1.9101
2007-10-15,23051.0,23840.4004,22312.0996,23230.5,2.1107
2007-10-16,23671.3008,24342.0,23057.7012,23758.9004,2.2746
2007-10-17,23348.4004,23919.3008,22772.8008,23267.0996,-2.07
2007-10-18,22921.7012,23250.2012,21953.0,22246.3008,-4.3873
2007-10-19,21845.8008,22376.3008,21274.2012,21690.0996,-2.5002
2007-10-22,20904.9004,21362.4004,20204.7012,20531.3008,-5.3425
2007-10-23,20150.9004,20704.7012,19504.0996,20297.0996,-1.1407
2007-10-24,20111.5,20644.9004,19574.5,19977.4004,-1.5751
2007-10-25,19746.5,20021.7012,18554.2012,18789.7012,-5.9452
2007-10-26,18362.2012,19066.2012,17948.0996,18589.5996,-1.065
2007-10-29,18491.4004,19076.3008,18061.2012,18729.5,0.7526
2007-10-30,18450.5,19004.2012,18052.5996,18758.4004,0.1543
2007-10-31,18920.9004,19499.2012,18533.0996,19126.5,1.9623
2007-11-01,19017.9004,19359.5996,18389.4004,18634.5,-2.5723
2007-11-02,18184.5996,18634.4004,17657.9004,18004.0,-3.3835
2007-11-05,18293.0,18834.2012,17672.0996,18149.3008,0.807
2007-11-06,17593.5,18042.5996,17232.8008,17541.0,-3.3516
2007-11-07,17167.0996,17513.0996,16653.0996,17141.5996,-2.277
2007-11-08,16762.5996,16950.0,15971.1006,16080.1006,-6.1925
2007-11-09,15642.2002,16067.2002,15197.0,15605.7002,-2.9502
2007-11-12,15117.5,15588.6006,14577.4004,15176.7002,-2.749
2007-11-13,15159.2002,15562.0,14700.2002,14990.2002,-1.2289
2007-11-14,15065.2998,15579.6006,14764.0,15486.7998,3.3128
2007-11-15,15269.1006,15577.1006,14928.0,15131.4004,-2.2949
2007-11-16,14566.5,14921.7998,14286.1006,14696.7002,-2.8728
2007-11-19,14406.1006,14748.1006,14137.9004,14458.2998,-1.6221
2007-11-20,14273.9004,14735.4004,14035.6006,14538.5,0.5547
2007-11-21,14317.2002,14570.9004,13975.2998,14093.0,-3.0643
2007-11-22,13619.1006,13856.2998,13115.2998,13238.2002,-6.0654
2007-11-23,12763.6006,13182.4004,12588.0,13081.0,-1.1875
2007-11-26,13017.4004,13205.9004,12615.4004,12694.7002,-2.9531
2007-11-27,12304.5,12572.2998,12048.7998,12220.6006,-3.7346
2007-11-28,11996.2002,12209.2002,11684.1006,11840.9004,-3.1071
2007-11-29,12063.2998,12431.0,11813.7002,12332.0,4.1475
2007-11-30,12261.7002,12409.7002,11883.5,12011.7998,-2.5965
2007-12-03,11891.4004,12226.4004,11711.5,12027.0,0.1265
2007-12-04,11850.7002,12137.7002,11731.7002,11917.5,-0.9105
2007-12-05,11954.7002,12363.9004,11839.9004,12254.5,2.8278
2007-12-06,12143.0,12323.1006,11925.0,12129.1006,-1.0233
2007-12-07,12114.2002,12408.7998,11987.6006,12277.9004,1.2268
2007-12-10,12502.0,13105.5,12398.2002,12987.2002,5.777
2007-12-11,13367.7998,13608.6006,13081.4004,13384.7002,3.0607
2007-12-12,13705.7998,13985.6006,13431.2998,13710.2998,2.4326
2007-12-13,13922.9004,14162.7002,13425.6006,13506.7998,-1.4843
2007-12-14,13332.2002,13798.2002,13123.9004,13725.2998,1.6177
2007-12-17,13961.2998,14228.2998,13563.0,13747.2002,0.1596
2007-12-18,13437.5,13754.2002,13193.2998,13431.1006,-2.2994
2007-12-19,13574.0,13931.5,13446.2998,13764.1006,2.4793
2007-12-20,13916.2002,14256.0,13748.2002,14082.5,2.3133
2007-12-21,14210.5,14649.7998,14115.4004,14481.5,2.8333
2007-12-24,15161.9004,15608.2998,14979.5,15334.5,5.8903
2007-12-25,15741.6006,16042.9004,15489.2998,15777.0,2.8857
2007-12-26,16103.7998,16488.5,15880.1006,16299.5,3.3118
2007-12-27,16931.5,17382.4004,16693.3008,17108.5996,4.964
2007-12-28,17434.5,17708.0996,17089.2012,17327.8008,1.2812
2008-01-02,17625.0,18169.0,17325.5,17924.0996,3.4413
2008-01-03,18550.9004,19091.7012,18169.9004,18786.4004,4.8108
2008-01-04,19105.0996,19542.9004,18771.2012,19226.7012,2.3437
2008-01-07,19637.8008,20237.8008,19361.2012,19941.4004,3.7172
2008-01-08,20635.3008,21047.5,19937.9004,20245.0996,1.523
2008-01-09,20322.4004,21017.8008,20113.4004,20856.4004,3.0195
2008-01-10,21332.2012,21894.7012,20981.9004,21429.2012,2.7464
2008-01-11,21595.0,21992.7012,21070.9004,21566.5996,0.6412
2008-01-14,21617.2012,22111.0,21250.9004,21764.2012,0.9162
2008-01-15,21909.0,22354.5,21464.5996,21888.9004,0.573
2008-01-16,21990.3008,22324.8008,21340.5,21659.5996,-1.0476
2008-01-17,21861.4004,22425.7012,20725.2012,21478.0996,-0.838
2008-01-18,21257.0,21793.0,20819.3008,21454.9004,-0.108
2008-01-21,21441.8008,21743.5,20186.0996,20413.0,-4.8562
2008-01-22,20200.5,20529.5,18877.0,19096.5996,-6.4488
2008-01-23,19255.2012,20309.7012,18894.0996,20112.8008,5.3214
2008-01-24,20428.8008,21110.5996,19867.3008,20645.3008,2.6476
2008-01-25,20545.3008,21222.9004,20030.2012,20641.0996,-0.0203
2008-01-28,20263.3008,20442.3008,18762.8008,18980.5996,-8.0446
2008-01-29,18469.0,19117.4004,18042.7012,18637.4004,-1.8082
2008-01-30,18495.4004,18893.0,17676.3008,18216.3008,-2.2594
2008-01-31,17680.5996,18021.4004,17021.5,17224.4004,-5.4451
2008-02-01,17094.4004,17427.5996,16001.7002,16619.5,-3.5119
2008-02-04,16959.2012,17917.0,16823.2012,17846.0,7.3799
2008-02-05,17824.5,18250.0,17395.0996,17848.4004,0.0135
2008-02-13,17001.4004,17369.5996,16598.7012,16950.8008,
2008-02-14,16463.4004,16842.3008,16282.6006,16589.5,-2.1315
2008-02-15,16008.6006,16235.4004,15577.0,15990.5,-3.6107
2008-02-18,16107.2002,16527.7012,15911.4004,16282.6006,1.8267
2008-02-19,16312.2002,16755.8008,16066.2998,16589.0996,1.8824
2008-02-20,16784.5,17093.2012,16313.0,16512.8008,-0.4599
2008-02-21,16361.2002,16790.7012,16013.0,16501.7012,-0.0672
2008-02-22,16502.8008,16711.7012,15758.6006,16093.7002,-2.4725
2008-02-25,16001.5,16244.5,15241.1006,15425.9004,-4.1494
2008-02-26,15726.1006,15962.9004,14815.5,15346.0,-0.518
2008-02-27,15289.2002,15795.5,15056.0,15605.5,1.691
2008-02-28,15362.4004,15651.7998,15032.7002,15328.0,-1.7782
2008-02-29,15057.7998,15455.7998,14904.2998,15267.6006,-0.394
2008-03-03,15904.5,16598.8008,15634.4004,16429.7012,7.6115
2008-03-04,16813.4004,17133.4004,16285.1006,16473.5,0.2666
2008-03-05,16526.5,16938.5,16044.2998,16613.5996,0.8505
2008-03-06,16928.0,17487.0,16546.5,16971.7012,2.1555
2008-03-07,16613.3008,16933.0,16184.7998,16462.7012,-2.9991
2008-03-10,16245.2998,16452.0,15607.1006,15811.6006,-3.955
2008-03-11,15368.5,15813.2002,15014.1006,15653.7002,-0.9986
2008-03-12,15766.2002,15935.2002,14943.2002,15051.1006,-3.8496
2008-03-13,14861.7998,15157.5,14178.4004,14570.7002,-3.1918
2008-03-14,14149.5,14466.2002,13774.7002,14117.2002,-3.1124
2008-03-17,13886.5,14083.2002,12992.5,13117.2002,-7.0836
2008-03-18,12903.7002,13270.2998,12107.1006,12352.2002,-5.832
2008-03-19,12708.7998,13215.0,12366.9004,12938.5,4.7465
2008-03-20,12911.7998,13884.4004,12377.9004,13643.2998,5.4473
2008-03-21,13713.7998,14213.4004,13455.0,13850.0,1.515
2008-03-24,14014.7002,14244.5,13289.2002,13373.2998,-3.4419
2008-03-25,12987.2998,13622.2998,12695.7998,13418.0,0.3342
2008-03-26,13329.9004,13681.5,13013.1006,13232.5,-1.3825
2008-03-27,12911.9004,13157.7998,12346.7002,12492.2998,-5.5938
2008-03-28,12441.4004,13195.2998,12091.6006,13084.9004,4.7437
2008-03-31,12515.0,12895.7998,12205.7002,12393.2002,-5.2862
2008-04-01,12323.4004,12587.5,11489.7002,11613.7998,-6.2889
2008-04-02,11856.6006,12195.2998,11157.7998,11441.1006,-1.487
2008-04-03,11227.5,11832.2998,10907.2998,11663.6006,1.9447
2008-04-07,11611.7998,12526.1006,11432.4004,12418.6006,6.4731
2008-04-08,12585.7002,13041.2998,12359.7002,12768.2002,2.8151
2008-04-09,12681.1006,12994.7998,12014.2002,12088.0,-5.3273
2008-04-10,11761.2002,12322.5,11568.0,12243.0,1.2823
2008-04-11,12143.1006,12417.7002,11916.6006,12145.2002,-0.7988
2008-04-14,11784.2002,11957.5,11175.9004,11291.9004,-7.0258
2008-04-15,11091.9004,11511.0,10765.9004,11425.5,1.1831
2008-04-16,11180.2002,11361.5,10794.5,10930.7002,-4.3307
2008-04-17,10872.1006,11170.6006,10358.2002,10571.2002,-3.2889
2008-04-18,10347.6006,10539.7002,9874.0,10036.7998,-5.0552
2008-04-21,10936.2998,11012.1006,9964.9004,10172.7998,1.355
2008-04-22,9925.1006,10289.4004,9507.7998,10128.5,-0.4355
2008-04-23,10233.6006,10919.5,10075.2998,10804.2998,6.6723
2008-04-24,12758.5,12888.7002,12360.2998,12858.4004,19.0119
2008-04-25,14092.0,14859.7002,13799.2002,14265.4004,10.9423
2008-04-28,14213.0,14677.2998,13937.5,14280.2002,0.1037
2008-04-29,14162.7002,14678.9004,13998.7998,14427.2998,1.0301
2008-04-30,15022.2002,15774.7998,14892.2998,15595.1006,8.0944
2008-05-05,16145.7002,16616.0996,15772.6006,16396.5,5.1388
2008-05-06,16652.2012,17178.3008,16256.6006,16693.5,1.8114
2008-05-07,16724.8008,17156.9004,15963.2998,16067.5,-3.75
2008-05-08,15762.2002,16544.2012,15574.2998,16432.9004,2.2742
2008-05-09,16743.4004,17063.7012,16037.7998,16475.8008,0.2611
2008-05-12,16177.2998,17035.0,15857.2998,16685.4004,1.2722
2008-05-13,16342.6006,17139.3008,16144.2002,16685.2012,-0.0012
2008-05-14,16697.5,17444.3008,16480.8008,17180.9004,2.9709
2008-05-15,17278.2012,17653.5996,16871.0996,17024.4004,-0.9109
2008-05-16,17120.8008,17488.7012,16643.5,17011.0996,-0.0781
2008-05-19,16478.9004,16800.0996,16119.6006,16482.4004,-3.108
2008-05-20,16277.0,16557.0996,15221.2002,15372.9004,-6.7314
2008-05-21,15056.4004,15806.2002,14554.7002,15611.7998,1.554
2008-05-22,15275.4004,15743.4004,14954.6006,15244.2002,-2.3546
2008-05-23,14900.7998,15255.6006,14455.1006,14778.6006,-3.0543
2008-05-26,14339.4004,14581.0,13838.7998,14009.6006,-5.2035
2008-05-27,13553.7998,13907.7002,13326.7002,13675.1006,-2.3876
2008-05-28,13490.6006,14002.9004,13301.5,13846.0,1.2497
2008-05-29,13545.4004,13783.4004,13145.6006,13239.2998,-4.3818
2008-05-30,12997.4004,13328.0,12746.2998,13074.1006,-1.2478
2008-06-02,12761.7002,13103.6006,12567.2998,12908.2998,-1.2682
2008-06-03,12688.2998,12921.7002,12376.5,12598.2002,-2.4023
2008-06-04,12305.9004,12473.6006,11918.0,12127.1006,-3.7394
2008-06-05,11765.0,11993.2002,11513.9004,11707.6006,-3.4592
2008-06-06,11408.4004,11580.7002,11149.7002,11300.9004,-3.4738
2008-06-10,10744.2002,10920.2998,10222.7998,10304.2002,-8.8197
2008-06-11,9979.0,10265.7002,9686.6006,9969.2998,-3.2501
2008-06-12,9849.0,10079.9004,9472.6006,9780.0,-1.8988
2008-06-13,9606.9004,9755.4004,9103.2998,9168.6006,-6.2515
2008-06-16,9003.7998,9224.2998,8623.6006,8871.2998,-3.2426
2008-06-17,8750.2002,8921.7998,8255.2002,8365.1006,-5.706
2008-06-18,8463.4004,9122.7002,8182.1001,9023.9004,7.8756
2008-06-19,9006.1006,9146.2002,8358.2998,8399.2002,-6.9227
2008-06-20,8719.9004,9255.5,8296.9004,8891.6006,5.8625
2008-06-23,8579.7002,8850.0,8358.2002,8553.5,-3.8025
2008-06-24,8418.2002,8827.5,8299.2998,8700.6006,1.7198
2008-06-25,8786.5,9320.1006,8701.7998,9231.0,6.0961
2008-06-26,9383.4004,9694.2002,9200.6006,9490.9004,2.8155
2008-06-27,9249.2002,9417.2002,8844.4004,8982.9004,-5.3525
2008-06-30,8694.2002,8998.9004,8511.9004,8800.7998,-2.0272
2008-07-01,8654.2998,8793.4004,8290.4004,8419.7998,-4.3292
2008-07-02,8296.9004,8557.6006,8143.1001,8370.4004,-0.5867
2008-07-03,8425.7002,9070.6006,8246.9004,8877.9004,6.063
2008-07-04,8885.5,9151.1006,8673.6006,8889.6006,0.1318
2008-07-07,9140.0,9715.9004,9068.0,9582.6006,7.7956
2008-07-08,9901.4004,10185.1006,9643.1006,9986.9004,4.2191
2008-07-09,10469.2998,10885.4004,10332.9004,10746.6006,7.607
2008-07-10,10927.0,11361.5,10697.1006,10853.0,0.9901
2008-07-11,10784.7002,11046.0,10497.7998,10784.5,-0.6312
2008-07-14,10553.6006,10949.7998,10434.4004,10809.0,0.2272
2008-07-15,10931.5,11110.0,10371.7002,10520.2002,-2.6718
2008-07-16,10322.2998,10483.2998,9755.9004,9981.4004,-5.1216
2008-07-17,9999.6006,10194.1006,9584.2998,9699.7998,-2.8213
2008-07-18,9727.6006,10086.6006,9391.4004,9977.7998,2.866
2008-07-21,9957.9004,10501.2998,9823.2002,10410.9004,4.3406
2008-07-22,10349.7002,10609.7002,10205.5,10362.5,-0.4649
2008-07-23,10371.4004,10560.2998,10117.6006,10236.1006,-1.2198
2008-07-24,10389.7002,10723.4004,10279.6006,10615.7998,3.7094
2008-07-25,10461.7998,10675.2998,10294.0,10463.2002,-1.4375
2008-07-28,10487.7002,10745.2002,10357.5,10530.2998,0.6413
2008-07-29,10306.4004,10462.6006,10053.0,10229.6006,-2.8556
2008-07-30,10159.7002,10280.2002,9843.6006,9974.7998,-2.4908
2008-07-31,9803.4004,9891.6006,9391.0,9460.7002,-5.154
2008-08-01,9278.5,9631.6006,9069.2998,9480.2002,0.2061
2008-08-04,9145.4004,9300.0,8899.5,8987.6006,-5.1961
2008-08-05,8865.2998,9004.9004,8494.9004,8585.4004,-4.4751
2008-08-06,8505.7998,8670.7998,8241.4004,8474.1006,-1.2964
2008-08-07,8265.7002,8444.7002,8082.3999,8299.6006,-2.0592
2008-08-08,8245.6006,8344.9004,7668.3999,7732.6001,-6.8317
2008-08-11,7637.2002,7742.5,7100.3999,7171.8999,-7.2511
2008-08-12,6916.0,7119.5,6750.6001,6936.1001,-3.2878
2008-08-13,6786.3999,6991.2002,6532.5,6862.8003,-1.0568
2008-08-14,6625.5,6822.3999,6512.0,6693.7002,-2.464
2008-08-15,6535.7002,6703.3003,6407.1001,6542.8999,-2.2529
2008-08-18,6525.8003,6585.1001,6042.2002,6075.1001,-7.1497
2008-08-19,5910.6001,6193.7002,5829.8003,6115.3999,0.6634
2008-08-20,6257.0,6856.7002,6150.1001,6814.0,11.4236
2008-08-21,6814.6001,7027.8003,6594.6001,6687.1001,-1.8623
2008-08-22,6533.5,6687.6001,6296.3003,6485.7002,-3.0118
2008-08-25,6309.1001,6465.3003,6161.3003,6288.8003,-3.0359
2008-08-26,6106.3003,6214.2002,5810.8003,5928.8003,-5.7245
2008-08-27,5819.8999,6022.7002,5669.6001,5859.3999,-1.1706
2008-08-28,5746.2002,5908.8003,5650.2002,5776.5,-1.4148
2008-08-29,5805.3999,6049.7002,5739.8003,5943.7002,2.8945
2008-09-01,5804.8003,5870.0,5591.1001,5673.2002,-4.551
2008-09-02,5513.3999,5666.8999,5410.5,5554.3003,-2.0958
2008-09-03,5514.7002,5630.2002,5336.3003,5463.8003,-1.6294
2008-09-04,5342.6001,5487.8003,5257.1001,5395.3999,-1.2519
2008-09-05,5195.3003,5308.5,5063.1001,5135.8003,-4.8115
2008-09-08,5102.7002,5180.1001,4837.6001,4894.1001,-4.7062
2008-09-09,4813.1001,4913.8999,4706.0,4833.2002,-1.2444
2008-09-10,4765.7002,4973.7002,4681.8003,4837.8003,0.0952
2008-09-11,4777.6001,4866.3003,4617.1001,4688.3003,-3.0902
2008-09-12,4602.2002,4717.7002,4536.1001,4609.1001,-1.6893
2008-09-16,4662.5,4729.8003,4464.2002,4557.0,-1.1304
2008-09-17,4582.2002,4687.3999,4421.0,4496.1001,-1.3364
2008-09-18,4583.7002,4759.8999,4345.1001,4612.0,2.5778
2008-09-19,5228.2002,5261.1001,5127.7002,5260.5,14.0611
2008-09-22,6559.5,6707.1001,6211.6001,6500.7002,23.5757
2008-09-23,6649.5,6864.6001,6444.2002,6569.8003,1.063
2008-09-24,6467.6001,6762.3003,6333.8999,6727.2002,2.3958
2008-09-25,7144.3003,7546.0,7061.3999,7371.7002,9.5805
2008-09-26,7585.5,7767.8999,7347.8003,7596.8999,3.0549
2008-10-06,7464.6001,7604.5,7163.0,7294.2002,
2008-10-07,6972.5,7334.7002,6829.3003,7156.7002,-1.8851
2008-10-08,6864.5,7064.8999,6681.8003,6822.1001,-4.6753
2008-10-09,6841.0,6931.6001,6542.6001,6623.1001,-2.917
2008-10-10,6292.7002,6467.3003,6095.5,6223.3003,-6.0364
2008-10-13,6148.8003,6493.3999,5924.7002,6463.3003,3.8565
2008-10-14,6780.5,6879.6001,6303.5,6345.6001,-1.8211
2008-10-15,6127.8003,6292.3999,5988.7002,6151.1001,-3.0651
2008-10-16,5871.1001,6057.8003,5706.8999,5810.7002,-5.534
2008-10-17,5736.3003,5857.1001,5596.8003,5738.8003,-1.2374
2008-10-20,5656.5,5952.3003,5528.2002,5901.8003,2.8403
2008-10-21,5918.7002,6070.5,5787.7002,5858.8999,-0.7269
2008-10-22,5708.8999,5869.7002,5584.1001,5645.2002,-3.6474
2008-10-23,5476.3999,5706.3003,5374.3999,5645.5,0.0053
2008-10-24,5586.5,5681.8999,5370.8003,5463.1001,-3.2309
2008-10-27,5353.8999,5424.7002,5036.7002,5071.0,-7.1772
2008-10-28,5003.2002,5379.0,4920.2002,5308.0,4.6736
2008-10-29,5369.8999,5445.2002,5079.7002,5122.8003,-3.4891
2008-10-30,5175.7002,5376.3003,5057.7002,5243.7002,2.36
2008-10-31,5112.0,5202.2002,4966.0,5034.7002,-3.9857
2008-11-03,4876.3999,5020.1001,4774.3003,4879.3999,-3.0846
2008-11-04,4764.3999,4847.0,4597.3003,4706.3003,-3.5476
2008-11-05,4798.8003,5042.0,4768.2002,4934.8003,4.8552
2008-11-06,4748.1001,4872.2002,4661.3999,4776.8999,-3.1997
2008-11-07,4653.1001,4909.2002,4609.8003,4838.1001,1.2812
2008-11-10,5206.3003,5504.8999,5163.3003,5477.7002,13.2201
2008-11-11,5718.8003,5896.7002,5592.7002,5680.8999,3.7096
2008-11-12,5660.8999,5912.2002,5606.6001,5853.7002,3.0418
2008-11-13,6201.8999,6688.8999,6126.0,6567.8003,12.1991
2008-11-14,7133.8003,7432.8003,7000.6001,7367.5,12.1761
2008-11-17,7781.3999,8140.6001,7641.3003,8070.0,9.5351
2008-11-18,8517.0,8728.7002,7866.8999,7955.3999,-1.4201
2008-11-19,8153.3003,8817.5,8020.3999,8740.7002,9.8713
2008-11-20,8868.1006,9283.7998,8690.4004,8963.2998,2.5467
2008-11-21,8985.1006,9532.2998,8689.7002,9211.7002,2.7713
2008-11-24,9062.7002,9220.6006,8621.2998,8685.1006,-5.7166
2008-11-25,8629.0,8771.2998,8215.4004,8456.6006,-2.6309
2008-11-26,8208.1006,8443.7002,8052.0,8268.2002,-2.2279
2008-11-27,9062.9004,9153.7002,8563.6006,8619.7002,4.2512
2008-11-28,8424.7002,8642.6006,8193.1006,8373.5,-2.8563
2008-12-01,8282.0,8640.9004,8113.0,8571.9004,2.3694
2008-12-02,8465.7002,8944.2998,8374.4004,8751.7002,2.0975
2008-12-03,9102.4004,9519.4004,9023.1006,9438.0,7.8419
2008-12-04,10133.4004,10542.4004,9942.7002,10085.9004,6.8648
2008-12-05,10126.6006,10543.7998,10006.9004,10437.4004,3.4851
2008-12-08,10978.1006,11407.9004,10829.4004,11294.1006,8.208
2008-12-09,11537.7998,11708.2002,11065.2002,11203.2002,-0.8048
2008-12-10,11187.0,11688.7002,11018.2002,11590.1006,3.4535
2008-12-11,11561.0,11780.0,11155.6006,11250.5,-2.9301
2008-12-12,11055.1006,11237.1006,10441.4004,10655.6006,-5.2878
2008-12-15,10587.0,10778.1006,10238.2002,10539.2002,-1.0924
2008-12-16,10201.6006,10524.2998,9908.1006,10452.2002,-0.8255
2008-12-17,10403.1006,10705.4004,10253.4004,10441.9004,-0.0985
2008-12-18,10327.0,10631.1006,10128.1006,10539.4004,0.9337
2008-12-19,10499.2002,10822.2998,10387.7002,10588.7998,0.4687
2008-12-22,10491.7002,10679.5,10174.7998,10411.5,-1.6744
2008-12-23,10410.7998,10494.2002,9721.7998,9794.7002,-5.9242
2008-12-24,9426.2998,9654.6006,9180.0,9387.7998,-4.1543
2008-12-25,9209.6006,9393.7002,8934.5,9140.2998,-2.6364
2008-12-26,8917.2002,9089.2998,8726.2998,8869.4004,-2.9638
2008-12-29,8778.7002,8947.5,8503.9004,8795.9004,-0.8287
2008-12-30,8610.2998,8796.7002,8426.7998,8551.6006,-2.7774
2008-12-31,8316.2998,8455.2998,8108.7002,8196.5,-4.1524
2009-01-05,8283.4004,8553.4004,8183.2002,8503.0,3.7394
2009-01-06,8634.2002,9060.0,8544.9004,8972.9004,5.5263
2009-01-07,9010.5,9235.7002,8868.9004,9018.2002,0.5049
2009-01-08,8826.4004,9028.1006,8637.0,8813.7002,-2.2676
2009-01-09,8730.2002,9042.7002,8678.2002,8941.1006,1.4455
2009-01-12,8944.1006,9231.7002,8828.4004,9028.9004,0.982
2009-01-13,8834.7998,8999.7002,8615.2002,8716.1006,-3.4644
2009-01-14,8746.1006,9210.4004,8694.4004,9163.7998,5.1365
2009-01-15,9320.9004,9678.0,9220.7998,9473.0,3.3741
2009-01-16,9897.9004,10270.5,9780.6006,9971.2002,5.2592
2009-01-19,10171.9004,10431.0,9926.4004,10129.0,1.5826
2009-01-20,9947.0,10179.2998,9781.7998,10090.5,-0.3801
2009-01-21,9963.4004,10303.7998,9841.6006,10096.2002,0.0565
2009-01-22,10137.9004,10369.5,9961.7002,10225.1006,1.2767
2009-01-23,10148.5,10335.7002,9963.6006,10105.5,-1.1697
2009-02-02,10157.9004,10400.9004,9979.5,10280.7998,
2009-02-03,10582.5,10989.5,10469.7002,10865.4004,5.6863
2009-02-04,11301.7998,11652.7998,11153.7998,11522.1006,6.044
2009-02-05,12007.2998,12364.0,11691.2998,11896.4004,3.2485
2009-02-06,12341.0,12940.1006,12297.7002,12829.0,7.8393
2009-02-09,13688.4004,14138.9004,13433.4004,13926.7998,8.5572
2009-02-10,14262.0,14786.6006,13955.1006,14657.6006,5.2474
2009-02-11,15101.9004,15931.7998,14829.1006,15375.5,4.8978
2009-02-12,15753.9004,16137.9004,15093.1006,15801.4004,2.77
2009-02-13,16280.1006,17014.0,16055.2002,16832.8008,6.5273
2009-02-16,17517.4004,18034.5996,17079.5996,17730.5996,5.3336
2009-02-17,18045.2012,18381.7012,17219.0996,17443.0,-1.6221
2009-02-18,17076.0,17603.9004,16512.0996,16720.0,-4.1449
2009-02-19,16686.0996,17124.3008,16280.7002,16779.0,0.3529
2009-02-20,16624.2012,17213.8008,16319.4004,17063.9004,1.698
2009-02-23,17086.7012,17876.8008,16800.2012,17679.3008,3.6064
2009-02-24,17717.3008,18224.7012,16941.7012,17175.9004,-2.8474
2009-02-25,17382.7012,17773.0996,16540.0996,17243.0,0.3907
2009-02-26,17201.2012,17594.2012,15877.7002,16156.4004,-6.3017
2009-02-27,15705.0,16020.7002,14929.1006,15253.1006,-5.591
2009-03-02,14891.7998,15540.7002,14641.7002,15358.2002,0.689
2009-03-03,14631.6006,15315.5,14411.4004,15006.0,-2.2932
2009-03-04,15156.6006,16212.2002,15090.0,16081.0,7.1638
2009-03-05,16558.2012,16977.2012,16024.6006,16507.8008,2.6541
2009-03-06,15989.4004,16547.7012,15766.0,16187.7002,-1.9391
2009-03-09,16137.0,16459.2012,15218.9004,15371.5,-5.0421
2009-03-10,14704.7002,15310.9004,14504.9004,15233.2998,-0.8991
2009-03-11,15268.2002,15469.7002,14708.7002,14853.5,-2.4932
2009-03-12,14379.2998,14670.6006,13944.6006,14483.4004,-2.4917
2009-03-13,14191.7998,14439.6006,13871.2002,14009.7002,-3.2706
2009-03-16,13566.0,13953.2998,13350.6006,13842.2002,-1.1956
2009-03-17,13982.7998,14615.2998,13843.2998,14485.1006,4.6445
2009-03-18,14816.1006,15251.1006,14643.1006,14881.9004,2.7394
2009-03-19,15107.2002,15585.5,14948.0,15434.2002,3.7112
2009-03-20,15712.9004,16019.0,15285.2002,15686.4004,1.634
2009-03-23,16042.4004,16682.0996,15855.1006,16418.4004,4.6665
2009-03-24,16867.4004,17172.8008,16474.9004,16751.0996,2.0264
2009-03-25,16699.8008,17124.0996,16278.9004,16433.0,-1.899
2009-03-26,16579.9004,17186.4004,16260.2002,17086.0,3.9737
2009-03-27,17528.5996,17925.2012,17203.5,17542.8008,2.6735
2009-03-30,17542.9004,17894.7012,17200.2012,17497.8008,-0.2565
2009-03-31,17139.0996,17847.0996,16886.2012,17690.5,1.1013
2009-04-01,18065.0996,18643.8008,17865.7012,18304.0996,3.4685
2009-04-02,18688.9004,19172.5996,18399.9004,18725.9004,2.3044
2009-04-03,19016.7012,19372.5,18455.3008,18746.3008,0.1089
2009-04-07,18532.7012,18994.4004,18234.5,18691.8008,-0.2907
2009-04-08,18555.7012,18845.7012,17832.0,17952.4004,-3.9557
2009-04-09,17624.9004,18107.0996,17342.9004,17968.9004,0.0919
2009-04-10,18288.3008,18942.0996,18059.5996,18769.9004,4.4577
2009-04-13,19373.0996,19934.5996,19097.8008,19609.9004,4.4753
2009-04-14,19749.3008,20309.3008,19445.0996,20027.4004,2.129
2009-04-15,20133.5,20761.5996,19724.9004,20450.7012,2.1136
2009-04-16,20679.5996,21181.2012,20171.5996,20678.2012,1.1124
2009-04-17,20686.5,21092.2012,20070.0,20456.7012,-1.0712
2009-04-20,20336.9004,21076.9004,20145.4004,20867.8008,2.0096
2009-04-21,20612.9004,21117.9004,20179.0,20729.4004,-0.6632
2009-04-22,20997.2012,21383.0996,19745.5,19980.3008,-3.6137
2009-04-23,19399.5,19987.8008,19064.7012,19737.4004,-1.2157
2009-04-24,19468.3008,19810.0996,19002.0996,19221.9004,-2.6118
2009-04-27,19034.3008,19294.8008,18245.5996,18481.5996,-3.8513
2009-04-28,17919.5,18437.2012,17684.8008,18196.7012,-1.5415
2009-04-29,18012.9004,18742.8008,17800.3008,18524.2012,1.7998
2009-04-30,18511.8008,18960.8008,18222.4004,18618.5,0.5091
2009-05-04,18755.2012,19506.3008,18602.0996,19335.3008,3.8499
2009-05-05,19544.0996,19945.4004,19210.2012,19567.5,1.2009
2009-05-06,19617.3008,20210.8008,19386.9004,19961.8008,2.0151
2009-05-07,20396.2012,20788.5,19742.8008,20226.5,1.326
2009-05-08,20278.5,20847.3008,19888.5,20471.0,1.2088
2009-05-11,20897.7012,21314.7012,20014.8008,20132.5996,-1.6531
2009-05-12,19651.3008,20431.8008,19468.0,20337.9004,1.0197
2009-05-13,20305.7012,20814.4004,20005.5,20479.3008,0.6953
2009-05-14,19991.8008,20446.4004,19708.7012,20176.3008,-1.4795
2009-05-15,19942.0,20289.4004,19639.7012,19967.4004,-1.0354
2009-05-18,19661.0,20080.2012,19212.3008,19874.0996,-0.4673
2009-05-19,20244.9004,20676.8008,19927.5996,20304.9004,2.1676
2009-05-20,20295.7012,20678.8008,19904.8008,20140.7012,-0.8087
2009-05-21,19895.4004,20252.2012,19343.5996,19620.3008,-2.5838
2009-05-22,19180.0996,19577.0,18910.4004,19237.0996,-1.9531
2009-05-25,18737.2012,19473.5996,18446.5996,19302.5,0.34
2009-05-26,19175.0,19589.7012,18823.9004,19038.2012,-1.3692
2009-05-27,18766.2012,19126.7012,18435.5996,18790.2012,-1.3026
2009-06-01,19154.7012,19692.8008,18975.4004,19465.9004,3.596
2009-06-02,19737.0996,20143.2012,19409.0,19711.9004,1.2637
2009-06-03,19890.8008,20459.9004,19660.5,20225.5,2.6055
2009-06-04,20470.4004,20986.5996,20048.7012,20596.2012,1.8328
2009-06-05,20683.2012,21103.4004,20274.9004,20520.3008,-0.3685
2009-06-08,20508.8008,20967.5,20084.0,20496.0,-0.1184
2009-06-09,20315.9004,20718.4004,19792.8008,20443.0,-0.2586
2009-06-10,20563.4004,21007.2012,20258.4004,20695.4004,1.2347
2009-06-11,20515.7012,20869.9004,20130.3008,20372.8008,-1.5588
2009-06-12,20147.0996,20453.8008,19519.8008,19787.3008,-2.8739
2009-06-15,19434.7012,19906.9004,19155.3008,19741.7012,-0.2304
2009-06-16,19220.2012,19704.2012,18997.0996,19408.7012,-1.6868
2009-06-17,19214.7012,19725.0,18926.5996,19535.2012,0.6518
2009-06-18,19700.8008,20175.4004,19486.2012,19888.4004,1.808
2009-06-19,20099.8008,20528.7012,19773.2012,20152.9004,1.3299
2009-06-22,20356.7012,20688.9004,19898.2012,20155.5996,0.0134
2009-06-23,19923.9004,20541.8008,19678.5,20169.8008,0.0705
2009-06-24,20143.9004,20695.9004,19907.3008,20456.5,1.4214
2009-06-25,20359.9004,20718.4004,20013.0,20304.5,-0.743
2009-06-26,20118.7012,20464.0996,19831.8008,20146.9004,-0.7762
2009-06-29,20253.5,20754.0,20000.0996,20449.8008,1.5035
2009-06-30,20479.2012,20831.5996,20035.5996,20348.5996,-0.4949
2009-07-01,20299.7012,20986.5996,20114.2012,20729.9004,1.8738
2009-07-02,21106.0996,21615.7012,20831.5,21299.8008,2.7492
2009-07-03,21329.7012,22041.5996,21101.9004,21760.5,2.1629
2009-07-06,24464.9004,25174.8008,24059.7012,24679.9004,13.4161
2009-07-07,24745.9004,25237.5996,24259.9004,24639.3008,-0.1645
2009-07-08,24356.7012,25056.8008,23986.5996,24767.8008,0.5215
2009-07-09,24856.2012,25497.5996,24550.2012,25240.0996,1.9069
2009-07-10,25270.0996,25798.3008,24902.4004,25292.9004,0.2092
2009-07-13,25140.5,25723.5996,24776.9004,25168.8008,-0.4906
2009-07-14,25259.3008,25945.2012,25076.5,25714.4004,2.1678
2009-07-15,26124.5,26799.0,25785.2012,26352.5996,2.4819
2009-07-16,26757.8008,27332.7012,26184.0996,26566.9004,0.8132
2009-07-17,26443.3008,27088.9004,26057.0996,26668.2012,0.3813
2009-07-20,27128.5,27926.3008,26794.9004,27612.0996,3.5394
2009-07-21,27930.0,28369.5996,27040.2012,27320.9004,-1.0546
2009-07-22,27191.9004,28160.0996,26995.5996,27776.2012,1.6665
2009-07-23,27713.3008,28405.2012,27307.2012,27955.7012,0.6462
2009-07-24,28198.8008,28787.5,27303.4004,28090.0996,0.4808
2009-07-27,28413.5,29311.2012,28045.7012,28958.3008,3.0908
2009-07-28,29235.3008,29970.3008,28614.2012,29470.0996,1.7674
2009-07-29,30150.5,30713.5996,27611.9004,28497.0,-3.302
2009-07-30,28596.5996,29467.4004,27637.5996,28910.0,1.4493
2009-07-31,29188.0,30125.8008,28745.4004,29865.8008,3.3061
2009-08-03,30371.5,31226.0996,29833.5,30794.2012,3.1086
2009-08-04,31021.0996,31764.0996,30196.2012,31138.0,1.1164
2009-08-05,31112.5996,31798.7012,30233.3008,31026.0,-0.3597
2009-08-06,30659.2012,31281.2012,29638.5996,30366.9004,-2.1243
2009-08-07,29878.3008,30408.3008,28729.0,28990.0996,-4.5339
2009-08-10,28689.8008,29202.3008,27812.7012,28515.7012,-1.6364
2009-08-11,27707.8008,28123.3008,27157.0996,27708.2012,-2.8318
2009-08-12,27200.4004,27462.8008,25770.0996,26013.5996,-6.1159
2009-08-13,25493.4004,26071.3008,24845.7012,25670.5996,-1.3185
2009-08-14,25278.0,25631.0996,24128.4004,24380.9004,-5.024
2009-08-17,23679.4004,24046.0996,22364.8008,22532.7012,-7.5805
2009-08-18,21963.4004,22809.3008,21554.8008,22514.0996,-0.0826
2009-08-19,22160.7012,22450.8008,20671.7012,20987.8008,-6.7793
2009-08-20,20689.8008,21674.2012,20481.0996,21518.5996,2.5291
2009-08-21,21278.5,22084.5996,20977.5,21847.9004,1.5303
2009-08-24,21842.7012,22386.9004,21448.2012,22095.0996,1.1315
2009-08-25,22051.7012,22326.0996,20781.0,21598.2012,-2.2489
2009-08-26,21339.0996,22428.9004,21080.2012,22039.8008,2.0446
2009-08-27,21815.5996,22477.8008,21412.3008,21963.0996,-0.348
2009-08-28,21703.3008,22002.4004,20805.9004,21102.5996,-3.9179
2009-08-31,20661.7012,20824.7012,19356.8008,19499.9004,-7.5948
2009-09-01,18889.9004,19611.4004,18507.9004,19002.8008,-2.5492
2009-09-02,18385.5,18972.8008,18082.5,18685.5,-1.6698
2009-09-03,18763.0996,19900.0,18623.4004,19748.0,5.6862
2009-09-04,19750.4004,20371.5,19503.5996,20011.9004,1.3363
2009-09-07,20203.5,20792.4004,19911.8008,20322.8008,1.5536
2009-09-08,20233.3008,20967.9004,19880.0996,20787.9004,2.2886
2009-09-09,21002.9004,21455.9004,20579.0996,21102.0996,1.5115
2009-09-10,20721.4004,21149.5996,20342.5,20629.8008,-2.2382
2009-09-11,20474.5,21267.0,20354.5,20972.9004,1.6631
2009-09-14,21195.8008,21835.3008,20991.8008,21590.2012,2.9433
2009-09-15,21795.4004,22329.5996,21464.0,21942.0,1.6294
2009-09-16,22014.5996,22460.5,21448.5996,21990.7012,0.222
2009-09-17,22262.3008,22941.0996,22109.0,22626.5996,2.8917
2009-09-18,22986.8008,23294.8008,21833.0,22157.5,-2.0732
2009-09-21,21846.0,22474.9004,21200.0,22264.8008,0.4843
2009-09-22,21997.3008,22464.4004,21341.0,21517.2012,-3.3578
2009-09-23,21235.5996,21647.0,20414.8008,20672.5,-3.9257
2009-09-24,20171.7012,20727.8008,19552.8008,20264.5996,-1.9732
2009-09-25,19511.7012,19875.0996,19148.7012,19438.5,-4.0766
2009-09-28,18912.0996,19233.0996,18110.0,18286.9004,-5.9243
2009-09-29,17765.8008,18050.2012,17117.8008,17556.7012,-3.993
2009-09-30,17130.3008,17525.9004,16945.3008,17177.2012,-2.1616
2009-10-09,17311.4004,17923.4004,17165.3008,17837.0996,
2009-10-12,17711.7012,18028.8008,17361.8008,17634.5,-1.1358
2009-10-13,17263.9004,17716.5996,17113.3008,17588.9004,-0.2586
2009-10-14,17905.8008,18434.5,17729.7012,18051.3008,2.6289
2009-10-15,18130.0,18435.4004,17829.3008,18052.9004,0.0089
2009-10-16,18360.2012,18638.5,17938.5,18380.5,1.8147
2009-10-19,18731.9004,19373.0996,18543.8008,19236.4004,4.6566
2009-10-20,19839.5,20242.3008,19569.9004,19994.7012,3.942
2009-10-21,20241.5,20662.2012,19920.0,20187.5,0.9642
2009-10-22,20040.5996,20448.0,19779.0,20071.5,-0.5746
2009-10-23,20422.9004,21025.0,20307.0,20715.7012,3.2095
2009-10-26,20778.3008,21090.9004,20399.8008,20763.0996,0.2288
2009-10-27,22176.3008,22441.8008,21549.8008,21735.7012,4.6843
2009-10-28,21365.8008,21834.2012,20983.8008,21591.0996,-0.6653
2009-10-29,21065.3008,21447.7012,20678.3008,20948.5996,-2.9758
2009-10-30,21255.2012,21760.9004,20887.2012,21204.0,1.2192
2009-11-02,20916.3008,22184.3008,20685.3008,22043.8008,3.9606
2009-11-03,22473.5,23091.2012,22235.5,22753.3008,3.2186
2009-11-04,23031.8008,23531.8008,22684.8008,23153.4004,1.7584
2009-11-05,23200.5996,23669.0,22903.8008,23365.8008,0.9174
2009-11-06,23849.7012,24283.3008,23508.3008,23811.4004,1.9071
2009-11-09,23863.7012,24280.2012,23482.7012,23994.0996,0.7673
2009-11-10,24183.5,24571.0996,23821.2012,24085.0996,0.3793
2009-11-11,23889.0996,24287.3008,23524.4004,23966.0996,-0.4941
2009-11-12,23973.4004,24425.7012,23695.0,23975.9004,0.0409
2009-11-13,24090.4004,24567.2012,23698.5,24374.5,1.6625
2009-11-16,25281.4004,26060.5,25107.2012,25782.8008,5.7778
2009-11-17,26164.4004,26565.9004,25726.5,26129.9004,1.3462
2009-11-18,26184.3008,26694.8008,25824.5,26288.7012,0.6077
2009-11-19,26490.2012,27061.7012,26162.5996,26767.9004,1.8228
2009-11-20,26906.3008,27483.0996,26523.9004,27048.0996,1.0468
2009-11-23,27260.3008,27885.7012,26970.0,27644.8008,2.2061
2009-11-24,28882.7012,29400.7012,27264.4004,27530.0,-0.4153
2009-11-25,27703.5,28834.0996,27311.3008,28668.7012,4.1362
2009-11-26,29392.8008,29896.8008,27921.5996,28212.7012,-1.5906
2009-11-27,27672.5,28295.3008,26868.4004,27251.0996,-3.4084
2009-11-30,27231.2012,28274.8008,27046.0996,28116.4004,3.1753
2009-12-01,28161.5,29023.4004,27794.0,28777.9004,2.3527
2009-12-02,28947.0996,29629.9004,28604.0996,29212.8008,1.5112
2009-12-03,29049.2012,29603.0996,28528.5,29199.0,-0.0472
2009-12-04,29686.8008,30410.8008,28514.8008,29481.8008,0.9685
2009-12-07,29182.0996,29888.0,28842.9004,29552.9004,0.2412
2009-12-08,29173.8008,29559.0,28502.0996,28974.4004,-1.9575
2009-12-09,27991.9004,28471.5,27489.4004,27820.5996,-3.9821
2009-12-10,27151.9004,27596.3008,26773.0996,27202.5,-2.2217
2009-12-11,26496.3008,26869.5,26142.4004,26395.4004,-2.967
2009-12-14,26002.0996,26424.5,25216.5996,26072.3008,-1.2241
2009-12-15,25563.0996,26019.5,25223.9004,25564.4004,-1.948
2009-12-16,24997.5996,25445.5996,24666.4004,24933.9004,-2.4663
2009-12-17,24521.0996,24773.9004,23658.9004,23826.5996,-4.4409
2009-12-18,23229.9004,23516.3008,22449.5,22720.0,-4.6444
2009-12-21,22057.5996,22492.7012,21737.3008,22273.4004,-1.9657
2009-12-22,21892.0996,22106.4004,21054.2012,21247.4004,-4.6064
2009-12-23,20735.4004,21234.5996,20544.4004,21043.9004,-0.9578
2009-12-24,20985.4004,21745.2012,20827.3008,21602.2012,2.653
2009-12-25,21274.5996,21640.3008,21004.8008,21320.8008,-1.3026
2009-12-28,21193.0,21707.4004,21078.0996,21486.2012,0.7758
2009-12-29,21394.2012,21691.9004,21035.8008,21475.5996,-0.0493
2009-12-30,21721.0,22133.0,21383.5,21836.5,1.6805
2009-12-31,21820.5,22202.2012,21578.9004,21976.3008,0.6402
2010-01-04,22021.7012,22345.3008,21632.3008,21864.5996,-0.5083
2010-01-05,22228.5996,22711.5,21833.0,22424.4004,2.5603
2010-01-06,22650.0,23102.3008,22331.7012,22592.5996,0.7501
2010-01-07,22823.8008,23156.5,22153.4004,22405.9004,-0.8264
2010-01-08,22132.0996,22587.2012,21808.2012,22416.7012,0.0482
2010-01-11,24059.4004,24450.5996,23258.7012,23683.5996,5.6516
2010-01-12,23981.8008,24652.9004,23608.9004,24441.7012,3.201
2010-01-13,24486.5996,25156.4004,24083.7012,24521.9004,0.3281
2010-01-14,24769.5996,25453.8008,24502.3008,25209.8008,2.8052
2010-01-15,25231.8008,25685.0996,24888.5996,25337.0996,0.505
2010-01-18,25362.0,25913.5996,25036.2012,25670.3008,1.3151
2010-01-19,25696.0996,26123.4004,25313.5996,25694.0996,0.0927
2010-01-20,26119.7012,26415.2012,24944.5996,25192.0,-1.9541
2010-01-21,24908.5,25432.8008,24483.3008,25011.7012,-0.7157
2010-01-22,24739.8008,25156.5996,23882.7012,24507.4004,-2.0163
2010-01-25,23682.3008,24172.0996,23296.7012,23544.9004,-3.9274
2010-01-26,23119.8008,23382.3008,22053.3008,22344.5996,-5.0979
2010-01-27,21728.3008,22117.2012,21222.9004,21537.0996,-3.6138
2010-01-28,20955.4004,21402.2012,20666.7012,21175.5996,-1.6785
2010-01-29,20650.8008,21288.3008,20462.2012,20863.8008,-1.4724
2010-02-01,20571.4004,20870.8008,19899.2012,20337.4004,-2.523
2010-02-02,20111.2012,20545.8008,19763.9004,19938.0996,-1.9634
2010-02-03,19940.0,20486.5,19284.0996,20317.4004,1.9024
2010-02-04,20055.5996,20625.0,19808.5996,20312.5,-0.0241
2010-02-05,19773.8008,20262.3008,19394.9004,19775.3008,-2.6447
2010-02-08,19141.5,19538.0,18861.0996,19203.3008,-2.8925
2010-02-09,18546.7012,18912.3008,18322.2012,18618.9004,-3.0432
2010-02-10,18183.7012,18455.0,17975.4004,18298.7012,-1.7198
2010-02-11,17775.5996,18014.5996,17559.0996,17736.8008,-3.0707
2010-02-12,17303.0,17600.3008,17157.4004,17457.7012,-1.5736
2010-02-22,17087.5996,17396.2012,16864.0,17093.8008,
2010-02-23,16991.5,17282.7012,16599.0996,17072.4004,-0.1252
2010-02-24,17050.9004,17574.5996,16890.4004,17456.4004,2.2492
2010-02-25,17949.5,18400.4004,17813.8008,18206.7012,4.2981
2010-02-26,18408.0996,18737.3008,18195.2012,18443.4004,1.3001
2010-03-01,18801.2012,19239.5996,18641.5996,19035.2012,3.2087
2010-03-02,19274.3008,19559.5,18956.9004,19226.0,1.0023
2010-03-03,19594.3008,20018.8008,19361.4004,19816.0,3.0688
2010-03-04,20264.7012,20522.9004,19446.0,19594.5996,-1.1173
2010-03-05,19451.8008,19828.9004,19184.4004,19507.9004,-0.4425
2010-03-08,19250.9004,19613.5,19076.7012,19400.2012,-0.5521
2010-03-09,19293.5996,19615.4004,18985.9004,19354.9004,-0.2335
2010-03-10,19155.5996,19408.7012,18767.8008,18976.3008,-1.9561
2010-03-11,18763.5,19038.5,18428.5,18719.5996,-1.3527
2010-03-12,18445.8008,18657.5,18075.5996,18184.8008,-2.8569
2010-03-15,17758.7012,17957.5996,17380.8008,17613.0996,-3.1438
2010-03-16,17174.0,17450.4004,16971.8008,17313.0996,-1.7033
2010-03-17,17345.7012,17822.8008,17229.5996,17735.7012,2.4409
2010-03-18,17831.5996,18111.3008,17626.5996,17829.5996,0.5294
2010-03-19,17867.0996,18172.8008,17667.5996,18003.2012,0.9737
2010-03-22,18096.7012,18387.3008,17890.2012,18180.0,0.982
2010-03-23,18245.5,18472.4004,17947.2012,18135.0996,-0.247
2010-03-24,18170.4004,18487.5,17985.3008,18219.7012,0.4665
2010-03-25,18264.7012,18477.7012,17884.4004,18081.0,-0.7613
2010-03-26,18064.3008,18517.8008,17901.2012,18335.8008,1.4092
2010-03-29,18944.9004,19345.3008,18725.5996,19117.8008,4.2649
2010-03-30,19323.4004,19634.7012,19129.2012,19436.5996,1.6675
2010-03-31,19618.2012,19915.2012,19363.4004,19635.5996,1.0238
2010-04-01,20128.0,20621.8008,20010.0,20414.9004,3.9688
2010-04-02,20862.5996,21201.0,20632.2012,20932.5996,2.5359
2010-04-06,21291.3008,21614.5996,20965.0996,21286.9004,1.6926
2010-04-07,21326.8008,21614.0,21020.2012,21366.5,0.3739
2010-04-08,21593.2012,21931.2012,21250.9004,21522.3008,0.7292
2010-04-09,21676.2012,22138.0996,21510.0,21970.0996,2.0806
2010-04-12,22676.4004,23103.9004,22251.0996,22692.0996,3.2863
2010-04-13,23457.5,23870.7012,22533.7012,23265.2012,2.5256
2010-04-14,23224.7012,23720.3008,22934.8008,23469.3008,0.8773
2010-04-15,23553.8008,23854.8008,23008.8008,23321.3008,-0.6306
2010-04-16,22899.0,23255.5,22490.0996,22865.5,-1.9544
2010-04-19,23043.0,23373.9004,22065.5,22225.5996,-2.7985
2010-04-20,22263.9004,22806.5996,21702.7012,22471.4004,1.1059
2010-04-21,22773.8008,23559.0,22544.5996,23369.4004,3.9962
2010-04-22,23601.8008,24123.4004,23174.5,23669.3008,1.2833
2010-04-23,23703.5,24199.8008,23262.4004,23590.9004,-0.3312
2010-04-26,23431.7012,23867.0,22998.0996,23343.0,-1.0508
2010-04-27,23262.7012,23471.9004,22219.7012,22796.9004,-2.3395
2010-04-28,22507.8008,23098.8008,22116.7012,22644.7012,-0.6676
2010-04-29,22475.8008,22842.3008,21692.2012,21811.5,-3.6795
2010-04-30,21531.9004,21837.5996,20622.8008,21231.7012,-2.6582
2010-05-04,20155.8008,20873.8008,19858.9004,20458.5,-3.6417
2010-05-05,20156.2012,20968.9004,19839.9004,20836.3008,1.8467
2010-05-06,20701.8008,21006.0996,19893.3008,20030.2012,-3.8687
2010-05-07,19473.8008,20171.3008,19096.0,19579.0996,-2.2521
2010-05-10,19394.9004,19816.9004,18633.9004,19166.5,-2.1073
2010-05-11,19405.4004,19598.2012,18345.5,18540.0996,-3.2682
2010-05-12,18126.5,18573.5,17537.0996,18048.3008,-2.6526
2010-05-13,17840.5,18417.5996,17478.8008,18314.2012,1.4733
2010-05-14,17882.4004,18323.3008,17641.5996,18044.0,-1.4754
2010-05-17,17573.2012,17790.5,16683.5996,16785.3008,-6.9757
2010-05-18,16674.0,17249.3008,16243.2998,17022.0996,1.4108
2010-05-19,16654.0996,17167.2012,16397.8008,16813.2012,-1.2272
2010-05-20,16390.9004,16842.0996,16085.2998,16254.1006,-3.3254
2010-05-21,15763.1006,16679.4004,15578.1006,16575.2012,1.9755
2010-05-24,17082.5996,17890.3008,17010.5996,17683.3008,6.6853
2010-05-25,17586.5,17899.5,17230.9004,17525.0996,-0.8946
2010-05-26,17226.3008,17575.9004,16999.5996,17287.2012,-1.3575
2010-05-27,17213.7012,17747.5,16919.0996,17606.5996,1.8476
2010-05-28,17826.9004,18069.4004,17440.4004,17677.8008,0.4044
2010-05-31,17478.4004,17761.9004,16939.0,17026.2012,-3.686
2010-06-01,16693.9004,17011.7012,16177.4004,16608.5,-2.4533
2010-06-02,16172.7002,16573.5,15879.9004,16470.5,-0.8309
2010-06-03,16408.5996,16688.7012,16091.6006,16201.4004,-1.6338
2010-06-04,15734.2998,16124.4004,15549.9004,15967.7002,-1.4425
2010-06-07,15475.0,15931.7998,15291.0,15718.9004,-1.5581
2010-06-08,15516.5,15868.0,15322.0,15655.4004,-0.404
2010-06-09,16001.2002,16493.0,15795.5,16347.4004,4.4202
2010-06-10,16261.2002,16611.5,16100.9004,16350.5,0.019
2010-06-11,16298.7998,16529.5996,16029.6006,16190.0,-0.9816
2010-06-17,16069.7998,16269.2998,15688.6006,15776.2998,
2010-06-18,15667.7002,15858.4004,15006.4004,15176.2002,-3.8038
2010-06-21,15135.2998,15727.2998,14898.7998,15621.5,2.9342
2010-06-22,15391.7998,15718.6006,15259.7002,15502.7998,-0.7599
2010-06-23,15217.7998,15489.7998,14958.5,15238.5,-1.7049
2010-06-24,14770.6006,15003.9004,14588.7998,14790.5,-2.9399
2010-06-25,14477.1006,14640.2002,14141.2002,14340.2002,-3.0445
2010-06-28,13968.9004,14138.2002,13659.2998,13791.4004,-3.827
2010-06-29,13865.1006,13995.4004,13018.9004,13122.0,-4.8538
2010-06-30,12804.5,13020.2998,12459.9004,12746.0,-2.8654
2010-07-01,12460.7998,12693.9004,12185.7002,12314.0,-3.3893
2010-07-02,12282.2002,12505.6006,11723.0,12264.2998,-0.4036
2010-07-05,11866.6006,12122.9004,11613.0,11937.6006,-2.6638
2010-07-06,11850.9004,12301.7998,11783.7002,12203.6006,2.2283
2010-07-07,12113.2998,12363.2998,11972.0,12251.6006,0.3933
2010-07-08,12175.2998,12339.7998,11929.7998,12091.4004,-1.3076
2010-07-09,12410.1006,12916.2998,12254.5,12767.2998,5.5899
2010-07-12,13015.0,13357.6006,12881.5,13159.7002,3.0735
2010-07-13,13064.6006,13238.7998,12781.1006,13009.2998,-1.1429
2010-07-14,13079.2998,13408.7998,12965.9004,13153.6006,1.1092
2010-07-15,13152.0,13362.6006,12812.6006,12888.7998,-2.0131
2010-07-16,12679.2998,12933.9004,12467.5,12826.2998,-0.4849
2010-07-19,12919.0,13483.6006,12826.5,13388.4004,4.3824
2010-07-20,13976.0,14458.5,13898.1006,14329.7002,7.0307
2010-07-21,14797.9004,15105.1006,14617.1006,14813.4004,3.3755
2010-07-22,14966.7998,15358.9004,14857.4004,15246.7002,2.9251
2010-07-23,15536.7998,15765.7002,15270.7002,15550.0,1.9893
2010-07-26,15679.5,15973.9004,15490.9004,15821.2002,1.7441
2010-07-27,15858.1006,16095.9004,15650.6006,15852.1006,0.1953
2010-07-28,16367.2998,16903.2012,16240.7998,16780.3008,5.8554
2010-07-29,17347.0,17686.2012,17114.4004,17436.8008,3.9123
2010-07-30,17436.0,17674.9004,17155.5,17452.0,0.0872
2010-08-02,17714.5,18172.5996,17600.8008,18033.0,3.3291
2010-08-03,18510.3008,18780.0996,18076.0,18169.7012,0.7581
2010-08-04,18271.5,18645.0996,17945.2012,18517.4004,1.9136
2010-08-05,18700.4004,19030.9004,18399.0,18693.3008,0.9499
2010-08-06,18972.0996,19485.4004,18693.5996,19369.5996,3.6179
2010-08-09,19660.4004,20110.4004,19478.5996,19901.5,2.7461
2010-08-10,20241.0996,20456.3008,19455.3008,19542.5,-1.8039
2010-08-11,19262.2012,19746.7012,19115.0996,19547.3008,0.0246
2010-08-12,19250.5,19692.0996,18990.2012,19235.4004,-1.5956
2010-08-13,19074.2012,19510.0,18835.4004,19400.5,0.8583
2010-08-16,19748.5996,20394.0996,19597.9004,20218.3008,4.2154
2010-08-17,20507.0,20889.2012,20257.4004,20636.2012,2.0669
2010-08-18,20904.3008,21248.8008,20554.9004,20897.0,1.2638
2010-08-19,21123.8008,21535.8008,20837.0,21200.7012,1.4533
2010-08-20,21310.2012,21588.5996,20746.8008,20967.3008,-1.1009
2010-08-23,20705.5996,21162.4004,20485.4004,20829.9004,-0.6553
2010-08-24,20683.0996,21174.5,20405.0996,20910.0996,0.385
2010-08-25,20725.2012,21028.5996,20240.0,20406.5,-2.4084
2010-08-26,20200.4004,20566.3008,19926.7012,20260.5996,-0.715
2010-08-27,19841.5,20173.9004,19591.2012,19978.5996,-1.3919
2010-08-30,20301.9004,20864.8008,20152.5996,20705.4004,3.6379
2010-08-31,20922.5,21418.4004,20661.9004,21133.2012,2.0661
2010-09-01,21555.9004,21942.7012,20898.0996,21297.8008,0.7789
2010-09-02,21824.5996,22345.0,21528.0,22053.0996,3.5464
2010-09-03,22444.3008,22940.8008,22052.4004,22562.2012,2.3085
2010-09-06,23105.0996,23591.4004,22602.4004,23034.0,2.0911
2010-09-07,22942.3008,23370.2012,22609.7012,23115.4004,0.3534
2010-09-08,23067.8008,23605.9004,22783.9004,23365.7012,1.0828
2010-09-09,23721.9004,24102.5,23069.0996,23344.2012,-0.092
2010-09-10,23363.9004,23879.2012,22864.0996,23512.2012,0.7197
2010-09-13,23624.9004,24261.2012,23377.0,23962.0996,1.9135
2010-09-14,24039.5,24488.8008,23671.3008,24065.2012,0.4303
2010-09-15,24088.5,24417.3008,23390.9004,23640.5996,-1.7644
2010-09-16,23525.2012,23846.7012,22605.5996,23059.3008,-2.4589
2010-09-17,22648.9004,23051.5996,22227.4004,22574.4004,-2.1028
2010-09-20,22133.3008,22469.0996,21576.3008,21863.7012,-3.1483
2010-09-21,21225.8008,21535.9004,20839.3008,21139.3008,-3.3133
2010-09-27,21052.0996,21623.7012,20854.0,21473.0996,
2010-09-28,21297.8008,21707.8008,20885.5,21224.7012,-1.1568
2010-09-29,20999.5,21410.7012,20573.3008,20851.7012,-1.7574
2010-09-30,20483.2012,21157.5996,20311.5996,20992.0996,0.6733
2010-10-08,21699.5,22440.4004,21492.7012,22146.9004,
2010-10-11,24262.9004,25136.2012,23844.4004,24516.2012,10.6981
2010-10-12,25206.9004,26104.2012,24838.0996,25676.0,4.7307
2010-10-13,26698.3008,27446.3008,26106.4004,26888.5996,4.7227
2010-10-14,28183.0996,28831.5,27223.5,27727.3008,3.1192
2010-10-15,28654.0,29993.8008,28155.2012,29358.9004,5.8845
2010-10-18,30679.0996,31515.9004,29365.9004,30135.3008,2.6445
2010-10-19,30237.5,31395.2012,29831.4004,31117.2012,3.2583
2010-10-20,31138.5,32828.8008,30711.4004,32088.0,3.1198
2010-10-21,32209.4004,32942.8008,31513.0996,32242.3008,0.4809
2010-10-22,32022.5996,32961.5,31505.4004,32294.4004,0.1616
2010-10-25,33018.5,34331.4023,32547.5996,33976.0,5.2071
2010-10-26,34581.4023,35393.1016,33748.0,34567.1992,1.74
2010-10-27,34583.1992,35460.3008,33728.6992,34204.4023,-1.0495
2010-10-28,33724.0,34612.5,33213.9023,33889.3008,-0.9212
2010-10-29,33727.6016,34524.1016,33102.6016,33891.0,0.005
2010-11-01,34514.3008,35860.6016,34198.0,35504.1992,4.76
2010-11-02,36583.6992,37667.6992,35681.6992,36313.6992,2.28
2010-11-03,36266.3008,37089.5,35090.1992,35576.6992,-2.0295
2010-11-04,35431.5,36628.0,35014.6016,36217.5,1.8012
2010-11-05,37103.9023,37904.3008,36278.5,37046.5,2.2889
2010-11-08,40046.8008,41033.9023,39389.6016,40461.9023,9.2192
2010-11-09,40368.9023,41161.8008,39504.0,40395.0,-0.1653
2010-11-10,40157.8008,41100.8008,39382.1016,40323.0,-0.1782
2010-11-11,40437.6016,41977.6016,39884.4023,40552.0,0.5679
2010-11-12,40832.8008,41676.6992,38185.3008,38620.3008,-4.7635
2010-11-15,38063.1016,39184.1992,37116.1016,38600.6992,-0.0508
2010-11-16,38313.3008,38918.4023,36190.6016,36733.1992,-4.838
2010-11-17,35367.5,36357.3008,34296.9023,34824.6992,-5.1956
2010-11-18,34040.6992,34792.5,33361.4023,34284.6992,-1.5506
2010-11-19,33820.1992,34611.3008,32881.1016,34331.6016,0.1368
2010-11-22,33623.3008,34806.1016,33255.6992,34167.0,-0.4794
2010-11-23,33381.5,33817.6992,32088.2012,32962.4023,-3.5256
2010-11-24,32159.7012,33532.1016,31976.9004,33232.6016,0.8197
2010-11-25,33062.9023,33783.5,32496.4004,33220.0,-0.0379
2010-11-26,32442.5996,32962.6992,31777.8008,32333.7012,-2.668
2010-11-29,31725.5996,32354.5,31171.5996,31851.0,-1.4929
2010-11-30,31710.5996,32215.3008,29986.2012,31087.2012,-2.398
2010-12-01,29961.5996,30560.7012,29510.3008,30067.9004,-3.2788
2010-12-02,29906.5996,30378.8008,29378.3008,29663.8008,-1.344
2010-12-03,28906.7012,29298.9004,28258.4004,28750.5,-3.0788
2010-12-06,28184.0996,28601.2012,27472.3008,27915.0,-2.906
2010-12-07,27162.4004,27886.9004,26602.7012,27655.0996,-0.931
2010-12-08,26994.0996,27529.5,26631.9004,26921.8008,-2.6516
2010-12-09,26264.5,26659.9004,25663.3008,25915.3008,-3.7386
2010-12-10,25157.4004,25930.8008,24926.8008,25685.4004,-0.8871
2010-12-13,26024.5996,26928.9004,25872.0996,26742.7012,4.1163
2010-12-14,26858.2012,27369.4004,26515.7012,27036.0,1.0967
2010-12-15,27042.8008,27519.8008,26613.8008,26920.3008,-0.4279
2010-12-16,26388.3008,26864.0996,26100.7012,26384.3008,-1.9911
2010-12-17,25709.8008,26092.7012,25404.0,25779.5996,-2.2919
2010-12-20,26036.0,26399.3008,24866.0996,25627.5996,-0.5896
2010-12-21,25653.4004,26292.5,25307.5,26032.2012,1.5788
2010-12-22,25896.2012,26288.4004,25383.2012,25657.0996,-1.4409
2010-12-23,25236.9004,25593.8008,24670.9004,24871.7012,-3.0611
2010-12-24,24257.9004,24584.2012,23654.0,24031.9004,-3.3765
2010-12-27,24202.7012,24767.4004,23343.9004,23563.0,-1.9512
2010-12-28,23051.4004,23384.2012,22391.8008,22725.5996,-3.5539
2010-12-29,22227.5,22687.5,21930.0996,22497.0,-1.0059
2010-12-30,22041.8008,22436.5,21678.7012,22142.0,-1.578
2010-12-31,22015.3008,22688.5996,21860.9004,22534.3008,1.7717
2011-01-04,23052.5996,23621.4004,22715.7012,23316.8008,3.4725
2011-01-05,23283.8008,23819.2012,22979.9004,23436.7012,0.5142
2011-01-06,23227.0,23602.5,22834.2012,23125.0996,-1.3295
2011-01-07,23200.0996,23691.2012,22762.0,23130.7012,0.0242
2011-01-10,22872.5996,23215.4004,22219.0996,22405.4004,-3.1357
2011-01-11,21924.7012,22297.5996,21494.9004,21976.0996,-1.9161
2011-01-12,21660.5,22011.2012,21274.5,21713.7012,-1.194
2011-01-13,21370.0,21637.0,20998.3008,21255.9004,-2.1083
2011-01-14,20849.3008,21043.0996,20261.5996,20489.8008,-3.6042
2011-01-17,20240.3008,20506.9004,19354.2012,19578.7012,-4.4466
2011-01-18,18969.5,19317.0,18674.5,19090.0996,-2.4956
2011-01-19,18829.4004,19458.4004,18644.5996,19346.0,1.3405
2011-01-20,19175.8008,19374.5996,18429.7012,18558.7012,-4.0696
2011-01-21,18400.5996,19094.7012,18190.0996,18708.2012,0.8056
2011-01-24,18596.0996,18900.0,18020.8008,18238.5996,-2.5101
2011-01-25,17827.2012,18058.9004,17312.8008,17619.2012,-3.3961
2011-01-26,17179.9004,17651.9004,17066.0,17504.0,-0.6538
2011-01-27,17476.5996,18175.0,17254.8008,17956.0,2.5823
2011-01-28,17855.5,18286.9004,17662.2012,18055.5,0.5541
2011-01-31,18029.9004,18505.7012,17847.3008,18346.8008,1.6134
2011-02-01,18195.4004,18476.5996,17919.0,18198.3008,-0.8094
2011-02-09,17979.7012,18470.3008,17689.9004,18015.9004,
2011-02-10,18119.4004,18725.2012,17917.4004,18598.7012,3.2349
2011-02-11,18936.0996,19402.9004,18741.4004,19100.7012,2.6991
2011-02-14,20078.5,20765.4004,19920.5,20537.7012,7.5233
2011-02-15,21452.9004,22001.8008,21213.5996,21501.8008,4.6943
2011-02-16,21957.5,22546.5,21750.5,22376.8008,4.0694
2011-02-17,22983.2012,23434.4004,22568.0996,23031.0996,2.924
2011-02-18,23201.2012,23548.5,22721.7012,23006.4004,-0.1072
2011-02-21,23305.9004,24080.2012,23155.0996,23917.0,3.958
2011-02-22,24803.0996,25096.0996,23802.5996,24016.5,0.416
2011-02-23,23922.5,24533.4004,23653.8008,24228.8008,0.884
2011-02-24,24175.5,24712.5996,23842.0996,24360.0996,0.5419
2011-02-25,24208.5996,24608.3008,23782.9004,24269.0996,-0.3736
2011-02-28,24486.3008,25058.2012,24159.5,24826.5996,2.2972
2011-03-01,25233.4004,25740.3008,24915.3008,25330.2012,2.0285
2011-03-02,25408.0,25801.3008,24885.0,25445.2012,0.454
2011-03-03,25788.5996,26222.2012,25181.9004,25401.9004,-0.1702
2011-03-04,25339.5,25906.5,25076.7012,25707.4004,1.2027
2011-03-07,26575.9004,27231.5996,26327.0996,26914.3008,4.6948
2011-03-08,27054.9004,27498.0996,26680.5,27185.0,1.0058
2011-03-09,27257.8008,27724.4004,26907.0996,27314.2012,0.4753
2011-03-10,27503.4004,27861.0996,26954.4004,27242.9004,-0.261
2011-03-11,27056.5,27667.8008,26770.8008,27087.7012,-0.5697
2011-03-14,27016.7012,27615.3008,26690.8008,27291.4004,0.752
2011-03-15,27631.7012,27953.8008,26602.0,27360.0996,0.2517
2011-03-16,27400.8008,28105.5,27150.3008,27820.0996,1.6813
2011-03-17,27630.7012,28113.7012,27027.4004,27365.2012,-1.6351
2011-03-18,27174.4004,27609.0,26796.5996,27145.5996,-0.8025
2011-03-21,26733.3008,27133.9004,26281.5996,26620.3008,-1.9351
2011-03-22,26218.0996,26560.9004,25692.4004,26211.5996,-1.5353
2011-03-23,26002.9004,26577.4004,25779.5996,26370.8008,0.6074
2011-03-24,26171.2012,26589.0,25846.5,26151.9004,-0.8301
2011-03-25,26400.0996,27007.0,26177.0996,26688.0996,2.0503
2011-03-28,27389.5,27939.5,26930.8008,27306.9004,2.3186
2011-03-29,27690.3008,28181.0,27010.0,27316.5,0.0352
2011-03-30,27138.8008,27644.7012,26632.0,27059.7012,-0.9401
2011-03-31,26718.5,27082.7012,26095.7012,26382.9004,-2.5011
2011-04-01,25924.2012,26491.8008,25591.0,26271.0,-0.4241
2011-04-06,26350.0996,26976.7012,25987.5,26580.8008,1.1793
2011-04-07,26498.2012,26977.0,26143.8008,26657.7012,0.2893
2011-04-08,26557.3008,27112.0,26318.9004,26871.9004,0.8035
2011-04-11,27248.0996,27732.5996,26750.2012,27034.4004,0.6047
2011-04-12,27010.5996,27547.7012,26602.0996,27015.0996,-0.0714
2011-04-13,26741.3008,27306.5,26385.2012,27131.3008,0.4301
2011-04-14,26994.0996,27403.8008,26588.0,26915.0,-0.7972
2011-04-15,26792.5996,27262.8008,26373.0996,26901.0996,-0.0516
2011-04-18,26874.5,27445.0996,26519.5,27067.9004,0.6201
2011-04-19,27272.4004,27684.8008,26663.2012,27034.4004,-0.1238
2011-04-20,26944.0,27459.0996,26574.8008,27009.8008,-0.091
2011-04-21,27075.0,27575.7012,26715.0996,27176.5996,0.6175
2011-04-22,26941.0,27321.0,26475.2012,26803.9004,-1.3714
2011-04-25,26731.4004,27016.9004,25950.8008,26218.5,-2.184
2011-04-26,25643.0,25996.4004,25078.3008,25412.4004,-3.0745
2011-04-27,25072.7012,25440.9004,24415.4004,24755.0,-2.5869
2011-04-28,24533.8008,24828.4004,23619.0,23797.2012,-3.8691
2011-04-29,23202.0,23761.2012,22922.3008,23589.4004,-0.8732
2011-05-03,23103.3008,23574.7012,22748.9004,23407.7012,-0.7703
2011-05-04,23089.0,23394.7012,22442.3008,22697.5,-3.034
2011-05-05,22118.5,22573.0,21843.8008,22265.5,-1.9033
2011-05-06,21648.9004,22231.4004,21367.7012,21953.0,-1.4035
2011-05-09,21635.8008,22061.5,21434.3008,21754.3008,-0.9051
2011-05-10,21372.3008,21733.4004,21122.9004,21545.5996,-0.9594
2011-05-11,21286.8008,21618.9004,20979.5,21308.0996,-1.1023
2011-05-12,20959.4004,21355.4004,20608.2012,20808.9004,-2.3428
2011-05-13,20670.2012,21054.5,20339.0,20848.0996,0.1884
2011-05-16,20535.2012,20871.0,20246.7012,20486.0996,-1.7364
2011-05-17,20370.5,20773.7012,19932.4004,20322.3008,-0.7996
2011-05-18,20012.0996,20433.0996,19823.5,20210.8008,-0.5487
2011-05-19,19930.2012,20224.5996,19620.3008,19811.7012,-1.9747
2011-05-20,19498.2012,19777.4004,19226.9004,19492.7012,-1.6102
2011-05-23,19471.5996,19647.5996,18665.8008,18812.8008,-3.488
2011-05-24,18468.2012,18857.2012,18109.9004,18627.2012,-0.9866
2011-05-25,18302.0,18614.0996,17926.2012,18152.3008,-2.5495
2011-05-26,18039.4004,18356.5996,17647.0996,17798.2012,-1.9507
2011-05-27,17614.0,17832.4004,17010.5,17188.2012,-3.4273
2011-05-30,16778.5,17089.3008,16393.2012,16650.9004,-3.126
2011-05-31,16405.9004,16870.0996,16211.0,16765.7012,0.6895
2011-06-01,16480.7012,16830.3008,16314.4004,16662.9004,-0.6132
2011-06-02,16386.5996,16695.5996,16033.4004,16409.5,-1.5207
2011-06-03,16167.0,16604.5,16069.2002,16430.9004,0.1304
2011-06-07,16175.2002,16547.7012,16035.7002,16400.8008,-0.1832
2011-06-08,16317.9004,16598.4004,16041.1006,16436.7012,0.2189
2011-06-09,16348.1006,16583.3008,15931.7002,16038.7998,-2.4208
2011-06-10,15867.2002,16161.1006,15545.2002,15948.0,-0.5661
2011-06-13,15518.1006,15829.4004,15267.6006,15654.1006,-1.8429
2011-06-14,15697.7998,16141.5,15583.2998,15946.6006,1.8685
2011-06-15,15833.7002,16098.0,15606.7002,15727.0,-1.3771
2011-06-16,15383.6006,15586.2002,15067.7998,15211.4004,-3.2784
2011-06-17,15004.9004,15245.5,14671.6006,14775.0,-2.8689
2011-06-20,14523.5,14743.1006,14215.5,14451.1006,-2.1922
2011-06-21,14377.2002,14660.2002,14171.2998,14526.6006,0.5225
2011-06-22,14327.7998,14538.9004,14123.7002,14312.5,-1.4739
2011-06-23,14339.7002,14776.7998,14154.5,14664.0,2.4559
2011-06-24,15433.2998,16116.2002,15332.2002,15864.7998,8.1888
2011-06-27,16317.1006,16721.9004,16177.0,16503.2012,4.024
2011-06-28,16649.2012,16915.8008,16402.5996,16715.7012,1.2876
2011-06-29,16994.0996,17217.0996,16665.7012,16767.2012,0.3081
2011-06-30,16924.8008,17406.7012,16844.2012,17202.3008,2.5949
2011-07-01,17441.0996,17759.3008,17252.8008,17475.4004,1.5876
2011-07-04,18175.8008,18711.5,18073.2012,18549.8008,6.1481
2011-07-05,18982.3008,19319.9004,18748.4004,19092.0,2.9229
2011-07-06,19276.0996,19580.9004,18981.3008,19366.5,1.4378
2011-07-07,19867.8008,20269.5996,19595.5996,19802.9004,2.2534
2011-07-08,19704.0996,20006.0996,19425.2012,19717.4004,-0.4318
2011-07-11,19584.5996,19986.9004,19382.8008,19784.9004,0.3423
2011-07-12,19730.0996,20003.2012,19371.2012,19579.0996,-1.0402
2011-07-13,19664.0996,20203.5996,19579.4004,20059.8008,2.4552
2011-07-14,20374.9004,20753.4004,20131.5,20496.2012,2.1755
2011-07-15,20785.7012,21218.2012,20554.5996,20967.8008,2.3009
2011-07-18,21295.5996,21646.4004,20983.7012,21260.0,1.3936
2011-07-19,21112.5996,21381.8008,20745.3008,21019.2012,-1.1326
2011-07-20,20926.5,21173.7012,20525.0,20823.0996,-0.933
2011-07-21,20604.8008,20824.7012,20181.5,20341.5,-2.3128
2011-07-22,20050.5996,20365.7012,19844.4004,20095.0,-1.2118
2011-07-25,20209.5996,20412.3008,19326.0,19518.0,-2.8714
2011-07-26,19109.7012,19446.0996,18835.5996,19246.5,-1.391
2011-07-27,19004.7012,19530.8008,18809.9004,19376.5,0.6754
2011-07-28,19063.7012,19402.2012,18780.4004,19156.9004,-1.1333
2011-07-29,18897.3008,19176.3008,18519.0,18717.5996,-2.2932
2011-08-01,18257.3008,18612.4004,18061.5996,18380.5996,-1.8004
2011-08-02,18081.0996,18280.0996,17638.5,18070.0,-1.6898
2011-08-03,17707.9004,18165.8008,17562.0996,17928.5996,-0.7825
2011-08-04,17641.2012,17944.9004,17468.7012,17671.8008,-1.4323
2011-08-05,17126.3008,17586.0996,16888.0,17303.2012,-2.0858
2011-08-08,17523.7012,17805.5996,16506.0,16957.5,-1.9979
2011-08-09,16718.8008,17501.8008,16311.6006,17248.0996,1.7137
2011-08-10,17741.3008,18100.4004,17475.7012,17685.2012,2.5342
2011-08-11,17471.7012,18280.3008,17330.8008,18143.9004,2.5937
2011-08-12,18355.3008,18719.3008,18146.7012,18387.5996,1.3431
2011-08-15,18449.5,18845.5,18255.5,18679.0,1.5848
2011-08-16,18613.5996,18853.8008,18284.0,18474.4004,-1.0953
2011-08-17,18104.3008,18401.9004,17887.2012,18092.2012,-2.0688
2011-08-18,17945.7012,18156.7012,17513.9004,17633.4004,-2.5359
2011-08-19,17071.4004,17449.4004,16866.4004,17256.2012,-2.1391
2011-08-22,16925.4004,17221.0996,16609.0996,16785.4004,-2.7283
2011-08-23,16535.7012,16868.7012,16366.5,16764.3008,-0.1257
2011-08-24,16682.3008,16922.4004,16414.0,16554.0996,-1.2539
2011-08-25,16803.7012,17276.0,16628.5,17162.7012,3.6764
2011-08-26,17033.5996,17332.2012,16874.5,17156.7012,-0.035
2011-08-29,17007.5996,17232.5,16736.8008,16932.2012,-1.3085
2011-08-30,16972.5996,17209.9004,16629.2012,16724.0996,-1.229
2011-08-31,16429.2012,16638.3008,16124.6006,16388.5,-2.0067
2011-09-01,16050.2998,16245.4004,15778.2998,15924.2002,-2.8331
2011-09-02,15520.1006,15678.4004,15206.9004,15379.4004,-3.4212
2011-09-05,14932.5,15069.2002,14580.7998,14711.9004,-4.3402
2011-09-06,14245.9004,14478.2002,14037.9004,14246.1006,-3.1661
2011-09-07,14151.7002,14507.2002,14040.0,14427.7998,1.2754
2011-09-08,14284.9004,14441.9004,14004.1006,14087.6006,-2.3579
2011-09-09,13820.2002,14051.5,13596.2002,13737.7998,-2.483
2011-09-13,13258.6006,13448.5,13022.1006,13254.9004,-3.5151
2011-09-14,13092.9004,13282.2002,12823.7002,13196.4004,-0.4413
2011-09-15,13052.7002,13258.6006,12928.1006,13043.6006,-1.1579
2011-09-16,12883.0,13051.2002,12722.7002,12831.2002,-1.6284
2011-09-19,12542.4004,12642.5,12252.6006,12341.5,-3.8165
2011-09-20,12082.2998,12333.0,11951.7002,12208.0,-1.0817
2011-09-21,12545.6006,13043.4004,12425.9004,12938.7002,5.9854
2011-09-22,12955.7002,13137.5,12620.5,12686.7002,-1.9476
2011-09-23,12478.2002,12784.5,12299.7998,12621.1006,-0.5171
2011-09-26,12444.2998,12679.6006,12201.1006,12313.9004,-2.434
2011-09-27,12313.4004,12476.7998,12077.6006,12273.1006,-0.3313
2011-09-28,12244.0,12361.7002,11862.2998,11955.7998,-2.5853
2011-09-29,11832.2002,11976.6006,11475.4004,11594.0,-3.0261
2011-09-30,11413.2998,11559.2002,11144.7002,11333.6006,-2.246
2011-10-10,11118.9004,11258.5,10897.5,11017.7002,
2011-10-11,11386.4004,11518.4004,10887.2998,11067.0,0.4475
2011-10-12,11341.1006,11932.7998,11185.5,11860.9004,7.1736
2011-10-13,12187.5,12521.0,12085.9004,12368.6006,4.2805
2011-10-14,12261.2998,12428.2998,12067.1006,12264.9004,-0.8384
2011-10-17,12261.7998,12479.2002,12113.0,12298.9004,0.2772
2011-10-18,12307.9004,12453.6006,11911.4004,11993.9004,-2.4799
2011-10-19,11886.1006,12076.9004,11653.1006,11808.6006,-1.545
2011-10-20,11733.6006,11844.2998,11297.4004,11486.2002,-2.7302
2011-10-21,11252.7998,11398.6006,10961.2998,11077.7002,-3.5564
2011-10-24,11163.2998,11495.0,10885.6006,11398.4004,2.895
2011-10-25,11735.2998,12200.4004,11599.7002,12069.9004,5.8912
2011-10-26,12520.4004,12967.2998,12431.1006,12725.9004,5.435
2011-10-27,12889.5,13125.5,12722.1006,12875.7002,1.1771
2011-10-28,13585.9004,13899.0,13426.6006,13715.2002,6.52
2011-10-31,13919.7002,14180.5,13725.2002,13996.7002,2.0525
2011-11-01,14062.9004,14443.9004,13933.4004,14212.7002,1.5432
2011-11-02,14459.1006,15058.1006,14286.6006,14990.6006,5.4733
2011-11-03,15994.7998,16434.0,15794.1006,15973.6006,6.5574
2011-11-04,16314.9004,16602.0996,16078.9004,16338.0,2.2813
2011-11-07,16208.2002,16475.0,15995.4004,16181.0,-0.9609
2011-11-08,16079.2002,16287.7998,15775.7002,15910.7998,-1.6699
2011-11-09,15923.6006,16228.4004,15671.1006,16132.5,1.3934
2011-11-10,16056.7998,16340.2998,15829.1006,15976.6006,-0.9664
2011-11-11,15822.7998,16081.2002,15597.7998,15785.2998,-1.1974
2011-11-14,16033.4004,16393.5996,15927.6006,16276.4004,3.1111
2011-11-15,16343.5,16609.5996,16167.7998,16435.2012,0.9757
2011-11-16,16608.2012,16752.0996,16021.4004,16168.1006,-1.6252
2011-11-17,15961.6006,16231.9004,15761.7998,15947.5,-1.3644
2011-11-18,15736.7998,15886.7002,15272.1006,15413.6006,-3.3479
2011-11-21,15031.1006,15227.6006,14758.7998,15053.7998,-2.3343
2011-11-22,14559.4004,14819.7002,14371.2002,14686.7998,-2.4379
2011-11-23,14372.0,14539.1006,14121.5,14242.7002,-3.0238
2011-11-24,13825.7002,14120.1006,13643.2002,13956.1006,-2.0123
2011-11-25,13641.9004,13840.7998,13432.4004,13559.2998,-2.8432
2011-11-28,13312.0,13497.4004,13103.9004,13291.0,-1.9787
2011-11-29,13306.7998,13499.6006,13135.6006,13403.1006,0.8434
2011-11-30,13523.7002,13618.2998,12784.7002,12982.0,-3.1418
2011-12-01,13756.6006,14013.0,13511.9004,13660.2998,5.2249
2011-12-02,13415.9004,13560.9004,13063.7998,13236.7002,-3.101
2011-12-05,12988.7998,13096.1006,12518.6006,12633.5,-4.557
2011-12-06,12282.9004,12507.1006,12087.4004,12351.4004,-2.2329
2011-12-07,11988.6006,12184.6006,11864.4004,12053.5,-2.4119
2011-12-08,11844.7002,12093.2998,11605.1006,11895.1006,-1.3141
2011-12-09,11494.2998,11690.6006,11347.0,11486.0,-3.4392
2011-12-12,11169.0,11297.1006,10956.9004,11040.6006,-3.8778
2011-12-13,10919.7002,11019.1006,10520.1006,10649.7002,-3.5406
2011-12-14,10382.9004,10551.1006,10140.9004,10248.9004,-3.7635
2011-12-15,10156.4004,10305.2998,9851.7998,9974.7002,-2.6754
2011-12-16,9992.2998,10334.7998,9854.1006,10285.2002,3.1129
2011-12-19,10210.9004,10412.9004,9958.5,10325.7002,0.3938
2011-12-20,10251.1006,10493.6006,10123.5,10245.9004,-0.7728
2011-12-21,10274.6006,10393.2002,9886.5,9942.5,-2.9612
2011-12-22,9890.5,10102.2998,9544.2998,9910.4004,-0.3229
2011-12-23,9804.1006,10106.0,9706.7002,9936.1006,0.2593
2011-12-26,9735.6006,9925.1006,9577.2998,9677.0,-2.6077
2011-12-27,9534.5,9658.5,9241.6006,9330.5,-3.5807
2011-12-28,9228.7002,9402.0,8991.9004,9288.2002,-0.4533
2011-12-29,9128.7998,9338.9004,9042.9004,9192.9004,-1.026
2011-12-30,9220.1006,9447.2002,9162.2002,9350.7998,1.7176
2012-01-04,9384.2998,9485.9004,9036.2002,9080.4004,-2.8917
2012-01-05,9078.2002,9224.6006,8748.5,8857.2998,-2.4569
2012-01-06,8808.9004,9015.9004,8597.6006,8916.5,0.6684
2012-01-09,9179.7002,9616.0,9043.0,9569.9004,7.328
2012-01-10,10211.7998,10718.2002,10133.4004,10625.7998,11.0335
2012-01-11,10941.2002,11186.2998,10777.2002,10976.2002,3.2976
2012-01-12,11065.7998,11360.2998,10950.0,11111.5,1.2327
2012-01-13,11263.0,11395.6006,10785.5,10935.6006,-1.583
2012-01-16,10673.5,10853.7998,10375.2998,10446.6006,-4.4716
2012-01-17,10747.4004,11445.9004,10618.7998,11375.5,8.8919
2012-01-18,11752.2002,12003.2998,11372.0,11480.0,0.9186
2012-01-19,11515.1006,11858.5,11364.2998,11695.9004,1.8807
2012-01-20,11768.7998,12018.7998,11618.2002,11880.0,1.5741
2012-01-30,11811.7002,11956.6006,11556.9004,11675.2998,
2012-01-31,11408.7002,11582.2002,11233.1006,11456.4004,-1.8749
2012-02-01,11314.9004,11508.0,11110.2002,11225.2998,-2.0172
2012-02-02,11232.5,11505.9004,11125.2998,11457.2002,2.0659
2012-02-03,11627.6006,11913.2002,11523.2998,11807.6006,3.0583
2012-02-06,11981.5,12187.2002,11827.2998,12028.7002,1.8725
2012-02-07,11946.9004,12039.9004,11658.7002,11814.1006,-1.7841
2012-02-08,12065.5,12550.2998,11980.0,12466.7998,5.5247
2012-02-09,12842.7002,13150.2998,12725.7998,12927.1006,3.6922
2012-02-10,13127.0,13434.4004,13006.2002,13225.7998,2.3106
2012-02-13,13280.6006,13691.0,13161.7002,13524.2998,2.257
2012-02-14,13503.9004,13687.1006,13310.1006,13506.0,-0.1353
2012-02-15,13775.2998,14146.1006,13665.0,14015.4004,3.7717
2012-02-16,14221.7002,14452.6006,13995.6006,14206.0,1.3599
2012-02-17,14171.5,14340.0,13917.0,14107.5,-0.6934
2012-02-20,14497.7998,14669.6006,14239.4004,14339.9004,1.6474
2012-02-21,14355.2998,14628.2998,14145.7002,14558.2002,1.5223
2012-02-22,15112.7998,15513.2998,15001.0,15404.2002,5.8112
2012-02-23,15794.4004,16090.1006,15611.6006,15863.0,2.9784
2012-02-24,16389.4004,16792.4004,16233.1006,16621.5,4.7816
2012-02-27,17498.5996,17924.5996,17324.8008,17495.3008,5.2571
2012-02-28,17707.0,17989.7012,17400.0,17706.7012,1.2083
2012-02-29,17623.3008,17870.7012,17311.5,17471.8008,-1.3266
2012-03-01,17140.0996,17514.4004,17038.4004,17296.3008,-1.0045
2012-03-02,17398.2012,17825.3008,17321.9004,17716.7012,2.4306
2012-03-05,18007.3008,18323.2012,17766.4004,17962.0,1.3846
2012-03-06,17989.9004,18207.7012,17603.7012,17853.0,-0.6068
2012-03-07,17608.4004,18042.0,17438.4004,17692.0,-0.9018
2012-03-08,17724.7012,18122.5,17618.0996,17928.7012,1.3379
2012-03-09,18107.2012,18443.2012,17936.4004,18312.2012,2.139
2012-03-12,18519.0996,18812.5996,18245.7012,18562.8008,1.3685
2012-03-13,18609.8008,18946.0,18410.0996,18800.3008,1.2794
2012-03-14,19947.0996,20275.8008,18801.5,19057.5996,1.3686
2012-03-15,19166.0996,19518.0996,18601.8008,18994.9004,-0.329
2012-03-16,19017.5996,19545.4004,18794.5,19416.5,2.2195
2012-03-19,19369.0996,19791.0996,19103.0,19609.3008,0.993
2012-03-20,19409.0996,19618.3008,18894.0,19057.3008,-2.815
2012-03-21,19001.0,19342.4004,18565.5996,18998.7012,-0.3075
2012-03-22,18589.9004,18865.4004,18286.5,18544.5,-2.3907
2012-03-23,18092.9004,18301.0,17654.2012,17847.9004,-3.7564
2012-03-26,17256.3008,17513.9004,16979.0,17262.9004,-3.2777
2012-03-27,16973.9004,17213.7012,16705.0,16857.9004,-2.3461
2012-03-28,16664.4004,16791.0,15907.7002,16044.0,-4.828
2012-03-29,15715.6006,15962.9004,15266.2002,15535.6006,-3.1688
2012-03-30,15181.7002,15432.0,14844.6006,15115.2998,-2.7054
2012-04-05,14995.5,15607.7002,14868.5,15505.0,
2012-04-06,15319.2998,15638.4004,15152.2998,15436.2002,-0.4437
2012-04-09,15058.9004,15284.6006,14789.6006,14944.7998,-3.1834
2012-04-10,14706.5,15032.1006,14348.0,14948.9004,0.0274
2012-04-11,14614.7002,15038.7002,14488.6006,14846.7998,-0.683
2012-04-12,15073.5,15460.6006,14924.6006,15363.7998,3.4822
2012-04-13,15641.4004,15956.2998,15470.7002,15711.0,2.2599
2012-04-16,15537.4004,15870.0,15374.0,15659.2998,-0.3291
2012-04-17,15570.2998,15790.5,15243.4004,15365.4004,-1.8768
2012-04-18,15615.7998,16078.4004,15473.6006,15957.0,3.8502
2012-04-19,16015.7998,16269.1006,15790.6006,16001.7002,0.2801
2012-04-20,16176.6006,16562.5996,16029.6006,16392.8008,2.4441
2012-04-23,16694.0996,16963.0996,16271.5,16482.9004,0.5496
2012-04-24,16662.0,17076.0996,16144.9004,16731.5996,1.5088
2012-04-25,16904.7012,17402.8008,16702.2012,17184.7012,2.7081
2012-04-26,17341.0996,17645.5996,17019.8008,17260.2012,0.4393
2012-04-27,17071.5,17338.7012,16794.0,16994.0996,-1.5417
2012-05-02,17516.0,17884.0,17217.5,17599.0,3.5595
2012-05-03,17598.5,17961.7012,17402.4004,17745.2012,0.8307
2012-05-04,17673.5,18025.8008,17479.8008,17851.2012,0.5973
2012-05-07,18054.0,18448.7012,17854.0996,18271.7012,2.3556
2012-05-08,18342.7012,18631.0996,18049.0,18356.3008,0.463
2012-05-09,18165.2012,18401.7012,17823.0,18003.5996,-1.9214
2012-05-10,17702.3008,18052.5,17531.7012,17799.4004,-1.1342
2012-05-11,17573.3008,17856.4004,17319.8008,17478.3008,-1.804
2012-05-14,17522.2012,17740.8008,17141.0,17299.9004,-1.0207
2012-05-15,16926.0996,17221.3008,16662.0996,17063.0,-1.3694
2012-05-16,16766.0,17007.2012,16467.0,16604.5,-2.6871
2012-05-17,16427.0996,16831.3008,16274.1006,16686.2012,0.492
2012-05-18,16450.7012,16683.5,16131.5,16293.9004,-2.351
2012-05-21,15988.7002,16314.2002,15744.2998,16033.6006,-1.5975
2012-05-22,15919.5,16222.2998,15790.2998,16094.7998,0.3817
2012-05-23,16007.7998,16285.9004,15738.2002,16037.6006,-0.3554
2012-05-24,15879.7002,16153.4004,15640.7002,15808.5,-1.4285
2012-05-25,15611.7002,15816.7998,15286.7998,15451.6006,-2.2576
2012-05-28,15461.2002,15865.6006,15141.1006,15773.2998,2.082
2012-05-29,16127.7002,16593.9004,15981.0,16396.5996,3.9516
2012-05-30,16365.7002,16647.5996,16192.9004,16406.8008,0.0622
2012-05-31,16219.9004,16539.4004,16064.9004,16320.4004,-0.5266
2012-06-01,16164.2002,16449.4004,15965.7002,16152.2998,-1.03
2012-06-04,15935.2998,16190.2002,15575.2002,15690.1006,-2.8615
2012-06-05,15449.7002,15678.7002,15195.2002,15388.7998,-1.9203
2012-06-06,15106.4004,15307.5,14866.7998,15039.2002,-2.2718
2012-06-07,14927.9004,15070.9004,14575.5,14685.5,-2.3519
2012-06-08,14659.7998,14794.4004,14325.6006,14454.2002,-1.575
2012-06-11,14298.6006,14645.2002,14140.2002,14542.5,0.6109
2012-06-12,14209.2002,14418.2002,14032.7998,14205.5,-2.3173
2012-06-13,14275.2998,14605.2998,14140.9004,14500.9004,2.0795
2012-06-14,14428.7002,14641.7002,14223.7002,14344.6006,-1.0779
2012-06-15,14334.5,14538.5,14051.7002,14315.2002,-0.205
2012-06-18,14256.2998,14499.0,14138.2002,14347.1006,0.2228
2012-06-19,14200.2002,14372.2002,13975.4004,14118.1006,-1.5961
2012-06-20,13939.2002,14103.6006,13734.0,13854.7998,-1.865
2012-06-21,13669.6006,13782.2002,13346.0,13511.5,-2.4778
2012-06-25,13333.2002,13477.7002,12937.1006,13039.9004,-3.4904
2012-06-26,12752.2002,12976.4004,12525.1006,12824.4004,-1.6526
2012-06-27,12629.1006,12871.2998,12469.0,12618.2998,-1.6071
2012-06-28,12518.4004,12700.9004,12243.2998,12341.5,-2.1936
2012-06-29,12242.1006,12596.7998,12078.7998,12506.1006,1.3337
2012-07-02,12638.6006,12888.2998,12459.4004,12696.2002,1.5201
2012-07-03,12741.7002,13007.1006,12573.4004,12782.9004,0.6829
2012-07-04,12711.0,12894.9004,12491.2002,12657.7002,-0.9794
2012-07-05,12503.7998,12622.4004,12169.2002,12325.5,-2.6245
2012-07-06,12605.7998,12932.2002,12352.6006,12821.7998,4.0266
2012-07-09,12890.9004,13128.4004,12562.4004,12682.2002,-1.0888
2012-07-10,12526.2998,12738.9004,12281.6006,12456.0,-1.7836
2012-07-11,12296.6006,12596.2998,12134.5,12468.9004,0.1036
2012-07-12,12712.0,13113.4004,12518.4004,12926.2002,3.6675
2012-07-13,12801.9004,13072.1006,12630.2998,12831.4004,-0.7334
2012-07-16,12883.4004,13034.2998,12374.2998,12485.2002,-2.6981
2012-07-17,12284.0,12586.9004,12090.7002,12433.1006,-0.4173
2012-07-18,12381.4004,12619.1006,12098.7002,12473.4004,0.3241
2012-07-19,12518.7002,12873.1006,12395.6006,12660.4004,1.4992
2012-07-20,12497.6006,12710.7998,12289.4004,12428.2002,-1.8341
2012-07-23,12137.2002,12328.2002,11894.4004,12108.9004,-2.5692
2012-07-24,11819.7998,12147.1006,11731.6006,11998.9004,-0.9084
2012-07-25,11723.7002,11913.1006,11554.7998,11676.0,-2.6911
2012-07-26,11510.6006,11708.5,11318.9004,11421.4004,-2.1805
2012-07-27,11343.6006,11487.7002,11088.1006,11240.2002,-1.5865
2012-07-30,11078.7002,11234.2998,10778.9004,10894.7002,-3.0738
2012-07-31,10719.1006,10886.6006,10433.1006,10605.2002,-2.6573
2012-08-01,10462.5,10799.2998,10404.2002,10664.1006,0.5554
2012-08-02,10503.0,10672.6006,10295.9004,10463.2998,-1.883
2012-08-03,10433.9004,10666.1006,10307.2998,10601.7998,1.3237
2012-08-06,10735.0,11108.7002,10654.7998,11033.1006,4.0682
2012-08-07,11187.6006,11422.2002,11069.7002,11284.5,2.2786
2012-08-08,11396.4004,11589.1006,11215.9004,11374.1006,0.794
2012-08-09,11512.2998,11812.0,11375.7998,11710.5,2.9576
2012-08-10,11780.7998,11964.6006,11599.2002,11745.0,0.2946
2012-08-13,11805.2998,11963.4004,11487.7002,11586.6006,-1.3487
2012-08-14,11639.0,11864.2002,11355.9004,11732.7998,1.2618
2012-08-15,11539.0,11698.7002,11335.4004,11450.7002,-2.4044
2012-08-16,11192.9004,11365.5,11024.1006,11133.0,-2.7745
2012-08-17,10921.0,11070.1006,10733.7998,10933.6006,-1.7911
2012-08-20,10700.1006,10908.6006,10536.7998,10817.1006,-1.0655
2012-08-21,10869.2002,11162.2002,10785.0,11018.2998,1.86
2012-08-22,11038.5,11186.1006,10821.9004,10953.7002,-0.5863
2012-08-23,10969.6006,11183.7998,10840.5,11050.4004,0.8828
2012-08-24,11013.0,11141.5,10739.6006,10827.7002,-2.0153
2012-08-27,10764.7998,10892.2002,10450.9004,10569.2998,-2.3865
2012-08-28,10462.4004,10707.7002,10335.7002,10550.6006,-0.1769
2012-08-29,10415.6006,10594.2998,10240.0,10361.2998,-1.7942
2012-08-30,10444.6006,10639.7998,10084.6006,10319.7998,-0.4005
2012-08-31,10076.6006,10277.9004,9962.4004,10144.9004,-1.6948
2012-09-03,10148.2998,10469.2998,10069.1006,10366.2002,2.1814
2012-09-04,10365.7998,10525.7998,10179.2002,10275.6006,-0.874
2012-09-05,10201.4004,10422.9004,10075.7002,10279.5,0.0379
2012-09-06,10236.5,10427.5,10141.2002,10330.2998,0.4942
2012-09-07,11344.4004,11887.1006,11270.4004,11696.0,13.2203
2012-09-10,12257.2002,12543.5,12101.6006,12360.7998,5.684
2012-09-11,12458.4004,12631.5,12247.6006,12465.6006,0.8478
2012-09-12,12678.1006,12895.6006,12473.2002,12710.1006,1.9614
2012-09-13,12758.1006,12935.2998,12485.0,12572.6006,-1.0818
2012-09-14,12899.7002,13080.4004,12611.2998,12804.7002,1.8461
2012-09-17,12777.2998,12908.2998,12351.1006,12426.7998,-2.9513
2012-09-18,12096.2998,12288.6006,11914.5,12084.2002,-2.7569
2012-09-19,11868.7002,12085.2998,11738.4004,11966.5,-0.974
2012-09-20,11886.6006,11990.7002,11475.5,11556.4004,-3.4271
2012-09-21,11381.2998,11623.0,11187.2002,11355.1006,-1.7419
2012-09-24,11101.2998,11414.4004,10932.6006,11291.7002,-0.5583
2012-09-25,10997.7998,11182.2002,10829.5,10958.7998,-2.9482
2012-09-26,10709.1006,10834.7998,10404.2002,10499.0,-4.1957
2012-09-27,10584.7998,11038.7998,10496.7998,10890.2998,3.727
2012-09-28,10958.7002,11314.5,10885.4004,11239.2002,3.2038
2012-10-08,11071.7002,11229.2998,10881.7998,11024.7998,
2012-10-09,11238.6006,11603.7002,11190.7998,11510.2998,4.4037
2012-10-10,11564.1006,11806.2002,11448.7998,11701.7002,1.6629
2012-10-11,11709.6006,11876.9004,11479.4004,11572.7998,-1.1016
2012-10-12,11537.7998,11732.4004,11308.7002,11485.5,-0.7544
2012-10-15,11357.5,11480.4004,11105.4004,11294.9004,-1.6595
2012-10-16,11190.7002,11408.9004,11079.2998,11237.9004,-0.5047
2012-10-17,11149.7998,11300.7998,10970.0,11154.2998,-0.7439
2012-10-18,11342.5,11624.6006,11269.5,11523.5,3.3099
2012-10-19,11475.4004,11632.9004,11333.9004,11443.4004,-0.6951
2012-10-22,11308.0,11521.6006,11192.0,11439.2002,-0.0367
2012-10-23,11455.4004,11603.2998,11239.0,11323.5,-1.0114
2012-10-24,11181.7998,11388.1006,11063.1006,11222.2002,-0.8946
2012-10-25,11229.2002,11400.2002,11003.6006,11097.5,-1.1112
2012-10-26,11086.9004,11198.7998,10734.5,10875.1006,-2.004
2012-10-29,10631.6006,10796.7002,10468.6006,10640.9004,-2.1535
2012-10-30,10497.2998,10681.2002,10371.7002,10500.7002,-1.3176
2012-10-31,10363.9004,10519.5,10219.5,10415.0,-0.8161
2012-11-01,10589.9004,10895.7002,10535.4004,10792.2998,3.6227
2012-11-02,10825.5,10990.7002,10701.9004,10876.6006,0.7811
2012-11-05,10874.6006,11033.7002,10720.1006,10867.4004,-0.0846
2012-11-06,10905.1006,11023.9004,10622.6006,10857.0,-0.0957
2012-11-07,10733.2998,10893.2002,10589.2002,10737.5,-1.1007
2012-11-08,10592.7002,10725.0,10357.1006,10428.6006,-2.8768
2012-11-09,10213.6006,10377.1006,10091.6006,10220.7998,-1.9926
2012-11-12,10110.5,10286.6006,9995.4004,10176.4004,-0.4344
2012-11-13,10102.5,10176.9004,9804.9004,9882.4004,-2.889
2012-11-14,9696.7998,9846.1006,9548.7002,9742.7998,-1.4126
2012-11-15,9525.7998,9661.9004,9340.9004,9420.9004,-3.304
2012-11-16,9262.6006,9376.4004,9080.2998,9234.0,-1.9839
2012-11-19,9103.2002,9240.9004,8940.9004,9152.1006,-0.8869
2012-11-20,9016.5,9130.2998,8878.2998,8958.9004,-2.111
2012-11-21,8912.2002,9092.1006,8760.1006,9030.6006,0.8003
2012-11-22,8828.4004,8920.9004,8687.0,8784.7002,-2.723
2012-11-23,8691.0,8845.1006,8614.2002,8722.0,-0.7137
2012-11-26,8569.2998,8659.2998,8411.2002,8483.4004,-2.7356
2012-11-27,8456.7002,8529.7002,8166.7002,8230.7998,-2.9776
2012-11-28,8111.3999,8199.6006,7900.8999,8009.5,-2.6887
2012-11-29,7923.6001,8056.7002,7757.2002,7836.6001,-2.1587
2012-11-30,7801.8999,8008.8003,7718.8003,7927.3003,1.1574
2012-12-03,7977.0,8105.1001,7736.5,7805.8003,-1.5327
2012-12-04,7846.0,8065.6001,7687.7002,7995.8999,2.4354
2012-12-05,7961.3003,8944.6006,7958.6001,8944.6006,11.8648
2012-12-06,8937.1006,9103.0,8922.7002,9103.0,1.7709
2012-12-07,9095.6006,9829.2998,9086.9004,9829.2998,7.9787
2012-12-10,10328.0,10615.5,10217.2002,10495.9004,6.7818
2012-12-11,10663.6006,10858.0,10510.4004,10631.7002,1.2938
2012-12-12,10663.9004,10856.4004,10506.6006,10724.2998,0.871
2012-12-13,10651.2002,10800.7002,10454.9004,10544.7998,-1.6738
2012-12-14,11366.7002,12019.7998,11311.6006,11906.7998,12.9163
2012-12-17,12729.5,13092.6006,12545.7998,12811.7002,7.5999
2012-12-18,13226.7998,13566.1006,13038.0,13262.2998,3.5171
2012-12-19,13329.0,13602.2002,13186.4004,13415.7002,1.1567
2012-12-20,13510.7002,13805.7002,13307.2002,13666.7002,1.8709
2012-12-21,13907.7002,14193.7002,13673.4004,13857.7998,1.3983
2012-12-24,13872.9004,14192.5,13728.7002,13993.5,0.9792
2012-12-25,14567.9004,15171.7002,14437.1006,14990.6006,7.1255
2012-12-26,15310.5,15680.6006,15169.7998,15502.9004,3.4175
2012-12-27,15872.5,16143.9004,15526.7998,15698.0,1.2585
2012-12-28,15818.2002,16201.6006,15662.7998,16048.7998,2.2347
2012-12-31,16443.7012,16826.0,16250.4004,16614.0,3.5218
2013-01-04,17165.2012,17426.0996,16711.0996,16993.4004,2.2836
2013-01-07,17135.0996,17521.5996,16922.5996,17337.8008,2.0267
2013-01-08,17648.8008,18027.3008,17357.0,17762.0996,2.4472
2013-01-09,17959.9004,18328.4004,17692.0996,18030.0996,1.5088
2013-01-10,18097.9004,18483.4004,17905.8008,18206.7012,0.9795
2013-01-11,18394.0,18633.0,17820.5,17991.0,-1.1847
2013-01-14,18402.0,19283.8008,18272.0996,19154.7012,6.4682
2013-01-15,19820.0,20398.2012,19616.4004,20084.7012,4.8552
2013-01-16,20455.2012,20828.5996,19956.5996,20433.0,1.7341
2013-01-17,20300.3008,20607.3008,19858.7012,20094.0996,-1.6586
2013-01-18,20181.5,20669.5,19951.0996,20434.5,1.694
2013-01-21,20589.9004,20983.5,20273.2012,20688.8008,1.2445
2013-01-22,20926.5,21246.4004,20348.3008,20665.7012,-0.1117
2013-01-23,20411.0,20833.8008,20066.5,20566.5996,-0.4795
2013-01-24,20896.2012,21370.8008,20242.5996,20530.5996,-0.175
2013-01-25,20075.2012,20422.0996,19742.5,20029.4004,-2.4412
2013-01-28,20139.7012,20840.5996,20007.8008,20692.5,3.3106
2013-01-29,20912.0996,21416.5996,20659.3008,21110.7012,2.021
2013-01-30,21264.3008,21675.5,20905.7012,21325.9004,1.0194
2013-01-31,21324.4004,21667.2012,20903.9004,21257.8008,-0.3193
2013-02-01,21300.2012,21897.0,21049.7012,21640.5,1.8003
2013-02-04,22160.2012,22630.9004,21632.4004,22020.2012,1.7546
2013-02-05,21910.0996,22522.7012,21637.7012,22269.0,1.1299
2013-02-06,22030.7012,22472.9004,21766.5,22112.7012,-0.7019
2013-02-07,21912.3008,22257.7012,21493.5996,21928.5996,-0.8326
2013-02-08,21795.7012,22293.0,21575.0996,21988.7012,0.2741
2013-02-18,22012.4004,22332.9004,21579.3008,21863.2012,
2013-02-19,21774.0,22024.4004,21168.5,21397.0996,-2.1319
2013-02-20,21227.2012,21703.7012,20956.5996,21537.4004,0.6557
2013-02-21,21796.0996,22039.0996,21054.0996,21389.2012,-0.6881
2013-02-22,21054.0,21463.5996,20769.5996,21035.3008,-1.6546
2013-02-25,20734.0,21136.9004,20495.9004,20852.7012,-0.8681
2013-02-26,20838.3008,21341.5,20446.5,20679.9004,-0.8287
2013-02-27,20460.3008,20901.5,20183.0996,20559.2012,-0.5837
2013-02-28,20738.2012,21309.8008,20479.5,21174.9004,2.9948
2013-03-01,21233.4004,21658.9004,20906.2012,21416.8008,1.1424
2013-03-04,21701.3008,22021.0,20839.0,21139.2012,-1.2962
2013-03-05,21203.7012,21947.5996,20980.2012,21799.7012,3.1245
2013-03-06,22118.5996,22661.8008,21835.4004,22334.3008,2.4523
2013-03-07,22505.8008,22911.8008,21868.5996,22279.7012,-0.2445
2013-03-08,21926.0996,22268.3008,21494.0,21720.8008,-2.5086
2013-03-11,21135.3008,21466.5,20772.9004,21120.8008,-2.7623
2013-03-12,21025.0,21349.0,20220.5996,20603.8008,-2.4478
2013-03-13,20109.0996,20379.0996,19635.3008,19965.9004,-3.096
2013-03-14,19378.9004,19797.5,19184.5996,19494.5996,-2.3605
2013-03-15,19447.9004,20001.0,19091.5996,19479.7012,-0.0764
2013-03-18,19139.8008,19473.5996,18740.4004,18974.0,-2.596
2013-03-19,18643.9004,19002.3008,18288.9004,18740.4004,-1.2312
2013-03-20,18890.4004,19582.8008,18766.4004,19476.5996,3.9284
2013-03-21,19517.7012,19936.0,19310.7012,19684.2012,1.0659
2013-03-22,19432.0996,19755.9004,19197.5,19504.3008,-0.9139
2013-03-25,19330.5996,19642.9004,19007.2012,19276.8008,-1.1664
2013-03-26,19079.5996,19335.5996,18647.2012,18974.2012,-1.5698
2013-03-27,18788.5,19183.8008,18557.5996,18851.0996,-0.6488
2013-03-28,18749.2012,18922.3008,18122.5,18373.8008,-2.5319
2013-03-29,18057.9004,18373.2012,17760.2012,18015.0,-1.9528
2013-04-01,17780.8008,18172.7012,17571.3008,17894.7012,-0.6678
2013-04-02,17773.7012,18096.0,17378.8008,17594.4004,-1.6782
2013-04-03,17353.5996,17600.8008,16963.0996,17203.5996,-2.2212
2013-04-08,16814.9004,17256.9004,16480.8008,17109.0,-0.5499
2013-04-09,16930.7012,17316.8008,16776.9004,17073.9004,-0.2052
2013-04-10,16862.9004,17119.8008,16547.5996,16833.7012,-1.4068
2013-04-11,16577.0,16797.7012,16313.9004,16460.2012,-2.2188
2013-04-12,16074.2998,16305.6006,15813.0,15967.0,-2.9963
2013-04-15,15622.4004,15827.2002,15292.1006,15493.9004,-2.963
2013-04-16,15169.9004,15581.6006,14968.2002,15473.5,-0.1317
2013-04-17,15255.7998,15524.7002,15057.2002,15369.7002,-0.6708
2013-04-18,15118.6006,15469.2998,14969.6006,15273.7998,-0.624
2013-04-19,15606.9004,16112.5,15530.0,15974.0,4.5843
2013-04-22,16084.2998,16420.8008,15881.9004,16224.1006,1.5657
2013-04-23,16419.5,16547.9004,15796.9004,15935.4004,-1.7795
2013-04-24,16076.6006,16606.8008,15908.1006,16443.3008,3.1872
2013-04-25,16588.0,16876.5,16176.2002,16360.6006,-0.5029
2013-04-26,16229.4004,16468.8008,15797.6006,15963.4004,-2.4278
2013-05-02,15657.7998,16015.4004,15410.4004,15812.2998,
2013-05-03,15937.7002,16453.7012,15854.6006,16206.2998,2.4917
2013-05-06,16431.9004,16855.8008,16289.4004,16680.2012,2.9242
2013-05-07,16706.7012,17017.5996,16467.7012,16788.4004,0.6487
2013-05-08,16919.0,17255.0,16698.4004,17025.5996,1.4129
2013-05-09,17284.4004,17594.7012,16928.0,17307.7012,1.6569
2013-05-10,17337.0,17716.7012,17093.5,17465.8008,0.9135
2013-05-13,17502.3008,17811.0,17210.8008,17542.4004,0.4386
2013-05-14,17467.3008,17655.3008,17025.8008,17263.8008,-1.5881
2013-05-15,17136.3008,17516.5,16960.5,17358.9004,0.5509
2013-05-16,17752.5,18271.7012,17500.8008,18004.2012,3.7174
2013-05-17,18439.0,18935.0,18242.5,18739.3008,4.0829
2013-05-20,19543.0,20084.3008,19272.4004,19781.9004,5.5637
2013-05-21,20209.4004,20702.0996,19951.3008,20480.3008,3.5305
2013-05-22,20799.4004,21173.5,20359.8008,20676.0,0.9555
2013-05-23,20858.8008,21340.5,20517.3008,20792.4004,0.563
2013-05-24,20723.5,21211.8008,20510.5996,20993.5,0.9672
2013-05-27,21094.3008,21566.8008,20828.4004,21272.7012,1.3299
2013-05-28,21684.3008,22100.0996,21204.3008,21724.8008,2.1253
2013-05-29,21870.3008,22308.0996,21600.5996,21981.3008,1.1807
2013-05-30,21891.5,22325.8008,21624.2012,21986.7012,0.0246
2013-05-31,21967.4004,22337.5,21549.5,21755.4004,-1.052
2013-06-03,21640.5,22048.5,21268.5,21546.0996,-0.9621
2013-06-04,21446.3008,21667.5,20750.0996,21066.2012,-2.2273
2013-06-05,20593.0996,20950.2012,20303.0996,20687.2012,-1.7991
2013-06-06,20267.5996,20546.0996,19845.7012,20025.0,-3.201
2013-06-07,19887.8008,20167.5996,19245.0,19524.3008,-2.5004
2013-06-13,19179.8008,19380.4004,18298.0996,18872.9004,
2013-06-14,18664.4004,19173.4004,18486.5996,18987.8008,0.6088
2013-06-17,18843.7012,19215.4004,18483.0,18825.4004,-0.8553
2013-06-18,18552.5996,18876.3008,18232.4004,18613.7012,-1.1245
2013-06-19,18254.4004,18524.3008,17813.4004,18276.0996,-1.8137
2013-06-20,17952.9004,18181.8008,17325.8008,17452.5996,-4.5059
2013-06-21,16949.9004,17465.0996,16556.7012,17212.8008,-1.374
2013-06-24,17334.5996,17478.5,16082.2002,16317.4004,-5.2019
2013-06-25,16628.9004,17159.0,15489.7998,16834.0,3.1659
2013-06-26,16952.9004,17491.8008,16599.4004,17294.0,2.7326
2013-06-27,17443.3008,17868.0,16921.3008,17131.5,-0.9396
2013-06-28,16938.0,17588.0996,16583.5996,17125.5,-0.035
2013-07-01,16826.5,17363.3008,16559.5,17232.0,0.6219
2013-07-02,17228.5996,17704.2012,16986.0996,17496.8008,1.5367
2013-07-03,17393.5996,17757.9004,16956.5996,17498.3008,0.0086
2013-07-04,17565.5996,18170.5996,17298.0,17796.9004,1.7064
2013-07-05,17756.5,18174.3008,17431.3008,17628.8008,-0.9445
2013-07-08,17195.5,17492.0996,16617.8008,16861.0996,-4.3548
2013-07-09,16430.0996,16823.5,16187.1006,16553.8008,-1.8225
2013-07-10,16515.8008,17147.0,16356.7998,17013.2012,2.7752
2013-07-11,17712.5996,18531.4004,17539.7012,18259.2012,7.3237
2013-07-12,18503.5996,18956.9004,18141.3008,18363.5,0.5712
2013-07-15,18577.4004,19162.3008,18383.3008,18904.2012,2.9444
2013-07-16,19279.5996,19702.7012,18990.5996,19485.2012,3.0734
2013-07-17,19490.9004,19861.0996,19027.4004,19266.9004,-1.1203
2013-07-18,19066.9004,19480.8008,18715.7012,19073.8008,-1.0022
2013-07-19,19193.4004,19606.5,18565.0,18725.2012,-1.8276
2013-07-22,18393.5,19032.0,18160.0,18887.9004,0.8689
2013-07-23,19131.3008,19805.0996,18941.0996,19582.5,3.6775
2013-07-24,19703.5,20184.8008,19320.5,19878.9004,1.5136
2013-07-25,19945.0,20279.3008,19331.7012,19556.5,-1.6218
2013-07-26,19166.2012,19569.2012,18788.5996,19219.9004,-1.7212
2013-07-29,18842.7012,19127.2012,18348.4004,18593.0996,-3.2612
2013-07-30,18378.5,18779.4004,17838.7012,18300.5,-1.5737
2013-07-31,18089.5,18506.3008,17814.8008,18055.4004,-1.3393
2013-08-01,18116.5,18745.0996,17976.5,18626.0,3.1603
2013-08-02,18782.8008,19163.2012,18501.4004,18721.5,0.5127
2013-08-05,18631.0996,19087.9004,18440.5,18924.3008,1.0833
2013-08-06,19077.5996,19534.5,18847.3008,19309.0996,2.0334
2013-08-07,19471.5,19806.8008,19047.2012,19267.8008,-0.2139
2013-08-08,19079.5996,19495.5996,18841.7012,19176.3008,-0.4749
2013-08-09,19232.0,19592.5,18816.5,19226.5996,0.2623
2013-08-12,19717.9004,20243.7012,19422.7012,19985.5996,3.9477
2013-08-13,20082.9004,20466.3008,19827.7012,20204.3008,1.0943
2013-08-14,20301.0,20677.2012,19952.5996,20259.8008,0.2747
2013-08-15,20150.7012,20483.5,19778.0996,19959.4004,-1.4827
2013-08-16,20278.8008,21129.9004,19800.9004,19990.0,0.1533
2013-08-19,19724.5,20398.0,19553.0996,20254.5996,1.3237
2013-08-20,20163.0,20584.3008,19852.0,20171.0996,-0.4123
2013-08-21,19945.0,20292.0996,19646.0996,20043.8008,-0.6311
2013-08-22,19837.5996,20250.0996,19615.4004,19905.4004,-0.6905
2013-08-23,20104.8008,20452.0996,19505.8008,20006.3008,0.5069
2013-08-26,20127.5996,20681.7012,19947.8008,20520.0996,2.5682
2013-08-27,20593.8008,21015.0,20317.7012,20775.0,1.2422
2013-08-28,21060.2012,21526.9004,20671.3008,21032.0996,1.2375
2013-08-29,21069.9004,21449.0,20689.0,21021.0996,-0.0523
2013-08-30,21391.0,21833.4004,20738.7012,21087.2012,0.3145
2013-09-02,21243.4004,21781.7012,20760.5996,21346.4004,1.2292
2013-09-03,21409.9004,21937.5,21157.8008,21731.2012,1.8026
2013-09-04,21802.0996,22256.8008,21463.0,21846.8008,0.532
2013-09-05,21732.2012,22200.7012,21394.5,21833.8008,-0.0595
2013-09-06,21877.0996,22451.5996,21631.0,22135.8008,1.3832
2013-09-09,22960.5996,23627.4004,22613.5,23243.8008,5.0055
2013-09-10,24001.5996,24661.0,23607.8008,24276.0996,4.4412
2013-09-11,25148.0996,25682.5,24424.2012,24890.0,2.5288
2013-09-12,25082.9004,25790.9004,24728.7012,25287.4004,1.5966
2013-09-13,25238.7012,25768.7012,24748.3008,25254.2012,-0.1313
2013-09-16,25288.5996,25827.5,24816.2012,25281.4004,0.1077
2013-09-17,25180.7012,25560.3008,24450.7012,24694.2012,-2.3227
2013-09-18,24229.5,24787.8008,23903.5996,24461.3008,-0.9431
2013-09-23,24458.4004,25146.9004,24204.5996,24930.3008,1.9173
2013-09-24,25077.4004,25624.3008,24529.7012,25130.3008,0.8022
2013-09-25,25202.7012,25823.0996,24741.0996,25138.5996,0.033
2013-09-26,24974.0996,25385.2012,24195.5996,24467.0,-2.6716
2013-09-27,24009.5996,24569.5996,23617.2012,24088.8008,-1.5458
2013-09-30,23785.9004,24370.9004,23473.0,24064.3008,-0.1017
2013-10-08,24024.0996,24745.4004,23625.3008,24404.3008,
2013-10-09,24305.8008,24978.9004,24022.5996,24710.0996,1.2531
2013-10-10,24960.5,25433.4004,24300.0996,24675.0,-0.142
2013-10-11,24973.0,25661.3008,24602.0996,25268.0996,2.4036
2013-10-14,25646.0,26306.2012,25194.5,25838.9004,2.259
2013-10-15,26063.5996,26568.4004,25494.5,26030.0996,0.74
2013-10-16,26046.5996,26359.2012,24943.0996,25357.3008,-2.5847
2013-10-17,25278.2012,25817.4004,24704.5,25067.0996,-1.1444
2013-10-18,24590.8008,25166.3008,24235.2012,24798.0996,-1.0731
2013-10-21,24923.7012,25745.7012,24613.0996,25510.0,2.8708
2013-10-22,25743.0996,26240.2012,25026.7012,25388.5,-0.4763
2013-10-23,25405.2012,25846.9004,24437.0996,24826.8008,-2.2124
2013-10-24,24257.4004,24730.0996,23792.0996,24166.4004,-2.66
2013-10-25,23945.8008,24326.0996,23102.0996,23480.3008,-2.8391
2013-10-28,23034.9004,23499.0,22530.9004,23021.4004,-1.9544
2013-10-29,23151.9004,23616.7012,21902.0996,22750.5,-1.1767
2013-10-30,22410.8008,23077.7012,22111.8008,22830.7012,0.3525
2013-10-31,22442.2012,22781.5,21870.2012,22138.7012,-3.031
2013-11-01,21570.5,21974.5,21089.4004,21583.9004,-2.506
2013-11-04,21102.4004,21546.3008,20836.3008,21183.7012,-1.8542
2013-11-05,20756.0,21297.8008,20413.4004,21154.3008,-0.1388
2013-11-06,20900.4004,21353.0996,20542.9004,20738.5996,-1.9651
2013-11-07,20259.2012,20603.2012,19859.4004,20125.5996,-2.9558
2013-11-08,19610.3008,19954.9004,19177.9004,19461.4004,-3.3003
2013-11-11,18962.7012,19349.5,18614.3008,19046.5,-2.1319
2013-11-12,18736.5,19149.0,18499.7012,18927.2012,-0.6264
2013-11-13,18590.2012,18865.2012,18146.9004,18299.9004,-3.3143
2013-11-14,18074.5996,18575.8008,17809.7012,18393.5,0.5115
2013-11-15,18766.0996,19533.9004,18660.5,19166.0996,4.2004
2013-11-18,19963.7012,20581.0,19747.5996,20391.7012,6.3946
2013-11-19,20645.0996,21028.9004,20329.5996,20671.2012,1.3707
2013-11-20,20771.3008,21167.8008,20464.7012,20935.0,1.2762
2013-11-21,21087.2012,21499.8008,20692.5996,21133.4004,0.9477
2013-11-22,21129.8008,21483.9004,20728.7012,21004.3008,-0.6109
2013-11-25,20882.4004,21376.5,20593.5,20936.5996,-0.3223
2013-11-26,20716.4004,21135.9004,20438.5996,20781.4004,-0.7413
2013-11-27,20851.8008,21425.2012,20644.0,21197.4004,2.0018
2013-11-28,21532.5,22038.5996,21325.0996,21659.5996,2.1805
2013-11-29,21720.3008,22176.8008,21484.4004,21889.4004,1.061
2013-12-02,22178.5996,22670.0,21356.8008,21692.5996,-0.8991
2013-12-03,21466.0,22214.4004,21166.5996,22027.3008,1.5429
2013-12-04,22368.8008,23165.3008,22174.0,22717.9004,3.1352
2013-12-05,22683.8008,23092.0996,22302.0,22602.9004,-0.5062
2013-12-06,22314.8008,22677.7012,21957.5,22272.5996,-1.4613
2013-12-09,22053.5,22475.5,21808.2012,22177.4004,-0.4274
2013-12-10,22058.5,22417.8008,21718.4004,22041.2012,-0.6141
2013-12-11,21773.5,22039.5,21295.8008,21614.0,-1.9382
2013-12-12,21210.5,21665.0996,21020.8008,21354.5996,-1.2001
2013-12-13,20881.5996,21308.3008,20674.3008,21044.8008,-1.4507
2013-12-16,20946.4004,21226.2012,20378.0,20591.8008,-2.1526
2013-12-17,20177.0,20467.9004,19777.4004,20053.8008,-2.6127
2013-12-18,19557.7012,19840.4004,19250.0,19509.2012,-2.7157
2013-12-19,19171.5,19446.0,18796.8008,18942.5996,-2.9043
2013-12-20,18744.4004,18992.9004,18248.7012,18489.0996,-2.3941
2013-12-23,18170.4004,18458.5,17721.8008,18130.0,-1.9422
2013-12-24,17906.7012,18289.0996,17676.3008,18006.5996,-0.6806
2013-12-25,17781.9004,18168.5,17595.4004,18032.5996,0.1444
2013-12-26,17928.7012,18147.5,17452.2012,17611.7012,-2.3341
2013-12-27,17506.2012,18018.9004,17378.4004,17847.5996,1.3394
2013-12-30,17873.0996,18162.8008,17604.0,17860.5,0.0723
2013-12-31,17797.7012,18173.5996,17552.2012,17924.3008,0.3572
2014-01-02,17803.5996,18178.7012,17592.8008,17976.0,0.2884
2014-01-03,18030.5996,18317.5996,17686.5,17974.4004,-0.0089
2014-01-06,18014.5,18189.7012,17376.2012,17582.4004,-2.1809
2014-01-07,17330.9004,17777.5,17130.5,17557.7012,-0.1405
2014-01-08,17605.0996,18041.3008,17372.0,17725.2012,0.954
2014-01-09,17747.5,18133.0996,17371.0,17549.5,-0.9913
2014-01-10,17390.9004,17690.0,16968.7012,17216.9004,-1.8952
2014-01-13,17030.5,17350.7012,16685.2012,16974.4004,-1.4085
2014-01-14,16835.9004,17276.5996,16613.9004,17158.5,1.0846
2014-01-15,17047.2012,17411.4004,16823.3008,17196.8008,0.2232
2014-01-16,17157.5996,17493.0996,16893.5996,17142.7012,-0.3146
2014-01-17,16925.8008,17184.7012,16599.3008,16815.3008,-1.9099
2014-01-20,16581.0,16874.9004,16231.9004,16492.5,-1.9197
2014-01-21,16354.1006,16817.7012,16223.7998,16648.0996,0.9435
2014-01-22,17034.2012,17609.0,16881.0,17427.4004,4.681
2014-01-23,17680.5996,18093.9004,17473.8008,17818.9004,2.2465
2014-01-24,18119.3008,18662.9004,17959.8008,18393.7012,3.2258
2014-01-27,18574.4004,19000.7012,18243.5996,18576.4004,0.9933
2014-01-28,18541.0,18873.3008,18159.5996,18494.2012,-0.4425
2014-01-29,18471.8008,18893.5996,18236.0,18651.0,0.8478
2014-01-30,18386.8008,18714.2012,18029.0996,18293.8008,-1.9152
2014-02-07,18215.4004,18825.4004,17993.5996,18696.0,
2014-02-10,19535.9004,20233.3008,19354.5996,19991.0996,6.9271
2014-02-11,20844.2012,21336.5996,20377.5,20862.5996,4.3594
2014-02-12,21385.9004,21904.9004,21039.2012,21603.7012,3.5523
2014-02-13,22215.5,22659.8008,21608.5,21845.2012,1.1179
2014-02-14,21991.5996,22595.5,21766.0,22384.0996,2.4669
2014-02-17,23104.7012,23731.9004,22804.7012,23472.3008,4.8615
2014-02-18,24103.0996,24561.8008,23586.5,24039.4004,2.416
2014-02-19,24453.5,25003.7012,23978.7012,24506.7012,1.9439
2014-02-20,24925.3008,25372.0996,24194.7012,24529.3008,0.0922
2014-02-21,24374.5,24818.5996,23861.7012,24318.2012,-0.8606
2014-02-24,24381.3008,24893.5996,23789.8008,24484.5,0.6838
2014-02-25,25149.5,25674.9004,23802.5996,24136.5996,-1.4209
2014-02-26,23899.5996,24515.2012,23255.7012,24210.5,0.3062
2014-02-27,24443.0,25101.4004,23712.4004,24052.7012,-0.6518
2014-02-28,23851.0,24505.5,23287.5,24199.8008,0.6116
2014-03-03,24181.8008,24930.5996,23892.5,24649.9004,1.8599
2014-03-04,24431.8008,24921.5,23936.0996,24503.9004,-0.5923
2014-03-05,24302.9004,24743.5,23822.5,24159.0996,-1.4071
2014-03-06,23910.0,24389.7012,23370.9004,23997.7012,-0.6681
2014-03-07,23745.8008,24257.9004,23323.7012,23686.4004,-1.2972
2014-03-10,23392.8008,23676.2012,22463.5996,22706.3008,-4.1378
2014-03-11,22280.5,22785.0996,21852.3008,22350.7012,-1.5661
2014-03-12,22035.5,22499.0,21489.9004,22051.3008,-1.3396
2014-03-13,21734.5,22273.4004,21511.7012,22008.7012,-0.1932
2014-03-14,21500.7012,21899.2012,21153.2012,21511.4004,-2.2596
2014-03-17,21295.7012,21872.4004,21074.5996,21703.5996,0.8935
2014-03-18,21647.4004,22107.7012,21382.0996,21724.2012,0.0949
2014-03-19,21545.3008,21883.3008,21107.4004,21554.0996,-0.783
2014-03-20,21519.9004,21900.0,20855.5,20997.0,-2.5847
2014-03-21,21112.5,21903.0,20743.0,21713.8008,3.4138
2014-03-24,21914.3008,22394.0,21579.2012,22027.5,1.4447
2014-03-25,21985.9004,22433.9004,21655.9004,22039.8008,0.0558
2014-03-26,21847.0996,22227.5996,21539.5996,21871.8008,-0.7623
2014-03-27,21826.2012,22145.7012,21281.4004,21493.0,-1.7319
2014-03-28,21470.0996,21835.8008,20818.0,21094.7012,-1.8532
2014-03-31,20724.0996,21073.5996,20267.8008,20594.0,-2.3736
2014-04-01,20152.7012,20636.7012,19987.9004,20485.5996,-0.5264
2014-04-02,20310.7012,20672.0,19998.0,20323.8008,-0.7898
2014-04-03,20167.5996,20497.5996,19839.0996,20108.7012,-1.0584
2014-04-04,19714.5,20141.4004,19547.4004,19994.0996,-0.5699
2014-04-08,20080.7012,20613.7012,19892.4004,20435.5996,2.2082
2014-04-09,20444.7012,20834.2012,20262.8008,20600.8008,0.8084
2014-04-10,21111.4004,21600.3008,20861.5,21253.0996,3.1664
2014-04-11,21317.4004,21657.7012,21008.0996,21338.5,0.4018
2014-04-14,21182.3008,21569.3008,20942.7012,21327.5996,-0.0511
2014-04-15,21288.8008,21544.0,20903.0,21106.7012,-1.0357
2014-04-16,20774.8008,21130.0,20549.8008,20855.5996,-1.1897
2014-04-17,20620.2012,20894.2012,20339.5,20546.2012,-1.4835
2014-04-18,20166.9004,20486.2012,19953.5,20287.0996,-1.2611
2014-04-21,20096.7012,20450.0,19742.4004,19906.8008,-1.8746
2014-04-22,19819.8008,20023.0996,19530.7012,19823.0,-0.421
2014-04-23,19437.0996,19710.8008,19157.5996,19403.8008,-2.1147
2014-04-24,19117.7012,19382.3008,18773.3008,18989.2012,-2.1367
2014-04-25,18893.9004,19129.0996,18391.8008,18546.0,-2.334
2014-04-28,18433.0996,18624.5996,17785.7012,17988.8008,-3.0044
2014-04-29,17648.2012,18066.8008,17459.8008,17931.8008,-0.3169
2014-04-30,17588.4004,17915.0996,17404.2012,17707.0,-1.2536
2014-05-05,17431.0996,17750.8008,17189.0996,17609.8008,-0.5489
2014-05-06,17605.3008,17788.9004,17512.5996,17573.4004,-0.2067
2014-05-07,17476.5996,17534.8008,17086.3008,17111.4004,-2.629
2014-05-08,17040.7012,17313.5,16903.0996,16922.3008,-1.1051
2014-05-09,16910.0,16950.8008,16577.4004,16612.7012,-1.8295
2014-05-12,16777.5,17256.4004,16759.0,17256.4004,3.8747
2014-05-13,17250.5,17493.0,17166.0996,17233.4004,-0.1333
2014-05-14,17219.0996,17313.9004,16975.7012,16989.5,-1.4153
2014-05-15,16959.5996,16976.0,16516.9004,16553.0,-2.5692
2014-05-16,16508.0996,16559.0996,16182.9004,16284.1006,-1.6245
2014-05-19,16224.9004,16233.1006,15832.4004,15910.1006,-2.2967
2014-05-20,16035.7998,16153.6006,15703.7998,15744.9004,-1.0383
2014-05-21,15717.0,15838.4004,15551.6006,15671.7998,-0.4643
2014-05-22,15650.5,15965.9004,15632.2998,15650.1006,-0.1385
2014-05-23,15653.1006,15732.9004,15530.2002,15720.5,0.4498
2014-05-26,15825.5,16031.2002,15825.5,15990.6006,1.7181
2014-05-27,15956.7002,16071.5,15819.4004,15866.1006,-0.7786
2014-05-28,15853.6006,16303.2002,15852.5,16303.2002,2.7549
2014-05-29,16306.0,16462.4004,16221.7002,16283.4004,-0.1214
2014-05-30,16270.6006,16399.0,16269.1006,16331.6006,0.296
2014-06-03,16358.6006,16498.4004,16226.9004,16237.9004,-0.5737
2014-06-04,16203.2002,16214.6006,15941.1006,16037.4004,-1.2348
2014-06-05,16016.9004,16204.7002,16006.2002,16204.7002,1.0432
2014-06-06,16195.4004,16289.6006,15989.6006,16078.2002,-0.7806
2014-06-09,16040.5,16195.2998,15883.9004,15911.6006,-1.0362
2014-06-10,15941.4004,16232.5,15917.7998,16232.5,2.0168
2014-06-11,16184.7002,16423.3008,16184.7002,16379.2998,0.9044
2014-06-12,16329.6006,16477.9004,16324.6006,16467.9004,0.5409
2014-06-13,16434.0,16973.8008,16434.0,16973.8008,3.072
2014-06-16,16968.5,17396.9004,16968.5,17396.9004,2.4927
2014-06-17,17399.5996,17512.7012,17322.3008,17376.0,-0.1201
2014-06-18,17373.7012,17478.5,17269.8008,17302.9004,-0.4207
2014-06-19,17273.8008,17332.5996,16758.7012,16914.9004,-2.2424
2014-06-20,16914.3008,17038.7012,16735.0,16840.9004,-0.4375
2014-06-23,16888.3008,17118.7012,16864.0,16908.2012,0.3996
2014-06-24,16904.7012,17034.5996,16891.5,16974.8008,0.3939
2014-06-25,16934.3008,16957.5,16681.3008,16731.4004,-1.4339
2014-06-26,16763.0996,17127.0,16763.0996,17127.0,2.3644
2014-06-27,17108.0,17500.3008,17092.9004,17489.3008,2.1154
2014-06-30,17569.4004,18013.7012,17569.4004,18013.7012,2.9984
2014-07-01,18073.0996,18428.7012,18070.0,18428.7012,2.3038
2014-07-02,18416.2012,18854.7012,18416.2012,18854.7012,2.3116
2014-07-03,18840.5,19410.9004,18833.3008,19410.9004,2.9499
2014-07-04,19420.5996,19639.8008,19420.5996,19587.4004,0.9093
2014-07-07,19615.5,19830.5996,19615.5,19772.5,0.945
2014-07-08,19751.2012,20066.2012,19742.9004,20066.2012,1.4854
2014-07-09,20056.4004,20274.2012,19999.5,20126.8008,0.302
2014-07-10,20131.9004,20366.0,20119.5,20188.7012,0.3076
2014-07-11,20161.5996,20551.5996,20161.5996,20427.4004,1.1823
2014-07-14,20489.4004,21009.0,20489.4004,21009.0,2.8472
2014-07-15,21018.9004,21354.5996,21015.7012,21354.5996,1.645
2014-07-16,21294.8008,21486.9004,21207.8008,21297.5996,-0.2669
2014-07-17,21245.0,21349.3008,20858.2012,20981.2012,-1.4856
2014-07-18,20903.0,21194.7012,20833.8008,20874.0996,-0.5105
2014-07-21,20852.9004,20945.7012,20626.7012,20670.9004,-0.9735
2014-07-22,20679.2012,21149.0996,20679.2012,21148.2012,2.309
2014-07-23,21140.5996,21426.0996,21095.2012,21221.3008,0.3457
2014-07-24,21206.3008,21709.0,21206.3008,21709.0,2.2982
2014-07-25,21736.5996,22084.3008,21736.5996,22084.3008,1.7288
2014-07-28,22223.3008,23625.5996,22223.3008,23625.5996,6.9792
2014-07-29,23646.5,24629.8008,23646.5,24629.8008,4.2505
2014-07-30,24620.9004,25233.5996,24575.0996,25233.5996,2.4515
2014-07-31,25226.3008,25712.0,25206.0996,25712.0,1.8959
2014-08-01,25610.7012,26066.4004,25592.5996,25942.0996,0.8949
2014-08-04,26071.8008,26667.7012,26071.8008,26667.7012,2.797
2014-08-05,26710.7012,27120.0996,26699.0996,27120.0996,1.6964
2014-08-06,26965.4004,27447.2012,26946.7012,27443.0,1.1906
2014-08-07,27446.7012,27746.0,27254.2012,27319.7012,-0.4493
2014-08-08,27391.0,27527.0,27180.0,27280.0996,-0.145
2014-08-11,27507.0996,27901.7012,27507.0996,27901.7012,2.2786
2014-08-12,27888.5,28177.5996,27867.3008,28141.3008,0.8587
2014-08-13,28129.4004,28442.9004,28109.9004,28442.9004,1.0717
2014-08-14,28398.5996,28718.0996,28349.2012,28411.4004,-0.1107
2014-08-15,28432.2012,28791.0996,28432.2012,28753.5,1.2041
2014-08-18,28904.5996,29461.3008,28904.5996,29461.3008,2.4616
2014-08-19,29527.0,30037.3008,29520.2012,30037.3008,1.9551
2014-08-20,30012.4004,30307.7012,29974.3008,30132.8008,0.3179
2014-08-21,30142.0996,30285.7012,29911.5996,30241.0,0.3591
2014-08-22,30226.2012,30556.3008,30226.2012,30490.8008,0.826
2014-08-25,30511.5,30606.2012,30174.4004,30207.5,-0.9291
2014-08-26,30100.0996,30309.2012,29546.9004,29698.3008,-1.6857
2014-08-27,29694.8008,29932.3008,29282.8008,29315.5996,-1.2886
2014-08-28,29317.9004,29479.3008,28631.5996,28633.4004,-2.3271
2014-08-29,28668.9004,28763.2012,28186.9004,28348.0996,-0.9964
2014-09-01,28449.4004,28801.2012,28449.4004,28718.4004,1.3063
2014-09-02,28814.9004,29805.8008,28802.8008,29805.8008,3.7864
2014-09-03,29887.8008,30833.5996,29887.8008,30833.5996,3.4483
2014-09-04,30934.7012,31845.5,30934.7012,31845.5,3.2818
2014-09-05,31931.5996,32593.7012,31931.5996,32593.7012,2.3495
2014-09-09,32668.8008,33153.9023,32668.8008,33141.5,1.6807
2014-09-10,32963.1992,33487.5,32898.1992,33419.3008,0.8382
2014-09-11,33392.6016,34263.4023,33388.3008,34097.0,2.0279
2014-09-12,34050.0,34522.5,34042.6016,34522.5,1.2479
2014-09-15,34538.3008,35311.1016,34531.0,35310.9023,2.2837
2014-09-16,35352.6016,35795.1992,35152.8008,35236.1016,-0.2118
2014-09-17,35358.8008,35757.0,34998.9023,35364.4023,0.3641
2014-09-18,35263.5,35639.8008,35065.0,35200.3008,-0.464
2014-09-19,35180.1992,35426.4023,35053.4023,35184.1016,-0.046
2014-09-22,35151.3008,35289.8008,34535.1016,34594.0,-1.6772
2014-09-23,34602.6992,34915.8008,34569.1992,34694.6992,0.2911
2014-09-24,34576.4023,35553.3008,34543.3008,35553.3008,2.4747
2014-09-25,35728.1016,36188.6016,35728.1016,35969.0,1.1692
2014-09-26,35844.5,36186.9023,35708.6016,35800.0,-0.4698
2014-09-29,36169.0,36540.8008,36169.0,36431.6992,1.7645
2014-09-30,36689.5,36903.3008,36497.6016,36652.9023,0.6072
2014-10-08,36797.6992,37381.6992,36783.5,37381.6992,
2014-10-09,37407.6016,38077.8008,37392.9023,38077.8008,1.8621
2014-10-10,37864.9023,38521.1992,37817.3008,38248.5,0.4483
2014-10-13,38074.3008,38366.3008,38036.5,38352.6016,0.2722
2014-10-14,38268.9023,38785.1016,37953.6016,38175.6992,-0.4613
2014-10-15,38169.0,38507.1992,38032.6016,38310.5,0.3531
2014-10-16,38259.1992,38792.5,37943.1016,38050.1992,-0.6795
2014-10-17,37940.1992,38254.4023,37452.9023,37761.6016,-0.7585
2014-10-20,37889.9023,38236.8008,37630.6016,37706.6016,-0.1457
2014-10-21,37641.3008,37888.5,36865.1992,36875.0,-2.2055
2014-10-22,36873.1016,36961.5,35914.3008,35955.1016,-2.4946
2014-10-23,35882.1016,36013.5,34972.8008,35053.6992,-2.507
2014-10-24,35010.0,35175.9023,34132.0,34220.9023,-2.3758
2014-10-27,34079.3008,34384.8008,33647.1992,33727.3008,-1.4424
2014-10-28,33862.6016,34644.3008,33862.6016,34644.3008,2.7189
2014-10-29,34783.1992,36097.3008,34783.1992,36097.3008,4.1941
2014-10-30,36057.1016,36854.5,36035.8008,36854.5,2.0977
2014-10-31,36943.1016,37793.9023,36943.1016,37793.9023,2.5489
2014-11-03,37842.1016,38635.9023,37842.1016,38635.9023,2.2279
2014-11-04,38619.0,39159.0,38596.3008,38981.1016,0.8935
2014-11-05,38989.5,39368.9023,38917.1016,38957.3008,-0.0611
2014-11-06,38937.6016,39170.5,38728.5,39015.6016,0.1497
2014-11-07,39095.1992,39771.0,39095.1992,39417.9023,1.0311
2014-11-10,39714.9023,40461.8008,39687.6016,40461.8008,2.6483
2014-11-11,40618.1016,41235.3008,40449.4023,40931.4023,1.1606
2014-11-12,40695.6016,41467.5,40669.1992,41423.8008,1.203
2014-11-13,41382.4023,41666.9023,41215.6992,41328.0,-0.2313
2014-11-14,41062.1016,41388.1992,40479.4023,40685.6016,-1.5544
2014-11-17,40973.1016,41265.8008,40600.1992,40630.6016,-0.1352
2014-11-18,40558.4023,40812.4023,40013.8008,40092.1992,-1.3251
2014-11-19,40039.1992,40232.8008,39650.1016,39724.1016,-0.9181
2014-11-20,39532.8008,39852.3008,39045.4023,39083.6992,-1.6121
2014-11-21,39075.0,39571.4023,39053.1016,39571.4023,1.2478
2014-11-24,40183.6992,41901.8008,40113.3008,41883.5,5.8429
2014-11-25,41844.1992,43388.3008,41844.1992,43388.3008,3.5928
2014-11-26,43551.3008,44922.0,43551.3008,44921.9023,3.5346
2014-11-27,45153.9023,46723.5,45121.6016,46723.5,4.0105
2014-11-28,46677.1992,48922.1016,46666.0,48922.0,4.7053
2014-12-01,49108.1992,50485.9023,49108.1992,50248.3008,2.7111
2014-12-02,50191.4023,52674.8008,50041.0,52674.8008,4.829
2014-12-03,52873.4023,55998.1016,52873.4023,55998.1016,6.3091
2014-12-04,56042.0,60025.4023,56042.0,60025.4023,7.1919
2014-12-05,60583.6016,63170.8008,59957.1016,62829.4023,4.6714
2014-12-08,62636.6016,66717.3047,62050.5,66666.2031,6.1067
2014-12-09,66575.2031,70512.7031,66131.8984,67064.8047,0.5979
2014-12-10,67101.7031,69994.8984,66581.1016,69953.1016,4.3067
2014-12-11,69790.5,71447.0,69277.6016,70044.6016,0.1308
2014-12-12,70278.8984,71362.2031,69766.7031,69986.2031,-0.0834
2014-12-15,69624.0,70534.1016,69557.7031,70410.5,0.6063
2014-12-16,70668.6016,72077.6016,70516.0,71791.3047,1.9611
2014-12-17,72106.0,73234.0,71315.8047,72816.0,1.4273
2014-12-18,72545.8047,73268.8984,71851.0,71869.6016,-1.2997
2014-12-19,71826.1016,72533.5,70428.2031,72153.3984,0.3949
2014-12-22,72372.0,73535.7031,71403.5,71882.1016,-0.376
2014-12-23,71850.8984,72179.8047,69217.0,69332.0,-3.5476
2014-12-24,69491.0,69893.3047,66949.7031,67477.1016,-2.6754
2014-12-25,67522.2031,68656.5,67199.1016,68237.8984,1.1275
2014-12-26,68243.3984,69682.0,68187.5,69640.8047,2.0559
2014-12-29,70503.8047,71249.6016,69118.0,69973.8984,0.4783
2014-12-30,69715.5,70286.7031,68505.3984,68840.8047,-1.6193
2014-12-31,68887.1016,69460.3984,68621.8047,69232.3047,0.5687
2015-01-05,69714.2031,71674.7031,69674.8047,71447.3047,3.1994
2015-01-06,71237.2031,72700.7031,70525.3047,72322.3984,1.2248
2015-01-07,72245.3047,73236.1016,71437.8984,71839.3047,-0.668
2015-01-08,71824.7031,71968.8047,69454.8047,69578.1016,-3.1476
2015-01-09,69471.5,70636.3047,68801.0,68892.8984,-0.9848
2015-01-12,68738.3047,69122.3984,66371.5,66894.8047,-2.9003
2015-01-13,66885.3984,67323.3047,65304.3008,65528.4023,-2.0426
2015-01-14,65535.9023,66008.0,63305.4023,63760.0,-2.6987
2015-01-15,63769.0,64353.4023,63504.0,64353.4023,0.9307
2015-01-16,64384.4023,65426.6016,64384.4023,64739.6992,0.6003
2015-01-19,61511.6016,63675.8008,60795.1016,61290.0,-5.3286
2015-01-20,61608.6992,63309.6992,61516.1016,63065.6016,2.897
2015-01-21,63558.9023,66409.7031,63482.0,66409.7031,5.3026
2015-01-22,66406.2031,67248.6016,66368.3984,67209.8047,1.2048
2015-01-23,67329.2031,68275.7031,66679.3047,67113.8047,-0.1428
2015-01-26,67165.6016,67749.8984,67017.8984,67423.0,0.4607
2015-01-27,67600.8984,68034.8984,66528.5,67582.1016,0.236
2015-01-28,67085.8047,67608.1016,66035.8984,66265.5,-1.9482
2015-01-29,65395.5,66278.5,64382.6992,64572.6016,-2.5547
2015-01-30,64904.6016,65094.4023,62532.1016,62537.4023,-3.1518
2015-02-02,60922.5,61703.5,59904.0,60035.6016,-4.0005
2015-02-03,60566.5,60843.6992,60020.5,60642.1992,1.0104
2015-02-04,60783.6016,61345.9023,59680.1016,59711.0,-1.5356
2015-02-05,60772.1016,61018.3008,59470.9023,59485.1992,-0.3782
2015-02-06,59202.6992,59634.5,57283.1016,57666.3008,-3.0577
2015-02-09,57481.9023,57859.1992,56478.1992,56657.0,-1.7502
2015-02-10,56572.9023,57113.9023,55944.3008,56369.8008,-0.5069
2015-02-11,56494.1016,56858.6992,55629.4023,55769.6992,-1.0646
2015-02-12,55793.1992,55976.0,55148.1992,55207.6016,-1.0079
2015-02-13,55353.8008,56393.3008,55353.8008,55953.4023,1.3509
2015-02-16,56138.6016,56698.5,56138.6016,56674.6992,1.2891
2015-02-17,56960.5,57368.6992,56548.9023,56701.1992,0.0468
2015-02-25,56748.9023,57133.1016,55815.4023,56030.0,
2015-02-26,55905.8008,57302.8008,55904.8008,57302.8008,2.2716
2015-02-27,57254.0,58308.6016,57254.0,58114.8008,1.417
2015-03-02,58713.4023,60648.0,58655.6016,60648.0,4.359
2015-03-03,60281.6992,61799.5,60189.0,61509.9023,1.4212
2015-03-04,61608.4023,62643.6016,61608.4023,62643.6016,1.8431
2015-03-05,62517.3008,63300.1016,62491.1992,63300.1016,1.048
2015-03-06,63370.1992,63821.9023,62399.6992,62541.6016,-1.1983
2015-03-09,61996.4023,63604.0,61914.0,63604.0,1.6987
2015-03-10,63529.6016,64463.0,63529.6016,63967.4023,0.5714
2015-03-11,64883.9023,65622.2031,64274.9023,64498.0,0.8295
2015-03-12,64868.8008,65396.8008,64859.5,65365.9023,1.3456
2015-03-13,65653.5,66611.0,65653.5,66224.7031,1.3138
2015-03-16,66785.6016,69887.1016,66785.6016,69887.1016,5.5303
2015-03-17,70451.0,73673.6016,70451.0,73673.6016,5.418
2015-03-18,73883.8984,77738.3047,73880.1016,77738.3047,5.5172
2015-03-19,77765.1016,80185.8047,77553.7031,80185.8047,3.1484
2015-03-20,80360.2031,83259.7031,80360.2031,83257.5,3.8307
2015-03-23,83552.2031,87509.5,83552.2031,87509.1016,5.1066
2015-03-24,87767.3984,91317.3047,87373.3047,91317.3047,4.3518
2015-03-25,91193.5,93627.3984,90752.3047,93146.8047,2.0035
2015-03-26,92817.2031,94946.0,92055.3047,93463.3984,0.3399
2015-03-27,93420.6016,94235.7031,93420.6016,93622.6016,0.1703
2015-03-30,94284.2031,96875.0,94284.2031,96833.0,3.4291
2015-03-31,97690.8047,99548.6016,97687.8984,98226.8047,1.4394
2015-04-01,98338.5,100523.7031,98338.5,100523.3984,2.3381
2015-04-02,101151.0,102472.5,100961.3047,102472.5,1.939
2015-04-03,101842.3984,104731.6016,101728.8047,104731.6016,2.2046
2015-04-07,105776.0,108466.3984,105776.0,108466.3984,3.5661
2015-04-08,109163.6016,110884.7031,108309.3984,110705.2031,2.0641
2015-04-09,111012.3047,111624.8984,109194.3984,111386.8047,0.6157
2015-04-10,110599.8047,113541.1016,110369.3984,113530.5,1.9246
2015-04-13,114713.8047,117037.2031,114713.8047,116835.2031,2.9109
2015-04-14,116726.5,119151.0,116167.5,117896.8047,0.9086
2015-04-15,117783.7031,118553.3984,115068.3047,115070.0,-2.3977
2015-04-16,113504.6016,117995.7031,113047.7031,116728.0,1.4409
2015-04-17,118345.3984,120513.7031,118345.3984,120074.2031,2.8667
2015-04-20,120127.5,123935.2031,119004.2031,121470.7031,1.163
2015-04-21,121541.8984,124782.1016,121541.8984,124782.1016,2.7261
2015-04-22,125389.3984,129491.3047,125389.3984,129491.3047,3.7739
2015-04-23,130243.3984,132017.9062,130011.3047,131550.0,1.5898
2015-04-24,129687.5,133014.2969,129543.8984,131989.4062,0.334
2015-04-27,134035.5,136155.5,134035.5,135165.7969,2.4065
2015-04-28,135105.7031,136410.9062,132308.7031,133526.2969,-1.213
2015-04-29,133274.4062,134805.7969,132430.7031,133432.1094,-0.0705
2015-04-30,133817.7969,134993.1094,131971.0,132005.0,-1.0695
2015-05-04,132373.4062,133680.7969,131034.1016,131534.1094,-0.3567
2015-05-05,131389.1094,131882.1094,125470.6016,126128.6016,-4.1096
2015-05-06,127111.2031,128150.3984,122192.1016,123404.2031,-2.16
2015-05-07,122233.7031,123196.0,117978.8047,118097.1016,-4.3006
2015-05-08,120004.7031,120758.5,117763.3047,120426.5,1.9724
2015-05-11,121709.8047,125539.6016,121412.2031,125539.6016,4.2458
2015-05-12,125983.0,128933.6016,125785.6016,128933.6016,2.7035
2015-05-13,128498.7031,130919.8047,127945.3047,129737.2031,0.6233
2015-05-14,129818.3984,131147.9062,129013.7031,129552.7031,-0.1422
2015-05-15,128845.7031,129334.6016,127244.2031,127564.8984,-1.5344
2015-05-18,127495.1016,129661.7031,126710.8984,127402.7031,-0.1271
2015-05-19,127822.0,130848.7031,127822.0,130781.3047,2.6519
2015-05-20,131737.1094,135496.0,131737.1094,133609.2969,2.1624
2015-05-21,134027.1094,137549.7969,134027.1094,137547.9062,2.9479
2015-05-22,138859.2031,141574.2031,138668.4062,141573.5,2.9267
2015-05-25,140544.7031,148013.2969,140405.1094,148013.2969,4.5487
2015-05-26,149410.6094,155261.4062,149410.6094,155261.4062,4.8969
2015-05-27,156081.7031,158890.4062,154442.2969,158549.7031,2.1179
2015-05-28,158236.2031,162028.0,151484.2969,151653.9062,-4.3493
2015-05-29,152220.7031,156523.7969,146262.1094,153560.7031,1.2573
2015-06-01,155275.5,160997.6094,155063.5,160997.6094,4.843
2015-06-02,162315.0,166331.4062,162040.1094,166329.5,3.3118
2015-06-03,167423.2031,169518.4062,164436.7031,167140.0,0.4873
2015-06-04,166843.4062,168351.4062,157549.7031,167684.1094,0.3255
2015-06-05,170981.9062,173920.0,168594.4062,172241.7969,2.718
2015-06-08,172126.7969,175704.0,172126.7969,175526.4062,1.907
2015-06-09,175312.0,178008.0,172909.7031,175077.6094,-0.2557
2015-06-10,174333.7031,177044.2969,171763.0,175410.2969,0.19
2015-06-11,175106.0,177147.0,174042.0,175637.9062,0.1298
2015-06-12,176705.4062,178474.9062,176661.6094,177385.0,0.9947
2015-06-15,178557.2969,179877.9062,174236.2031,174811.7969,-1.4506
2015-06-16,171677.2969,173554.2969,165363.6094,167018.0,-4.4584
2015-06-17,167389.0,169211.9062,162585.7031,168624.2031,0.9617
2015-06-18,167188.4062,169407.4062,159973.7969,160306.2969,-4.9328
2015-06-19,155942.6094,158890.0,147560.2031,147615.7969,-7.9164
2015-06-23,147607.2031,148973.5,139060.7969,148012.6094,0.2688
2015-06-24,148390.0,152424.7031,147175.1094,150831.7969,1.9047
2015-06-25,151145.5,151839.9062,142888.2969,144884.1094,-3.9433
2015-06-26,139082.4062,142003.2969,132250.2969,132823.7031,-8.3242
2015-06-29,135204.2969,135943.2969,123767.3047,127238.8984,-4.2047
2015-06-30,124947.1016,136434.2969,120476.2031,136417.1094,7.2134
2015-07-01,135500.0,139983.6094,129039.6016,129604.6016,-4.9939
2015-07-02,129371.8984,130454.5,120540.6016,122360.0,-5.5898
2015-07-03,119329.0,124147.5,114120.3984,114948.3047,-6.0573
2015-07-06,122966.2031,122966.2031,112461.6016,116585.0,1.4239
2015-07-07,111864.1016,113958.8047,109663.8047,112429.0,-3.5648
2015-07-08,106158.2031,110022.8984,105840.2031,109861.6016,-2.2836
2015-07-09,108607.5,117792.1016,107849.2031,116728.7031,6.2507
2015-07-10,118326.6016,125430.8984,118193.3047,122624.5,5.0509
2015-07-13,122623.8984,130153.3047,122623.8984,128164.5,4.5179
2015-07-14,128660.0,133222.0,127063.7031,128492.8984,0.2562
2015-07-15,127121.3984,128856.8047,121963.1016,122651.0,-4.5465
2015-07-16,119657.8047,127592.3047,117965.5,122993.1016,0.2789
2015-07-17,124363.3047,128717.2031,123638.7031,127752.0,3.8692
2015-07-20,128200.1016,132398.6094,127908.8047,129447.2031,1.3269
2015-07-21,127981.5,131404.9062,126853.7031,129935.1016,0.3769
2015-07-22,129603.5,131885.5,127626.7031,130249.7031,0.2421
2015-07-23,130337.2031,134072.6094,130337.2031,133867.6094,2.7777
2015-07-24,133902.5,136979.2969,131341.2031,132649.5,-0.9099
2015-07-27,128897.7031,133154.2031,121741.5,121757.5,-8.2111
2015-07-28,116579.1016,125317.8047,115762.6016,119799.8047,-1.6079
2015-07-29,122065.7031,123684.1016,116370.6016,123674.6016,3.2344
2015-07-30,122568.2031,125340.2031,118379.3047,119013.8047,-3.7686
2015-07-31,117623.3047,119249.6016,113169.8047,114891.0,-3.4641
2015-08-03,112746.7031,113895.0,107992.8047,109646.3047,-4.5649
2015-08-04,110176.5,113382.2031,109383.5,113382.2031,3.4072
2015-08-05,113081.3984,115206.8984,110273.0,110607.1016,-2.4476
2015-08-06,107905.3984,110831.7031,106553.8047,107040.7031,-3.2244
2015-08-07,108777.3047,110417.5,107460.7031,108719.7031,1.5686
2015-08-10,110599.1016,115295.8984,110317.1016,114910.2031,5.694
2015-08-11,114911.0,117595.0,114788.3984,116296.8047,1.2067
2015-08-12,114989.2031,117707.5,114272.3984,114357.7031,-1.6674
2015-08-13,113838.2031,116554.6016,112970.3984,116554.6016,1.9211
2015-08-14,117794.0,118838.3047,116399.7031,117294.8984,0.6352
2015-08-17,116725.1016,118832.2031,116725.1016,118796.3047,1.28
2015-08-18,119157.1016,119678.3984,111388.8984,111703.3984,-5.9706
2015-08-19,108364.3047,114787.6016,105991.2031,114152.0,2.1921
2015-08-20,112626.2031,114145.5,108787.2031,108919.3984,-4.5839
2015-08-21,106994.6016,108516.3047,101670.6016,102039.5,-6.3165
2015-08-24,97601.5,98218.3984,92317.2031,92324.7031,-9.5206
2015-08-25,86394.2031,88968.7031,84596.2031,84701.7031,-8.2567
2015-08-26,84930.6016,88448.0,81395.0,82702.7031,-2.36
2015-08-27,85185.1016,85979.0,80722.6016,85979.0,3.9615
2015-08-28,87436.0,91351.2031,86841.5,91351.2031,6.2483
2015-08-31,91155.0,91155.0,88126.6016,89088.2031,-2.4773
2015-09-01,88919.8984,88919.8984,83721.2031,85047.7031,-4.5354
2015-09-02,84825.2031,85772.5,80949.3047,83293.5,-2.0626
2015-09-07,84259.2031,86572.5,81452.5,81965.3984,-1.5945
2015-09-08,81071.6016,83307.2031,78885.3984,83247.8047,1.5646
2015-09-09,83798.3984,86943.0,83555.5,86020.7031,3.3309
2015-09-10,84548.3984,86278.7031,83216.0,83512.8047,-2.9155
2015-09-11,83628.8047,84284.6016,81114.7031,82170.0,-1.6079
2015-09-14,82963.3047,82973.0,76403.5,77481.3984,-5.706
2015-09-15,76757.6016,76757.6016,71909.7031,72258.2031,-6.7412
2015-09-16,72291.5,76114.2031,71022.3047,75859.0,4.9832
2015-09-17,75853.6016,77386.8984,74430.6016,74467.5,-1.8343
2015-09-18,75376.7031,75410.7031,72771.0,73681.8984,-1.055
2015-09-21,72578.3984,75087.8047,72578.3984,75087.8047,1.9081
2015-09-22,75270.3047,76410.3047,75062.5,75295.3047,0.2763
2015-09-23,73823.5,75360.5,73216.3047,73443.2031,-2.4598
2015-09-24,74104.3984,74750.0,72566.2031,73246.6016,-0.2677
2015-09-25,72743.3047,73503.3047,69593.1016,70186.3984,-4.1779
2015-09-28,70381.3047,70416.8047,68885.6016,69627.3984,-0.7965
2015-09-29,68408.1016,69179.6016,66788.7031,67003.5,-3.7685
2015-09-30,67673.7031,67737.6016,65574.8047,65617.6016,-2.0684
2015-10-08,67863.5,68915.8984,67543.7031,67991.6016,
2015-10-09,67913.6016,68992.3984,67840.2031,68836.3047,1.2424
2015-10-12,69345.8984,73607.7031,69282.6016,73518.5,6.8019
2015-10-13,72771.8984,74779.8047,72745.8047,74779.8047,1.7156
2015-10-14,74575.8047,75872.2031,74060.1016,74376.1016,-0.5399
2015-10-15,74138.1016,77349.8047,74138.1016,77349.8047,3.9982
2015-10-16,78146.8047,80355.2031,78056.1016,80355.2031,3.8855
2015-10-19,80815.2031,82393.8047,80604.1016,81893.1016,1.9139
2015-10-20,81647.7031,83769.8047,81616.8984,83769.8047,2.2916
2015-10-21,83731.8047,84833.0,80261.1016,81120.0,-3.1632
2015-10-22,81276.8984,84254.5,80841.1016,84254.5,3.864
2015-10-23,85031.2031,87452.2031,84973.8047,87356.8047,3.6821
2015-10-26,88521.8047,89725.7031,87682.6016,88918.0,1.7871
2015-10-27,87831.7031,90119.6016,86139.2031,89842.8047,1.0401
2015-10-28,89066.0,90799.5,86898.5,87343.3984,-2.782
2015-10-29,88302.5,88350.0,86431.7031,86763.6016,-0.6638
2015-10-30,86322.8984,87259.8984,85494.3984,85704.3047,-1.2209
2015-11-02,83553.2031,85930.8984,82415.8984,82677.8047,-3.5313
2015-11-03,83271.8047,83528.1016,80361.1016,80952.0,-2.0874
2015-11-04,81707.5,85984.8047,81529.6016,85984.8047,6.217
2015-11-05,86138.1016,90328.7031,86138.1016,89925.3047,4.5828
2015-11-06,90173.3984,93836.7031,90173.3984,93836.7031,4.3496
2015-11-09,93570.3984,98013.2031,93570.3984,97743.5,4.1634
2015-11-10,97052.5,99905.8047,97000.2031,99466.6016,1.7629
2015-11-11,99590.6016,101111.3984,99308.1016,101111.3984,1.6536
2015-11-12,101541.8047,102221.7031,100596.6016,101608.0,0.4911
2015-11-13,100175.6016,101669.8047,99415.3047,99569.8984,-2.0058
2015-11-16,97723.3984,100182.5,97723.3984,100053.8047,0.486
2015-11-17,101411.6016,102999.8984,99964.7031,100232.0,0.1781
2015-11-18,100268.3047,100844.7031,96931.8047,97296.0,-2.9292
2015-11-19,97610.8047,98343.5,96603.3047,98305.3047,1.0374
2015-11-20,98551.8984,99886.7031,98508.3047,99316.8047,1.0289
2015-11-23,99533.6016,100663.5,97742.5,98202.3047,-1.1222
2015-11-24,98103.8047,98290.8047,96734.0,97605.6016,-0.6076
2015-11-25,97615.8984,98706.0,97589.2031,98705.0,1.1264
2015-11-26,99331.8984,99878.7031,97796.7031,98054.1016,-0.6594
2015-11-27,97584.3047,97977.6016,91593.0,92496.5,-5.6679
2015-11-30,92821.3047,93826.2031,88162.1016,92763.0,0.2881
2015-12-01,92413.8047,93380.8984,90400.0,91348.7031,-1.5246
2015-12-02,90983.3047,91389.8984,88899.8984,90471.6016,-0.9602
2015-12-03,90570.6016,91928.3984,90548.0,91339.3984,0.9592
2015-12-04,90772.3984,91907.2031,89228.6016,89684.0,-1.8124
2015-12-07,90107.3047,90458.1016,88583.8984,89313.8047,-0.4128
2015-12-08,88692.8047,89100.5,86517.0,86641.3047,-2.9923
2015-12-09,86145.8984,86767.8984,84758.0,85058.5,-1.8268
2015-12-10,85086.7031,85931.6016,83372.6016,83608.5,-1.7047
2015-12-11,83105.1016,83462.3047,81217.3984,81330.7031,-2.7244
2015-12-14,80392.7031,81951.7031,80019.3984,81951.7031,0.7635
2015-12-15,82085.6016,83095.3984,81535.1016,81739.2031,-0.2593
2015-12-16,81864.0,82529.8984,81032.6016,81236.7031,-0.6148
2015-12-17,82026.0,84356.1016,81995.8047,84356.1016,3.8399
2015-12-18,84305.3984,85489.6016,84237.1016,84758.2031,0.4767
2015-12-21,84581.6016,86294.3984,84581.6016,86248.3047,1.7581
2015-12-22,86553.7031,87205.6016,86301.7031,86958.5,0.8234
2015-12-23,87008.0,87809.0,86407.8984,86757.8984,-0.2307
2015-12-24,86449.5,86762.3984,84996.3984,85529.1016,-1.4164
2015-12-25,85742.2031,86160.8984,84160.2031,84626.8047,-1.055
2015-12-28,85086.5,85460.5,82832.2031,82855.7031,-2.0928
2015-12-29,82884.0,83331.3984,81581.2031,82444.3984,-0.4964
2015-12-30,82726.8984,83174.1016,81714.2031,82309.8047,-0.1633
2015-12-31,82158.8047,82545.0,79814.8047,79876.6016,-2.9562
2016-01-04,79724.3047,79836.3047,72946.3984,72946.3984,-8.6761
2016-01-05,69817.6016,73827.7031,69671.6016,72545.0,-0.5503
2016-01-06,73133.7031,74160.1016,72591.6016,74160.1016,2.2263
2016-01-07,72493.3047,72681.3047,66112.2031,66112.2031,-10.8521
2016-01-08,68270.1016,69405.5,64511.1016,67672.3984,2.3599
2016-01-11,65812.3047,67374.1016,63384.1016,63483.6992,-6.1897
2016-01-12,63835.6016,64366.6016,62372.4023,62990.5,-0.7769
2016-01-13,63101.4023,63987.4023,60078.1992,60144.1992,-4.5186
2016-01-14,58125.5,62002.9023,58125.5,61956.0,3.0124
2016-01-15,61253.1992,62254.1016,58913.0,59345.9023,-4.2128
2016-01-18,58964.5,60578.3008,58284.9023,59619.6992,0.4614
2016-01-19,59475.3008,61745.1992,59337.6992,61735.3008,3.5485
2016-01-20,61214.4023,62595.6016,60920.6016,61135.6016,-0.9714
2016-01-21,60312.4023,61452.4023,58184.5,58203.4023,-4.7962
2016-01-22,59343.1016,59351.3008,57242.8008,58350.6992,0.2531
2016-01-25,58945.8008,59311.5,57304.6016,57840.3008,-0.8747
2016-01-26,57024.0,57245.3008,53394.4023,53669.8008,-7.2104
2016-01-27,53980.0,53980.0,50886.3008,53344.9023,-0.6054
2016-01-28,52513.6992,53293.4023,50031.3008,50329.5,-5.6527
2016-01-29,50317.1992,52166.1016,50045.6992,51745.6992,2.8139
2016-02-01,51471.1992,52004.4023,49458.1016,50202.9023,-2.9815
2016-02-02,50339.1016,52044.1016,50315.0,51336.3008,2.2576
2016-02-03,50636.5,51171.6016,49819.1016,50755.3008,-1.1318
2016-02-04,50994.6992,52258.8008,50994.6992,51501.4023,1.47
2016-02-05,51641.3008,51841.6992,50041.6016,50078.4023,-2.763
2016-02-15,48614.0,49663.9023,48614.0,49204.5,
2016-02-16,49609.4023,51478.5,49590.5,51449.1016,4.5618
2016-02-17,51375.1016,52854.1016,51358.9023,52854.1016,2.7309
2016-02-18,53317.4023,53911.6016,53135.9023,53373.9023,0.9835
2016-02-19,53226.1016,53908.1992,52867.1992,53357.6016,-0.0305
2016-02-22,53767.1016,55205.1016,53767.1016,55204.6992,3.4617
2016-02-23,55150.1992,55596.8008,54355.9023,55204.1016,-0.0011
2016-02-24,54923.3008,55882.6992,54453.0,55804.6992,1.088
2016-02-25,55642.6992,55698.9023,52536.5,52789.3008,-5.4035
2016-02-26,53452.6016,53657.6016,51558.6992,52619.5,-0.3217
2016-02-29,52111.8008,52218.8008,49248.8008,49771.6016,-5.4122
2016-03-01,49661.3008,51147.5,48768.9023,50820.9023,2.1082
2016-03-02,50719.9023,54255.1016,50719.9023,54253.6016,6.7545
2016-03-03,54266.1992,56273.9023,54259.1016,55399.0,2.1112
2016-03-04,55078.1016,55841.6016,53703.1016,54805.9023,-1.0706
2016-03-07,55699.1992,56809.1992,55012.9023,55575.3008,1.4039
2016-03-08,55374.6016,55844.9023,53702.5,55844.9023,0.4851
2016-03-09,54215.6992,55501.0,53501.3008,53838.9023,-3.5921
2016-03-10,53823.3008,54253.8008,51637.1992,51740.6016,-3.8974
2016-03-11,51077.6016,51598.1992,49902.6016,50293.4023,-2.797
2016-03-14,51054.3008,52735.9023,50912.6992,52088.4023,3.5691
2016-03-15,51858.9023,52333.0,50927.8008,51219.3008,-1.6685
2016-03-16,51643.9023,51738.4023,50377.1016,50423.6992,-1.5533
2016-03-17,50733.5,52646.6992,50455.8008,52646.6992,4.4086
2016-03-18,52862.0,56738.9023,52862.0,56738.9023,7.773
2016-03-21,57669.8008,60932.8008,57645.1992,60932.8008,7.3916
2016-03-22,60170.5,62056.0,60140.8008,61727.5,1.3042
2016-03-23,61526.0,62822.1992,61498.4023,62822.1992,1.7734
2016-03-24,62018.1992,63404.1992,61841.1992,62375.5,-0.7111
2016-03-25,62402.5,63169.3008,61283.4023,62105.5,-0.4329
2016-03-28,62592.3008,63437.3008,61271.0,61629.3008,-0.7668
2016-03-29,61472.8008,61706.0,59434.6016,59939.6016,-2.7417
2016-03-30,60467.9023,62117.6992,60467.9023,62117.6992,3.6338
2016-03-31,62552.6016,63393.0,62454.1016,62661.5,0.8754
2016-04-01,62576.8008,62706.6992,61207.6016,61975.9023,-1.0941
2016-04-05,62068.5,64174.3008,62063.5,64173.0,3.5451
2016-04-06,63794.6992,64988.1016,63794.6992,64704.1016,0.8276
2016-04-07,64715.9023,65056.6992,63881.1016,63932.5,-1.1925
2016-04-08,63264.4023,63815.9023,61950.9023,62885.8008,-1.6372
2016-04-11,63290.4023,65046.4023,63290.4023,64286.9023,2.228
2016-04-12,64085.1992,64466.0,62538.3008,63270.8008,-1.5806
2016-04-13,63878.4023,65938.8047,63816.5,65484.1016,3.4981
2016-04-14,65907.3047,66240.1016,65032.4023,65801.1016,0.4841
2016-04-15,65811.8047,66089.5,64658.5,65115.1016,-1.0425
2016-04-18,64417.9023,64543.3008,63381.5,63491.8008,-2.493
2016-04-19,63496.3008,64104.0,62411.1992,62810.8008,-1.0726
2016-04-20,63074.1992,63103.9023,59707.5,61440.1992,-2.1821
2016-04-21,61238.8008,61677.8008,59924.1016,60073.6992,-2.2241
2016-04-22,59509.0,60348.6992,58844.6016,59222.6016,-1.4168
2016-04-25,58923.9023,58951.3008,57525.0,57559.4023,-2.8084
2016-04-26,57569.3008,58032.3008,56256.9023,56951.5,-1.0561
2016-04-27,57031.8008,57315.1992,55669.6016,55809.3008,-2.0056
2016-04-28,55892.1016,55902.5,54170.8008,54929.4023,-1.5766
2016-04-29,54641.6992,55150.1016,53692.8008,53721.9023,-2.1983
2016-05-03,53730.6992,55377.4023,53538.6016,55377.4023,3.0816
2016-05-04,55137.1016,55953.4023,55136.0,55376.9023,-0.0009
2016-05-05,55244.6992,55710.9023,54744.4023,55237.9023,-0.251
2016-05-06,55243.4023,55542.3008,53850.4023,53970.8008,-2.2939
2016-05-09,53327.6016,53384.9023,51553.3008,51876.6992,-3.8801
2016-05-10,51790.1016,52101.8008,50314.8008,50599.1992,-2.4626
2016-05-11,50981.6992,50997.1016,49577.6992,49591.6992,-1.9911
2016-05-12,48655.6992,49355.6016,48260.5,48980.8008,-1.2319
2016-05-13,48738.3008,49517.3008,47702.6992,48022.8008,-1.9559
2016-05-16,48029.1016,48423.0,47783.0,48314.1016,0.6066
2016-05-17,48398.8008,48574.5,47861.6992,47992.6016,-0.6654
2016-05-18,47927.6992,47927.6992,45915.6016,46613.6016,-2.8734
2016-05-19,46554.9023,47550.6016,46251.9023,46367.9023,-0.5271
2016-05-20,45857.6016,46666.3008,45611.8008,46251.0,-0.2521
2016-05-23,46493.6016,47240.6016,46395.9023,46760.5,1.1016
2016-05-24,46631.5,46713.6992,45520.6016,45772.6016,-2.1127
2016-05-25,46259.1992,46535.6016,45046.0,45112.4023,-1.4423
2016-05-26,45062.3008,45236.3008,44044.6016,45062.5,-0.1106
2016-05-27,44907.4023,45345.5,44481.1016,44529.3008,-1.1832
2016-05-30,44176.3008,44684.0,43655.6992,43714.8008,-1.8291
2016-05-31,43833.8008,47162.1992,43833.8008,47162.1992,7.8861
2016-06-01,47318.9023,48945.6016,47318.9023,48901.0,3.6869
2016-06-02,48767.0,49893.9023,48766.1016,49893.9023,2.0304
2016-06-03,49961.0,51043.6992,49939.9023,51002.8008,2.2225
2016-06-06,51307.1016,51756.8008,50856.0,51299.6992,0.5821
2016-06-07,51304.3008,51590.8008,50910.6992,51237.1992,-0.1218
2016-06-08,51084.5,51353.0,50912.1992,51128.6992,-0.2118
2016-06-13,50299.4023,51079.1992,49090.5,49108.6992,-3.9508
2016-06-14,48909.6992,49609.1016,48167.4023,48634.3008,-0.966
2016-06-15,47991.9023,50856.5,47991.9023,50668.4023,4.1824
2016-06-16,50714.6016,51553.1016,50714.6016,51190.8008,1.031
2016-06-17,51438.4023,52339.8008,51161.6016,51677.3008,0.9504
2016-06-20,51696.9023,51793.4023,51221.9023,51525.4023,-0.2939
2016-06-21,51986.6016,52597.1992,50892.9023,51268.6992,-0.4982
2016-06-22,51080.6016,51729.3008,50889.1016,51729.3008,0.8984
2016-06-23,51678.1016,52149.4023,51228.8008,51335.1992,-0.7619
2016-06-24,51198.1016,52296.5,49889.1992,51763.6016,0.8345
2016-06-27,51713.5,53339.8008,51622.1992,53339.8008,3.045
2016-06-28,53115.5,54556.0,53115.5,54556.0,2.2801
2016-06-29,54937.0,55539.1016,54863.4023,55218.6016,1.2145
2016-06-30,55355.4023,55776.1992,54797.5,55114.1016,-0.1892
2016-07-01,55357.6992,55764.0,54608.4023,54661.6992,-0.8208
2016-07-04,54292.4023,56341.3008,54292.4023,56341.3008,3.0727
2016-07-05,56424.5,57391.1016,56424.5,57391.1016,1.8633
2016-07-06,57158.8008,58068.5,57157.8008,58068.5,1.1803
2016-07-07,57957.0,59005.5,57944.5,58928.9023,1.4817
2016-07-08,58781.1016,59324.0,58389.1016,58473.4023,-0.773
2016-07-11,58680.8008,59530.6016,58629.4023,58848.6992,0.6418
2016-07-12,58792.5,60444.5,58633.3008,60444.5,2.7117
2016-07-13,60530.5,61622.3008,60530.5,61614.3008,1.9353
2016-07-14,61463.1992,61896.9023,60753.3008,61258.3008,-0.5778
2016-07-15,61322.5,61514.8008,60445.1016,60488.6992,-1.2563
2016-07-18,60275.0,60534.1992,59500.1992,59705.8008,-1.2943
2016-07-19,59619.1992,59896.6016,58696.1016,59226.1016,-0.8034
2016-07-20,59217.6992,59584.5,58341.8008,58364.3008,-1.4551
2016-07-21,58310.1016,58741.6016,57966.6992,58103.8008,-0.4463
2016-07-22,58072.6992,58285.3008,57016.6016,57227.6016,-1.508
2016-07-25,57066.0,57452.3008,56215.1016,56518.3008,-1.2394
2016-07-26,56503.0,57103.6992,56191.9023,56585.3008,0.1185
2016-07-27,56655.4023,56880.6016,54532.4023,56039.1992,-0.9651
2016-07-28,55923.4023,56418.6016,55313.5,55885.4023,-0.2744
2016-07-29,55841.9023,56016.6992,54368.1016,54515.8008,-2.4507
2016-08-01,54222.6992,54222.6992,52730.9023,52780.9023,-3.1824
2016-08-02,52730.4023,53012.4023,51542.6016,51769.1992,-1.9168
2016-08-03,51632.6992,51988.0,50889.3008,51055.0,-1.3796
2016-08-04,50979.0,51106.1992,50454.4023,50618.8008,-0.8544
2016-08-05,50566.8008,50761.9023,49656.3008,49687.4023,-1.84
2016-08-08,49646.9023,50072.3008,49452.1016,49826.1992,0.2793
2016-08-09,49773.3008,50186.3008,49770.1992,50172.6016,0.6952
2016-08-10,50106.5,50523.1992,49743.6992,49774.6992,-0.7931
2016-08-11,49522.0,49791.9023,48622.6992,48674.8008,-2.2098
2016-08-12,48587.3008,48884.0,47956.6992,48884.0,0.4298
2016-08-15,49099.1016,52318.8008,49087.1992,52318.8008,7.0264
2016-08-16,52423.1992,54096.5,52423.1992,54096.5,3.3978
2016-08-17,53979.6016,54734.4023,53971.6016,54705.9023,1.1265
2016-08-18,54595.6016,55417.0,54595.6016,55263.4023,1.0191
2016-08-19,55145.4023,55419.4023,54754.8008,55088.1016,-0.3172
2016-08-22,55120.6992,55430.9023,54120.6992,54185.6992,-1.6381
2016-08-23,54116.3008,54612.8008,53139.9023,53622.5,-1.0394
2016-08-24,53699.4023,53923.1016,52793.5,52964.9023,-1.2263
2016-08-25,52481.4023,53000.4023,52101.1992,52509.3008,-0.8602
2016-08-26,52669.8008,53077.4023,51972.6992,52149.9023,-0.6844
2016-08-29,52111.6016,52486.3008,51455.1016,51617.4023,-1.0211
2016-08-30,51677.3008,51820.1016,50773.1992,50949.8008,-1.2934
2016-08-31,50968.1992,51190.6016,50524.0,50670.5,-0.5482
2016-09-01,50612.0,50824.0,49729.6016,49833.8008,-1.6513
2016-09-02,49738.0,50151.9023,48958.0,49261.6992,-1.148
2016-09-05,49449.6992,49852.1016,48674.6992,48846.3008,-0.8432
2016-09-06,48831.1992,49926.0,48722.9023,49926.0,2.2104
2016-09-07,49951.4023,50752.6992,49951.4023,50375.8008,0.9009
2016-09-08,50324.1016,50690.5,49717.5,50142.1016,-0.4639
2016-09-09,50134.3008,50442.4023,49538.0,49659.9023,-0.9617
2016-09-12,48656.1016,49477.0,48562.6016,48881.6016,-1.5673
2016-09-13,49224.4023,49332.5,48279.1016,48553.0,-0.6722
2016-09-14,48214.6016,48642.9023,47312.5,47535.6992,-2.0952
2016-09-19,47809.1992,48195.9023,47082.6992,47230.3008,-0.6425
2016-09-20,47284.6016,47367.6016,46358.1992,46488.1016,-1.5714
2016-09-21,46439.8008,46675.4023,45710.5,45834.6016,-1.4057
2016-09-22,46192.1992,46520.0,45853.8008,45994.1016,0.348
2016-09-23,46039.8008,46166.0,45262.0,45341.1992,-1.4195
2016-09-26,45203.6016,45301.1992,44191.4023,44299.8008,-2.2968
2016-09-27,44181.9023,44490.6016,43320.6016,44019.9023,-0.6318
2016-09-28,44047.1016,44155.5,43006.3008,43124.4023,-2.0343
2016-09-29,43211.8008,43361.4023,42536.6992,42618.6016,-1.1729
2016-09-30,42547.3008,42727.9023,41865.1992,42010.8008,-1.4261
2016-10-10,42388.6992,43382.4023,42388.6992,43382.4023,
2016-10-11,43372.8008,44123.6016,43367.6016,44123.6016,1.7085
2016-10-12,43950.0,44473.0,43882.5,44166.9023,0.0981
2016-10-13,44156.1016,44474.1016,44141.6016,44320.8008,0.3484
2016-10-14,44263.1992,44464.3008,43958.6992,44279.0,-0.0943
2016-10-17,44331.6016,44642.1992,43853.9023,44221.4023,-0.1301
2016-10-18,44265.4023,45467.6992,44265.4023,45467.6992,2.8183
2016-10-19,45544.1016,46104.1992,45544.1016,45889.6016,0.9279
2016-10-20,45890.4023,46257.1992,45873.1992,46138.5,0.5424
2016-10-21,46117.6992,46611.5,46079.3008,46478.6992,0.7373
2016-10-24,46525.4023,47826.6016,46525.4023,47826.6016,2.9
2016-10-25,47841.1016,48486.1992,47841.1016,48486.1992,1.3791
2016-10-26,48437.0,48977.3008,48433.3008,48734.5,0.5121
2016-10-27,48670.1992,48928.1992,48226.5,48488.3008,-0.5052
2016-10-28,48444.1016,48872.5,48086.3008,48162.3008,-0.6723
2016-10-31,47979.1016,48246.0,47672.5,47806.0,-0.7398
2016-11-01,47864.3008,48336.1992,47857.9023,48336.1992,1.1091
2016-11-02,48361.1992,48881.9023,48344.6992,48572.6016,0.4891
2016-11-03,48418.6992,49926.5,48418.6992,49850.0,2.6299
2016-11-04,49853.4023,50488.6016,49776.4023,50003.6992,0.3083
2016-11-07,50019.1016,50338.9023,49777.1992,49970.4023,-0.0666
2016-11-08,50165.9023,50478.0,50082.6992,50267.8008,0.5951
2016-11-09,50257.6016,51274.6016,50114.3008,51043.6016,1.5433
2016-11-10,51372.9023,52509.6992,51372.9023,52509.6992,2.8722
2016-11-11,52474.8008,54374.4023,52470.3008,54374.4023,3.5512
2016-11-14,54257.6992,56112.1016,54257.6992,56112.1016,3.1958
2016-11-15,56116.6016,56653.9023,56066.1992,56602.0,0.8731
2016-11-16,56729.6016,57206.6016,56707.0,56846.5,0.432
2016-11-17,56682.1016,56983.1016,56213.4023,56515.3008,-0.5826
2016-11-18,56572.3008,56999.1016,55824.6992,56016.6992,-0.8822
2016-11-21,55947.4023,56799.1016,55947.4023,56415.1992,0.7114
2016-11-22,56539.5,57554.8008,56539.5,57554.8008,2.02
2016-11-23,57582.1016,58182.8008,57571.6992,57871.6016,0.5504
2016-11-24,57846.9023,58327.3008,57685.6016,57975.0,0.1787
2016-11-25,57934.6016,58374.6016,57547.5,58374.6016,0.6893
2016-11-28,58626.9023,59242.6992,58614.0,58987.1016,1.0493
2016-11-29,58764.6992,59621.1016,58746.3008,59491.1992,0.8546
2016-11-30,59250.4023,59965.1992,58812.0,59064.8008,-0.7167
2016-12-01,59137.5,59678.9023,58927.6992,59245.8008,0.3064
2016-12-02,59153.5,59463.8008,58182.6016,58326.8008,-1.5512
2016-12-05,57466.3008,58474.9023,57039.9023,57191.1992,-1.947
2016-12-06,57271.4023,57526.8008,56026.6016,56090.4023,-1.9248
2016-12-07,56088.4023,56173.6992,55566.1992,55808.3008,-0.5029
2016-12-08,55829.3008,56047.3008,54674.9023,54783.4023,-1.8365
2016-12-09,54682.1992,54900.1992,54169.1992,54407.0,-0.6871
2016-12-12,54389.1992,54512.6992,52885.4023,53118.1016,-2.369
2016-12-13,52873.8008,53274.9023,52561.8008,52924.3008,-0.3648
2016-12-14,52781.1016,53063.5,52096.1992,52185.3008,-1.3963
2016-12-15,51953.9023,52893.1992,51768.1992,52092.6016,-0.1776
2016-12-16,52071.0,52652.6992,51685.9023,51785.6992,-0.5891
2016-12-19,51844.5,52069.6992,50810.9023,50932.0,-1.6485
2016-12-20,50842.5,50935.3008,49675.4023,49934.1016,-1.9593
2016-12-21,50050.6992,50378.0,49672.4023,49896.1016,-0.0761
2016-12-22,49815.1016,49971.8008,49102.5,49216.0,-1.363
2016-12-23,49167.1016,49243.4023,48031.6992,48094.5,-2.2787
2016-12-26,47894.6016,47953.6016,47298.8008,47786.0,-0.6414
2016-12-27,47736.6992,47984.3008,47026.6992,47059.6992,-1.5199
2016-12-28,47041.6992,47203.5,45950.5,46112.1016,-2.0136
2016-12-29,46098.5,46230.8008,45244.3008,45325.6992,-1.7054
2016-12-30,45402.1016,45544.8008,44292.8008,44563.4023,-1.6818
2017-01-03,44745.3008,45234.8008,44506.3008,44623.9023,0.1358
2017-01-04,44634.1016,45366.0,44612.1992,45366.0,1.663
2017-01-05,45325.4023,45756.3008,45315.0,45503.3008,0.3027
2017-01-06,45466.0,45802.8008,45143.1992,45271.9023,-0.5085
2017-01-09,45169.9023,45603.6992,45169.9023,45434.5,0.3592
2017-01-10,45389.6016,45676.6992,45054.1016,45188.5,-0.5414
2017-01-11,45072.1016,45406.9023,44438.0,44472.8008,-1.5838
2017-01-12,44412.5,44647.1016,43539.4023,43626.5,-1.903
2017-01-13,43622.8008,43694.3008,42540.4023,42783.1992,-1.933
2017-01-16,42623.1992,42729.6016,40974.0,42678.0,-0.2459
2017-01-17,42429.9023,42751.4023,41709.1016,42749.9023,0.1685
2017-01-18,42604.1016,42911.1992,41938.8008,41970.3008,-1.8236
2017-01-19,41766.0,42018.6016,40890.3008,40991.3008,-2.3326
2017-01-20,40912.5,41534.1992,40895.4023,40996.0,0.0115
2017-01-23,41146.4023,41658.8008,40807.8008,40927.9023,-0.1661
2017-01-24,40902.9023,40960.9023,40151.8008,40207.4023,-1.7604
2017-01-25,40120.0,40315.8008,39490.0,39574.3008,-1.5746
2017-01-26,39635.8008,39782.9023,38876.1992,39007.0,-1.4335
2017-02-03,39164.6992,39169.6992,38035.9023,38068.1016,
2017-02-06,38086.9023,38444.0,38067.6992,38263.6992,0.5138
2017-02-07,38197.4023,38550.4023,38125.6992,38299.9023,0.0946
2017-02-08,38184.3008,38820.1992,38171.9023,38820.1992,1.3585
2017-02-09,38781.3008,39809.5,38781.3008,39809.5,2.5484
2017-02-10,39807.3008,40762.6016,39799.5,40762.6016,2.3942
2017-02-13,40830.5,41897.8008,40830.5,41897.8008,2.7849
2017-02-14,41881.5,42299.5,41872.3008,42193.8008,0.7065
2017-02-15,42100.0,42708.9023,42100.0,42656.1992,1.0959
2017-02-16,42597.6992,43240.0,42597.6992,43218.3008,1.3177
2017-02-17,43237.4023,43823.1016,43237.4023,43412.5,0.4493
2017-02-20,43412.3008,44517.5,43412.3008,44517.5,2.5453
2017-02-21,44496.0,45371.1016,44496.0,45371.1016,1.9175
2017-02-22,45365.5,46048.0,45362.6992,46048.0,1.4919
2017-02-23,45991.8008,46450.1016,45980.9023,46450.1016,0.8732
2017-02-24,46351.3008,46753.6016,46345.4023,46678.1992,0.4911
2017-02-27,46657.8008,47036.8008,46290.6992,46435.4023,-0.5202
2017-02-28,46447.1016,46743.5,46086.9023,46369.8008,-0.1413
2017-03-01,46336.0,47009.4023,46304.8008,46792.3008,0.9112
2017-03-02,46869.1992,47138.6016,46489.3008,46624.1016,-0.3595
2017-03-03,46400.9023,46882.1016,46312.6992,46487.9023,-0.2921
2017-03-06,46481.0,47138.5,46481.0,47044.9023,1.1982
2017-03-07,47085.8008,47524.4023,47073.6016,47327.0,0.5996
2017-03-08,47290.6992,47583.5,46862.8008,47045.6016,-0.5946
2017-03-09,46913.1016,47106.0,46362.1992,46567.3008,-1.0167
2017-03-10,46527.5,46742.9023,46087.0,46207.8008,-0.772
2017-03-13,46175.6992,46746.9023,46086.4023,46746.9023,1.1667
2017-03-14,46741.0,47175.3008,46434.0,46613.4023,-0.2856
2017-03-15,46489.9023,46806.6992,46262.8008,46410.1016,-0.4361
2017-03-16,46580.4023,47518.6016,46580.4023,47518.6016,2.3885
2017-03-17,47579.4023,48110.6016,47578.9023,47813.3008,0.6202
2017-03-20,47861.3008,48313.8008,47606.9023,48042.6992,0.4798
2017-03-21,48005.1016,48354.8008,47906.0,48216.5,0.3618
2017-03-22,47881.8008,48512.5,47854.5,48451.4023,0.4872
2017-03-23,48535.1016,49041.0,48280.6992,49028.8008,1.1917
2017-03-24,48997.8008,49714.3008,48996.6016,49714.3008,1.3982
2017-03-27,49752.6016,50381.3008,49752.6016,49877.6992,0.3287
2017-03-28,49807.1992,50094.1992,49284.1016,49339.9023,-1.0782
2017-03-29,49342.9023,49658.3008,49186.1992,49223.5,-0.2359
2017-03-30,49049.1992,49459.5,48789.6016,48957.5,-0.5404
2017-03-31,48946.1016,49341.6992,48412.8008,48739.8008,-0.4447
2017-04-05,48997.1016,50495.6992,48997.1016,50495.6992,3.6026
2017-04-06,50595.9023,51263.9023,50578.3008,51187.8008,1.3706
2017-04-07,51124.6992,51760.0,51124.0,51649.1992,0.9014
2017-04-10,51630.5,52501.8008,51630.5,52209.6016,1.085
2017-04-11,52148.5,54190.6016,52148.5,54190.6016,3.7943
2017-04-12,54101.3008,55030.5,54101.3008,54385.6016,0.3598
2017-04-13,54196.4023,54913.6016,54099.0,54262.9023,-0.2256
2017-04-14,54330.0,54485.1016,53188.0,53352.6992,-1.6774
2017-04-17,52931.8008,53525.3008,52014.0,52356.3008,-1.8676
2017-04-18,52339.1016,52666.3008,51432.1016,51549.1016,-1.5417
2017-04-19,51253.9023,51442.1016,50638.5,51060.6016,-0.9476
2017-04-20,51070.5,51419.1016,50175.3008,50591.3008,-0.9191
2017-04-21,50547.6992,50786.3008,49241.4023,49366.6016,-2.4208
2017-04-24,49220.8008,49220.8008,47629.6992,47714.1016,-3.3474
2017-04-25,47791.1016,48268.0,47287.1016,47384.6992,-0.6904
2017-04-26,47264.1992,47820.6016,47202.6016,47427.5,0.0903
2017-04-27,47190.3008,48071.5,47030.9023,47991.0,1.1881
2017-04-28,47828.3008,48498.9023,47647.9023,47771.6016,-0.4572
2017-05-02,47695.1016,48092.5,47201.3008,47355.6016,-0.8708
2017-05-03,47281.4023,47538.1992,46563.0,46681.8008,-1.4229
2017-05-04,46422.6016,46966.3008,46225.9023,46345.6992,-0.72
2017-05-05,46097.6992,46438.6016,45391.0,45464.6992,-1.9009
2017-05-08,45234.5,45434.0,44071.3008,44148.9023,-2.8941
2017-05-09,43855.6016,44310.1992,43554.8008,43768.1992,-0.8623
2017-05-10,43743.6016,44092.1992,42610.4023,42686.6992,-2.471
2017-05-11,42407.8008,43010.6992,41812.8008,43010.6992,0.759
2017-05-12,42913.3008,43119.3008,42486.0,42666.3008,-0.8007
2017-05-15,42799.1016,43077.3008,42141.0,42193.4023,-1.1084
2017-05-16,42005.8008,43360.9023,41970.6016,43360.9023,2.767
2017-05-17,43403.8008,44271.9023,43403.8008,43727.8008,0.8462
2017-05-18,43240.1992,43849.1992,42733.6016,42918.3008,-1.8512
2017-05-19,42941.8008,43155.6016,42156.4023,42285.0,-1.4756
2017-05-22,42135.1992,42481.6992,41125.6992,41373.6016,-2.1554
2017-05-23,41243.5,41527.8008,40461.3008,40642.0,-1.7683
2017-05-24,40287.3008,41076.5,40043.8008,40556.6992,-0.2099
2017-05-25,40398.4023,41235.8008,40096.1992,41235.8008,1.6744
2017-05-26,41280.1016,41862.1016,40965.0,41057.6992,-0.4319
2017-05-31,41547.8008,41876.1016,40803.9023,40892.5,-0.4024
2017-06-01,40673.6016,40853.8008,39840.1992,39999.1016,-2.1847
2017-06-02,39786.1016,40160.1016,39562.9023,40105.3008,0.2655
2017-06-05,40128.6016,40584.6016,39751.5,39829.3008,-0.6882
2017-06-06,39654.1992,39918.9023,39073.1992,39367.1992,-1.1602
2017-06-07,39409.1992,40871.6016,39397.6992,40871.6016,3.8215
2017-06-08,40789.6016,41344.1992,40789.6016,41130.6016,0.6337
2017-06-09,41100.8008,41532.9023,41100.8008,41388.6992,0.6275
2017-06-12,41150.6016,41668.1016,40858.8008,40978.8008,-0.9904
2017-06-13,40883.1016,41339.1992,40883.1016,41195.8008,0.5295
2017-06-14,41103.9023,41495.6016,40819.4023,40936.5,-0.6294
2017-06-15,40876.6992,41562.4023,40876.6992,41462.8008,1.2857
2017-06-16,41410.1992,41684.1016,41047.8008,41121.4023,-0.8234
2017-06-19,41113.1992,41466.0,40925.0,41151.1016,0.0722
2017-06-20,41271.9023,41516.1016,41096.9023,41267.1992,0.2821
2017-06-21,41380.0,41759.3008,41071.1992,41461.4023,0.4706
2017-06-22,41386.0,41912.1992,41382.5,41582.6992,0.2926
2017-06-23,41479.6016,41856.0,41108.8008,41856.0,0.6572
2017-06-26,41906.9023,42938.0,41906.9023,42938.0,2.5851
2017-06-27,42899.6016,43327.9023,42699.1016,42896.6016,-0.0964
2017-06-28,42803.4023,42995.5,42326.5,42446.8008,-1.0486
2017-06-29,42499.6992,42748.3008,42205.0,42353.8008,-0.2191
2017-06-30,42164.4023,42402.1016,41835.5,41983.4023,-0.8745
2017-07-03,42085.1992,42291.5,41956.4023,42170.3008,0.4452
2017-07-04,42139.8008,42430.6016,41851.6016,42022.9023,-0.3495
2017-07-05,41951.8008,42601.5,41951.8008,42601.5,1.3769
2017-07-06,42560.1016,43331.0,42560.1016,43331.0,1.7124
2017-07-07,43245.4023,43957.0,43245.4023,43957.0,1.4447
2017-07-10,43895.3008,44642.9023,43895.3008,44464.1016,1.1536
2017-07-11,44371.0,44838.6016,44233.6016,44376.0,-0.1981
2017-07-12,44400.9023,44731.1016,44155.1992,44731.1016,0.8002
2017-07-13,44693.4023,45090.1992,44669.1992,44958.9023,0.5093
2017-07-14,44849.0,45205.0,44352.9023,44615.8008,-0.7631
2017-07-17,44467.4023,44861.6016,43219.0,44289.5,-0.7314
2017-07-18,44076.1016,44780.0,44076.1016,44780.0,1.1075
2017-07-19,44701.6992,46579.3008,44701.6992,46579.3008,4.0181
2017-07-20,46489.5,47517.5,46489.5,47328.1992,1.6078
2017-07-21,47190.6992,47792.3008,47099.8008,47303.5,-0.0522
2017-07-24,47229.6992,48069.1016,47229.6992,47892.3008,1.2447
2017-07-25,47812.8008,48242.5,47283.4023,47595.3008,-0.6201
2017-07-26,47708.0,47939.5,47319.3008,47685.4023,0.1893
2017-07-27,47616.6016,48593.1992,47506.3008,48593.1992,1.9037
2017-07-28,48433.4023,48994.6992,48433.4023,48646.1992,0.1091
2017-07-31,48673.1992,49817.3008,48673.1992,49817.3008,2.4074
2017-08-01,49800.8008,50554.3008,49800.8008,50334.3008,1.0378
2017-08-02,50482.9023,51227.6016,50482.9023,50945.5,1.2143
2017-08-03,50796.6016,51690.3008,50767.3008,51100.1992,0.3037
2017-08-04,51109.1992,51844.3008,51056.6992,51128.6016,0.0556
2017-08-07,51134.9023,51700.3008,51066.8008,51348.0,0.4291
2017-08-08,51384.3008,52005.3008,51254.6016,51553.6016,0.4004
2017-08-09,51543.1016,51896.8008,51326.6016,51724.0,0.3305
2017-08-10,51485.6016,52020.4023,51237.1016,51423.6016,-0.5808
2017-08-11,50861.1016,51469.6992,50085.9023,50357.3008,-2.0736
2017-08-14,50529.9023,51136.1992,50490.4023,51136.1992,1.5467
2017-08-15,51124.6016,51692.8008,50797.1992,50979.4023,-0.3066
2017-08-16,50922.8008,51097.9023,50642.4023,50841.6016,-0.2703
2017-08-17,51054.5,51475.3008,51054.5,51416.8008,1.1314
2017-08-18,50988.6992,51609.9023,50856.6016,50996.0,-0.8184
2017-08-21,51186.5,51656.8008,50989.1992,51162.6016,0.3267
2017-08-22,51105.8008,51390.8008,50581.8008,50792.0,-0.7244
2017-08-23,50617.3008,50961.6992,49767.3008,49868.6016,-1.818
2017-08-24,49895.9023,49970.3008,48696.0,48858.1992,-2.0261
2017-08-25,48886.9023,49413.6016,48886.9023,49413.6016,1.1368
2017-08-28,49684.6016,51393.3008,49684.6016,51393.3008,4.0064
2017-08-29,51319.8008,52124.9023,51293.5,51520.6992,0.2479
2017-08-30,51521.6016,52191.0,51521.6016,52085.5,1.0963
2017-08-31,52099.8008,52522.6016,52099.8008,52400.0,0.6038
2017-09-01,52346.8008,53505.0,52346.8008,53505.0,2.1088
2017-09-04,53609.4023,54508.0,53609.4023,54508.0,1.8746
2017-09-05,54436.6992,54903.1016,54388.8008,54550.3008,0.0776
2017-09-06,54373.1016,55090.0,54261.8008,55079.1016,0.9694
2017-09-07,55090.8008,55698.6992,54966.1016,55103.5,0.0443
2017-09-08,55164.6016,55669.8008,54689.6016,55058.6016,-0.0815
2017-09-11,55137.8008,55916.8008,55137.8008,55875.6016,1.4839
2017-09-12,56033.6992,57248.8008,56033.6992,57062.1992,2.1236
2017-09-13,56984.6992,57491.9023,56772.8008,57018.5,-0.0766
2017-09-14,57012.1992,57567.1016,56584.4023,56821.5,-0.3455
2017-09-15,56695.6992,57011.8008,55999.1016,56201.8008,-1.0906
2017-09-18,56184.5,56975.9023,55933.1992,56242.1016,0.0717
2017-09-19,56282.8008,56554.4023,55357.3008,55667.1992,-1.0222
2017-09-20,55597.3008,56052.4023,55594.8008,55978.0,0.5583
2017-09-21,55968.6016,56315.1016,55133.6992,55154.5,-1.4711
2017-09-22,54877.1992,55259.3008,54177.3008,54334.6016,-1.4865
2017-09-25,54203.1992,54492.1016,52880.1992,53025.1016,-2.4101
2017-09-26,53047.1016,53308.3008,51901.6016,52235.1992,-1.4897
2017-09-27,52225.0,52640.6016,51809.4023,51893.4023,-0.6543
2017-09-28,51806.9023,52018.1992,51051.1992,51108.9023,-1.5118
2017-09-29,51252.8008,51615.4023,50626.1016,50835.4023,-0.5351
2017-10-09,51905.8008,52399.4023,51776.1992,51952.4023,
2017-10-10,51932.4023,52456.9023,51931.9023,52406.5,0.8741
2017-10-11,52336.9023,52927.0,52333.9023,52485.9023,0.1515
2017-10-12,52428.0,52756.6992,51695.4023,52172.4023,-0.5973
2017-10-13,52181.4023,52405.5,51830.6016,52012.1992,-0.3071
2017-10-16,51986.6992,52416.3008,51546.9023,51568.6992,-0.8527
2017-10-17,51453.9023,51678.6992,50520.9023,50661.1992,-1.7598
2017-10-18,50715.4023,50842.8008,49611.4023,49927.4023,-1.4484
2017-10-19,49835.3008,50023.4023,48958.5,49155.5,-1.546
2017-10-20,49064.0,49467.1016,48626.6016,48771.5,-0.7812
2017-10-23,48806.1016,49097.1992,48301.1992,48396.3008,-0.7693
2017-10-24,48282.9023,48600.1992,47682.0,47916.6016,-0.9912
2017-10-25,47880.8008,48243.1992,47464.1992,47724.1016,-0.4017
2017-10-26,47680.4023,48585.1016,47665.6992,48460.3008,1.5426
2017-10-27,48408.1992,48858.5,48168.4023,48342.8008,-0.2425
2017-10-30,48261.1016,48710.6992,47890.5,48406.4023,0.1316
2017-10-31,48314.5,48776.3008,48210.1016,48585.6992,0.3704
2017-11-01,48574.1016,49263.1992,48568.6016,48752.6016,0.3435
2017-11-02,48641.5,49039.0,48213.0,48351.9023,-0.8219
2017-11-03,48277.9023,48667.5,47590.3008,48091.6016,-0.5383
2017-11-06,48092.6992,48797.3008,48092.6992,48797.3008,1.4674
2017-11-07,48825.8008,49654.9023,48825.8008,49650.1992,1.7478
2017-11-08,49548.1016,50472.3008,49547.6992,50259.0,1.2262
2017-11-09,50257.5,50688.1016,50053.0,50538.0,0.5551
2017-11-10,50440.1992,51391.1992,50440.1992,51391.1992,1.6882
2017-11-13,51415.9023,52473.8008,51415.9023,52473.8008,2.1066
2017-11-14,52412.5,53044.1016,52333.1016,52694.0,0.4196
2017-11-15,52433.9023,52908.4023,52017.3008,52185.1016,-0.9658
2017-11-16,52104.8008,52665.4023,51977.4023,52166.1016,-0.0364
2017-11-17,52059.4023,52552.1016,51558.6016,52024.1016,-0.2722
2017-11-20,51732.1992,52601.1016,51353.0,52588.8008,1.0855
2017-11-21,52426.6992,53542.3008,52426.6992,53488.1016,1.7101
2017-11-22,53543.1992,54394.4023,53400.8008,53925.6992,0.8181
2017-11-23,53669.0,54099.6992,52453.9023,52686.3008,-2.2983
2017-11-24,52485.5,53152.4023,52042.4023,52124.0,-1.0673
2017-11-27,51967.6992,52136.1992,50575.8008,50769.4023,-2.5988
2017-11-28,50694.6992,51215.1016,50117.9023,50629.4023,-0.2758
2017-11-29,50673.6016,50870.6016,50172.4023,50558.6992,-0.1396
2017-11-30,50325.5,50847.3008,49334.6992,49560.5,-1.9743
2017-12-01,49533.9023,50126.1016,49127.6016,49210.6992,-0.7058
2017-12-04,49145.3008,49553.6016,48411.6992,48514.8008,-1.4141
2017-12-05,48390.0,48661.1016,47614.6016,48048.5,-0.9612
2017-12-06,47885.4023,48313.0,46925.6992,47966.1992,-0.1713
2017-12-07,47749.4023,48058.0,46649.6992,46791.1016,-2.4498
2017-12-08,46676.1992,47258.1016,46652.4023,46736.1016,-0.1175
2017-12-11,46888.1992,47440.6992,46886.3008,47181.1992,0.9524
2017-12-12,47144.4023,47375.1016,46144.9023,46168.6992,-2.146
2017-12-13,46073.3008,46327.1016,45519.6016,45832.9023,-0.7273
2017-12-14,45779.6992,45975.9023,45089.6992,45267.3008,-1.2341
2017-12-15,45129.1016,45317.1016,44245.1016,44439.0,-1.8298
2017-12-18,44438.3008,44714.5,43462.0,43629.6992,-1.8211
2017-12-19,43645.0,44025.5,43314.6016,43522.5,-0.2457
2017-12-20,43473.9023,43611.8008,42839.6992,42984.5,-1.2361
2017-12-21,42907.1992,43434.6992,42859.0,43311.6016,0.761
2017-12-22,43259.4023,43629.8008,42656.8008,42759.3008,-1.2752
2017-12-25,42790.5,43101.4023,42192.4023,42372.8008,-0.9039
2017-12-26,42288.4023,42560.0,42049.6016,42369.6992,-0.0073
2017-12-27,42284.5,42739.5,41953.5,42105.4023,-0.6238
2017-12-28,42053.6016,42675.6992,42053.6016,42606.8008,1.1908
2017-12-29,42677.5,43081.8008,42393.9023,42619.4023,0.0296
2018-01-02,42740.5,43777.9023,42740.5,43777.9023,2.7182
2018-01-03,43842.1016,45263.1016,43827.5,45263.1016,3.3926
2018-01-04,45230.1016,46140.9023,45227.0,46140.9023,1.9393
2018-01-05,46160.9023,46718.3008,46160.9023,46649.8008,1.1029
2018-01-08,46704.8008,47959.8008,46704.8008,47959.8008,2.8082
2018-01-09,47904.5,48450.6992,47887.9023,48347.0,0.8073
2018-01-10,48319.0,48896.6992,48300.5,48741.5,0.816
2018-01-11,48565.3008,49091.9023,48543.9023,48945.5,0.4185
2018-01-12,48882.6992,49390.1992,48638.1992,48771.0,-0.3565
2018-01-15,48705.1992,49406.3008,48589.4023,48970.8008,0.4097
2018-01-16,48849.4023,50030.1992,48849.4023,50030.1992,2.1633
2018-01-17,49981.8008,51144.0,49981.8008,50891.5,1.7216
2018-01-18,50904.4023,51590.6016,50904.4023,51134.9023,0.4783
2018-01-19,51234.0,52078.6016,51221.5,51586.3008,0.8828
2018-01-22,51533.8008,52560.3008,51533.8008,52451.0,1.6762
2018-01-23,52588.9023,53210.0,52588.9023,53123.8008,1.2827
2018-01-24,53171.1016,54315.6016,53171.1016,54315.6016,2.2434
2018-01-25,54194.5,55074.1992,54181.8008,54600.3008,0.5242
2018-01-26,54403.1016,54902.1016,54309.1016,54502.6016,-0.1789
2018-01-29,54709.3008,55248.0,54052.1016,54304.8008,-0.3629
2018-01-30,54188.0,54531.3008,53183.1016,53309.3008,-1.8332
2018-01-31,52927.1016,53371.6016,52401.8008,52660.9023,-1.2163
2018-02-01,52648.3008,52943.3008,51728.1016,52038.6016,-1.1817
2018-02-02,51505.0,52520.6016,51069.3008,52116.4023,0.1495
2018-02-05,51587.9023,52373.4023,51263.1016,51931.9023,-0.354
2018-02-06,50782.1016,51655.3008,50446.9023,50571.4023,-2.6198
2018-02-07,51694.3008,51905.9023,50330.5,50578.4023,0.0138
2018-02-08,50300.5,51323.4023,49893.1992,50269.5,-0.6107
2018-02-09,48854.4023,49483.5,47829.1016,48665.9023,-3.19
2018-02-12,49002.5,49599.8008,48837.4023,48903.9023,0.489
2018-02-13,49334.3008,49988.4023,48354.6016,48392.6016,-1.0455
2018-02-14,48490.8008,48566.1016,47002.4023,47033.1992,-2.8091
2018-02-22,47751.4023,48255.6016,47257.6992,47349.1016,
2018-02-23,47370.9023,47812.3008,46701.5,46801.6992,-1.1561
2018-02-26,47294.1992,47992.6992,47253.9023,47989.0,2.5369
2018-02-27,47763.6992,48236.6016,47509.8008,47618.9023,-0.7712
2018-02-28,47054.0,47928.0,47019.1992,47397.6016,-0.4647
2018-03-01,46993.4023,47834.5,46993.4023,47785.8008,0.819
2018-03-02,47389.8008,48177.0,47110.6016,47144.1016,-1.3429
2018-03-05,47368.1016,47598.6992,46614.9023,46855.8008,-0.6115
2018-03-06,47027.6016,47908.6016,47022.5,47908.6016,2.2469
2018-03-07,47797.3008,48346.3008,47170.4023,47283.6016,-1.3046
2018-03-08,47278.8008,47602.1016,46933.8008,47197.6016,-0.1819
2018-03-09,47269.3008,48202.1016,47269.3008,48202.1016,2.1283
2018-03-12,48665.6016,49972.8008,48665.6016,49972.8008,3.6735
2018-03-13,49838.6992,50398.8008,49625.1016,49734.0,-0.4779
2018-03-14,49526.3008,50003.6016,48984.4023,49055.6016,-1.3641
2018-03-15,48952.8008,49340.6016,48239.6992,48661.0,-0.8044
2018-03-16,48693.5,49029.8008,47713.3008,47741.1016,-1.8904
2018-03-19,47674.3008,48175.5,47212.3008,47355.0,-0.8087
2018-03-20,46897.8008,47474.1016,46897.8008,47060.1016,-0.6227
2018-03-21,47260.5,47844.6016,46619.1016,46833.5,-0.4815
2018-03-22,46907.1016,47183.4023,46238.8008,46397.5,-0.931
2018-03-23,44783.5,46179.5,44722.8008,45812.3008,-1.2613
2018-03-26,45274.3008,46693.1992,45142.3008,46693.1992,1.9228
2018-03-27,47386.4023,48388.1016,47386.4023,48321.4023,3.487
2018-03-28,47884.9023,48818.9023,47653.6016,47917.5,-0.8359
2018-03-29,48230.8008,48516.0,48095.6016,48504.0,1.224
2018-03-30,48772.5,49350.6016,48754.1016,49307.4023,1.6564
2018-04-02,49530.1016,50547.8008,49530.1016,50043.1992,1.4923
2018-04-03,49255.8008,50001.1992,49046.3008,49476.0,-1.1334
2018-04-04,49800.8008,50077.1016,48800.5,48914.4023,-1.1351
2018-04-09,48903.5,49334.9023,48431.0,48658.6016,-0.523
2018-04-10,48789.6992,49186.0,48396.5,48890.1016,0.4758
2018-04-11,49083.5,49629.1016,48851.6016,49002.3008,0.2295
2018-04-12,48885.6016,49206.6992,48004.1992,48086.6016,-1.8687
2018-04-13,48421.6016,48569.9023,47112.3008,47173.6992,-1.8985
2018-04-16,47073.5,47570.5,46534.6992,46875.6016,-0.6319
2018-04-17,47022.3008,47236.9023,45672.5,45759.6992,-2.3806
2018-04-18,45856.1016,46708.1016,45620.4023,46664.6016,1.9775
2018-04-19,46647.6016,47485.4023,46638.3008,46991.5,0.7005
2018-04-20,46678.0,47213.6992,45718.5,45860.8008,-2.4062
2018-04-23,45893.0,46456.1992,44708.6016,45212.5,-1.4136
2018-04-24,45303.4023,46475.1016,45303.4023,46357.6016,2.5327
2018-04-25,46094.8008,46812.3008,45938.6992,46072.0,-0.6161
2018-04-26,46016.3008,46203.8008,44866.1992,44963.6016,-2.4058
2018-04-27,45313.6016,45578.0,44717.8008,44792.9023,-0.3796
2018-05-02,44946.1992,45384.5,44129.4023,44369.6992,-0.9448
2018-05-03,44251.1992,44713.6992,43996.1992,44713.6992,0.7753
2018-05-04,44547.6992,44987.4023,43946.0,43978.3008,-1.6447
2018-05-07,44130.1016,44906.3008,44111.9023,44835.1992,1.9485
2018-05-08,44866.3008,45461.9023,44866.3008,45251.4023,0.9283
2018-05-09,45178.1992,45491.6016,44514.1992,44736.8008,-1.1372
2018-05-10,44899.1016,45145.4023,44331.6992,44716.6992,-0.0449
2018-05-11,44804.3008,45045.4023,44076.6992,44122.1016,-1.3297
2018-05-14,44208.1992,44687.1992,43708.9023,43925.1992,-0.4463
2018-05-15,44040.6016,44274.9023,43550.1992,44025.4023,0.2281
2018-05-16,43837.4023,44296.0,43516.9023,43603.1016,-0.9592
2018-05-17,43576.9023,43752.3008,42683.6016,42776.5,-1.8957
2018-05-18,42749.4023,42920.1016,42154.5,42656.9023,-0.2796
2018-05-21,43053.8008,43676.1992,43053.8008,43494.3008,1.9631
2018-05-22,43453.6992,43781.3008,43264.1016,43635.0,0.3235
2018-05-23,43461.6992,43928.1016,43137.6016,43210.0,-0.974
2018-05-24,43196.9023,43478.1992,42579.3008,42704.0,-1.171
2018-05-25,42682.1016,42881.1016,41960.9023,42101.6016,-1.4106
2018-05-28,42193.5,42553.9023,41715.6992,41826.6992,-0.6529
2018-05-29,41723.1016,42198.6992,41298.9023,41389.1992,-1.046
2018-05-30,40611.0,41335.3008,40292.8008,40442.8008,-2.2866
2018-05-31,40993.6016,41377.6016,40805.9023,41377.6016,2.3114
2018-06-01,41132.1016,41640.1992,40405.4023,40642.6016,-1.7763
2018-06-04,40883.6992,41097.6016,40260.3008,40329.4023,-0.7706
2018-06-05,40351.9023,40889.3008,40351.9023,40889.3008,1.3883
2018-06-06,40816.6016,41241.6016,40546.1016,40657.8008,-0.5662
2018-06-07,40666.1992,41083.4023,40131.0,40196.8008,-1.1339
2018-06-08,40043.6992,40227.0,39261.6016,39571.1992,-1.5563
2018-06-11,39477.3008,39810.9023,38802.6992,38929.4023,-1.6219
2018-06-12,39037.6016,39182.9023,38770.3008,39177.5,0.6373
2018-06-13,39033.5,39415.1992,38274.0,38362.1016,-2.0813
2018-06-14,38135.3008,38750.4023,37618.9023,37759.0,-1.5721
2018-06-15,37703.9023,37888.1992,36937.8008,37099.1016,-1.7477
2018-06-19,36353.9023,36819.6992,35641.6016,36274.1992,-2.2235
2018-06-20,36031.5,36968.8008,35999.9023,36711.0,1.2042
2018-06-21,36632.1992,37256.0,35930.6992,35978.9023,-1.9942
2018-06-22,35537.4023,36512.1016,35516.6016,36091.8008,0.3138
2018-06-25,36475.6992,36706.1992,35539.8008,35582.4023,-1.4114
2018-06-26,35035.1016,36173.4023,35035.1016,35675.3008,0.2611
2018-06-27,35742.6016,36047.0,34964.1016,35178.3008,-1.3931
2018-06-28,35017.6992,35558.3008,34326.1016,34428.1992,-2.1323
2018-06-29,34614.1992,35546.4023,34511.4023,35546.4023,3.2479
2018-07-02,35688.1016,36049.4023,34839.6016,35213.5,-0.9365
2018-07-03,35322.1016,35975.0,34820.6016,35975.0,2.1625
2018-07-04,35751.9023,36054.5,34898.6016,35064.1016,-2.532
2018-07-05,35007.5,35319.5,34003.5,34133.6016,-2.6537
2018-07-06,34137.6016,35003.9023,33664.9023,34481.5,1.0192
2018-07-09,34701.9023,35354.0,34660.9023,35253.5,2.2389
2018-07-10,35290.1016,35747.9023,34948.6992,35288.3008,0.0987
2018-07-11,34542.4023,35223.8008,34122.6016,34601.0,-1.9477
2018-07-12,34654.4023,36084.1016,34654.4023,36061.9023,4.2221
2018-07-13,36071.8008,36519.6992,36028.8008,36185.1992,0.3419
2018-07-16,36210.3008,36512.1992,35821.1016,35931.9023,-0.7
2018-07-17,35833.0,35972.6992,35091.9023,35545.1992,-1.0762
2018-07-18,35661.0,35930.1016,35081.5,35105.5,-1.237
2018-07-19,35132.8008,35483.1992,34417.6016,34549.6992,-1.5832
2018-07-20,34484.1992,35120.3008,34379.8008,35113.6992,1.6324
2018-07-23,34859.6016,35997.1016,34859.1992,35997.1016,2.5158
2018-07-24,36107.5,37782.1992,36107.5,37782.1992,4.959
2018-07-25,37840.6992,38416.1992,37828.8008,38000.4023,0.5775
2018-07-26,38013.6016,38323.6016,37528.4023,37673.1016,-0.8613
2018-07-27,37641.0,37889.5,36973.9023,37023.5,-1.7243
2018-07-30,37000.1016,37401.1016,36168.1016,36430.9023,-1.6006
2018-07-31,36368.5,36626.1016,35618.1992,35811.9023,-1.6991
2018-08-01,36021.1016,36376.6992,35083.6992,35152.6016,-1.841
2018-08-02,34989.3008,35097.3008,34044.1016,34845.9023,-0.8725
2018-08-03,34726.8008,34990.1992,33818.1992,33825.6992,-2.9278
2018-08-06,33667.8008,34162.9023,32702.5996,32931.3008,-2.6441
2018-08-07,33107.9023,33932.0,32871.8008,33932.0,3.0387
2018-08-08,33772.8008,34123.6016,33112.8008,33161.9023,-2.2695
2018-08-09,33080.3008,34466.5,32972.1992,34277.9023,3.3653
2018-08-10,34278.3008,34855.5,34038.8008,34200.1016,-0.227
2018-08-13,33707.3008,34290.6992,33707.3008,34218.9023,0.055
2018-08-14,34139.1016,34436.6992,33515.9023,33588.5,-1.8423
2018-08-15,33581.4023,33633.4023,32489.7012,32550.2012,-3.0912
2018-08-16,32218.5996,32986.3008,31885.8008,31938.3008,-1.8799
2018-08-17,32289.3008,32410.5996,30973.0996,31084.3008,-2.6739
2018-08-20,31165.5,31453.7012,30507.0996,31206.7012,0.3938
2018-08-21,31208.8008,31851.0996,31195.4004,31553.5,1.1113
2018-08-22,31472.0996,31721.9004,30687.5996,30712.5,-2.6653
2018-08-23,30761.2012,31088.0,30410.4004,30625.7012,-0.2826
2018-08-24,30521.0996,30730.5,30089.8008,30153.7012,-1.5412
2018-08-27,30257.8008,31232.2012,30257.8008,31232.2012,3.5767
2018-08-28,31283.3008,31705.3008,31097.0996,31253.5,0.0682
2018-08-29,31181.8008,31387.9004,30619.0,30708.2012,-1.7448
2018-08-30,30719.8008,30857.9004,29903.0,29967.8008,-2.4111
2018-08-31,29788.8008,30045.0996,29298.4004,29355.9004,-2.0419
2018-09-03,29304.4004,29373.0,28866.4004,29189.2012,-0.5679
2018-09-04,29145.9004,29530.2012,28968.9004,29517.3008,1.124
2018-09-05,29383.5,29719.2012,28873.9004,28891.0996,-2.1215
2018-09-06,28779.4004,29253.5,28427.3008,28557.0996,-1.1561
2018-09-07,28560.4004,29254.2012,28434.2012,28578.2012,0.0739
2018-09-10,28590.5996,28712.0,27890.5,27920.9004,-2.3
2018-09-11,27923.4004,28149.5,27495.2012,27622.0,-1.0705
2018-09-12,27594.2012,27921.9004,27127.0996,27192.0,-1.5567
2018-09-13,27614.4004,27735.5,27074.5996,27450.3008,0.9499
2018-09-14,27457.2012,27704.0996,27050.4004,27098.2012,-1.2827
2018-09-17,26857.9004,27088.2012,26345.3008,26356.4004,-2.7375
2018-09-18,26269.4004,26976.4004,26176.5996,26976.4004,2.3524
2018-09-19,26908.4004,28054.2012,26908.4004,27916.4004,3.4845
2018-09-20,27918.2012,28349.3008,27715.7012,27785.5,-0.4689
2018-09-21,27912.7012,28871.2012,27830.0,28871.2012,3.9074
2018-09-25,28629.9004,29241.4004,28545.3008,28595.0,-0.9567
2018-09-26,28689.9004,29379.9004,28674.5996,29229.5996,2.2193
2018-09-27,29155.3008,29501.4004,28941.0996,28971.5,-0.883
2018-09-28,29066.9004,29315.0996,29016.0,29198.3008,0.7828
2018-10-08,28591.9004,29036.2012,28237.2012,28307.3008,
2018-10-09,28415.2012,28743.9004,27951.9004,28090.9004,-0.7645
2018-10-10,28185.5996,28440.2012,27760.8008,27859.5,-0.8238
2018-10-11,26859.8008,27589.3008,26789.9004,27063.4004,-2.8576
2018-10-12,26944.9004,27787.5996,26693.0996,27674.0996,2.2566
2018-10-15,27764.5996,28185.5,27074.5,27134.0996,-1.9513
2018-10-16,27162.9004,27496.4004,26344.7012,26522.0,-2.2558
2018-10-17,26999.0,27003.0,26155.0996,26759.0,0.8936
2018-10-18,26462.8008,26737.8008,25827.2012,25905.8008,-3.1885
2018-10-19,25485.4004,27007.8008,25485.4004,27007.8008,4.2539
2018-10-22,27450.2012,29902.7012,27450.2012,29760.8008,10.1934
2018-10-23,29733.2012,30314.0,29582.8008,29816.0996,0.1858
2018-10-24,29746.5,30603.9004,29746.5,29967.2012,0.5068
2018-10-25,29028.3008,30001.2012,29016.5996,30001.2012,0.1135
2018-10-26,30288.5996,30727.4004,29781.2012,29906.8008,-0.3147
2018-10-29,29795.2012,30030.9004,29014.7012,29142.9004,-2.5543
2018-10-30,29119.5,30173.5996,29036.9004,29808.0996,2.2825
2018-10-31,29844.0996,30771.5,29844.0996,30542.7012,2.4644
2018-11-01,30919.3008,31970.5,30919.3008,31565.5996,3.3491
2018-11-02,32425.5,33873.4023,32425.5,33873.4023,7.3111
2018-11-05,33819.5,34739.8008,33819.5,34464.1016,1.7438
2018-11-06,34285.8008,34492.1992,33876.0,34116.1016,-1.0097
2018-11-07,34220.6016,34733.8008,34017.1016,34045.1992,-0.2078
2018-11-08,34361.0,34438.8008,33483.8008,33534.4023,-1.5003
2018-11-09,33300.6992,33773.4023,32899.1992,32912.8008,-1.8536
2018-11-12,32914.5,33811.9023,32869.8008,33811.9023,2.7318
2018-11-13,33400.9023,35365.0,33400.9023,35324.5,4.4736
2018-11-14,35294.9023,36015.6016,35294.9023,35634.6992,0.8781
2018-11-15,35659.6016,36533.8008,35659.6016,36533.8008,2.5231
2018-11-16,36533.4023,37783.6992,36533.4023,37668.1992,3.1051
2018-11-19,37703.4023,38391.0,37703.4023,38343.8008,1.7936
2018-11-20,37932.6016,38547.6016,37491.6016,37592.4023,-1.9596
2018-11-21,37145.3008,38091.0,37145.3008,37522.6992,-0.1854
2018-11-22,37689.3008,37863.5,36834.3008,36861.5,-1.7621
2018-11-23,36724.6992,36798.3008,35356.5,35365.8008,-4.0576
2018-11-26,35351.3008,35705.4023,34365.1992,34445.5,-2.6022
2018-11-27,34740.8008,34857.1992,33692.5,33831.1016,-1.7837
2018-11-28,33803.4023,34063.9023,33501.5,33801.5,-0.0875
2018-11-29,34036.6016,34279.3008,32779.6016,32779.6016,-3.0232
2018-11-30,32722.0996,32996.0,32045.7012,32576.4004,-0.6199
2018-12-03,33693.0,34725.1016,33632.4023,34426.5,5.6793
2018-12-04,34338.0,34863.4023,34290.6016,34571.8008,0.4221
2018-12-05,33933.9023,34791.4023,33933.9023,34234.0,-0.9771
2018-12-06,33942.3008,34329.3008,33328.8008,33340.1016,-2.6111
2018-12-07,33479.6016,33618.1016,32605.5996,32653.7012,-2.0588
2018-12-10,32428.5996,32717.2012,31732.9004,31748.3008,-2.7727
2018-12-11,31893.2012,32055.4004,31137.7012,31262.2012,-1.5311
2018-12-12,31415.7012,31578.3008,30604.0996,30618.3008,-2.0597
2018-12-13,30709.5996,31426.9004,30602.2012,31050.2012,1.4106
2018-12-14,30929.8008,31080.7012,30162.9004,30243.7012,-2.5974
2018-12-17,30171.8008,30452.3008,29714.0,29878.5996,-1.2072
2018-12-18,29696.2012,30014.0996,29102.8008,29219.0996,-2.2073
2018-12-19,29270.7012,29323.0996,28281.8008,28349.4004,-2.9765
2018-12-20,28311.0,28650.8008,27993.0996,28098.3008,-0.8857
2018-12-21,27981.2012,28102.5996,27366.9004,27570.8008,-1.8773
2018-12-24,27557.4004,27982.9004,27257.9004,27377.0996,-0.7026
2018-12-25,27019.5996,27350.8008,26764.0996,27281.5,-0.3492
2018-12-26,27259.2012,27489.4004,26833.4004,26859.2012,-1.5479
2018-12-27,27302.2012,27398.4004,26463.4004,26475.9004,-1.4271
2018-12-28,26557.2012,26902.8008,26257.0996,26399.8008,-0.2874
2019-01-02,26701.0996,26792.2012,26189.0996,26202.2012,-0.7485
2019-01-03,26165.0,26658.8008,25918.5996,25970.4004,-0.8847
2019-01-04,25679.8008,27252.8008,25679.8008,27252.8008,4.9379
2019-01-07,27498.7012,28391.7012,27489.0,28391.7012,4.179
2019-01-08,28315.4004,28842.2012,28314.5,28501.5996,0.3871
2019-01-09,28610.0,29682.8008,28606.3008,29448.9004,3.3237
2019-01-10,29433.5996,29895.2012,29373.9004,29493.2012,0.1504
2019-01-11,29495.5,29945.4004,29495.5,29657.0,0.5554
2019-01-14,29695.5996,29951.0996,29222.2012,29303.4004,-1.1923
2019-01-15,29224.5,29890.2012,29202.4004,29890.2012,2.0025
2019-01-16,29874.9004,30300.0996,29821.5,29855.7012,-0.1154
2019-01-17,29831.2012,30064.8008,29535.4004,29611.8008,-0.8169
2019-01-18,29689.8008,30137.5,29689.8008,30107.0,1.6723
2019-01-21,30165.0,30841.9004,30165.0,30452.8008,1.1486
2019-01-22,30395.0996,30585.4004,29856.3008,29933.2012,-1.7062
2019-01-23,29815.2012,30093.8008,29438.9004,29510.0996,-1.4135
2019-01-24,29558.9004,29986.2012,29533.9004,29652.0996,0.4812
2019-01-25,29686.2012,30020.5996,29608.3008,29659.5996,0.0253
2019-01-28,29881.7012,30358.5996,29525.0996,29563.5,-0.324
2019-01-29,29424.4004,29546.3008,29110.5,29246.0996,-1.0736
2019-01-30,29041.8008,29395.4004,28422.5996,28444.0,-2.7426
2019-01-31,28507.2012,28887.3008,28084.0996,28313.7012,-0.4581
2019-02-01,28579.2012,28947.4004,28536.8008,28947.4004,2.2381
2019-02-11,29153.0996,30185.5996,29153.0996,30185.5996,
2019-02-12,30176.0,31177.5996,30176.0,31158.4004,3.2227
2019-02-13,31156.8008,33120.1016,31144.5,33120.1016,6.2959
2019-02-14,33119.1992,34098.1016,33119.1016,34055.5,2.8243
2019-02-15,33948.6016,34731.3008,33948.6016,34479.6016,1.2453
2019-02-18,34893.6992,37386.5,34893.6992,37386.5,8.4308
2019-02-19,37595.8008,39311.9023,37595.8008,39311.9023,5.15
2019-02-20,39336.4023,40240.5,39336.4023,40149.4023,2.1304
2019-02-21,40074.5,41923.0,40059.4023,41645.3008,3.7258
2019-02-22,41570.6992,44234.0,41570.6992,44234.0,6.2161
2019-02-25,45412.4023,51408.8008,45412.4023,51408.8008,16.2201
2019-02-26,51694.1992,55985.5,51466.5,55295.6016,7.5606
2019-02-27,55142.8008,57405.8008,55142.8008,57195.4023,3.4357
2019-02-28,57061.9023,58326.4023,56931.5,57313.0,0.2056
2019-03-01,57630.1992,58506.1016,57411.9023,58453.8008,1.9905
2019-03-04,59365.5,63006.9023,59307.6016,62606.5,7.1042
2019-03-05,62280.5,65548.8047,62229.8008,65548.8047,4.6997
2019-03-06,66060.1016,69463.8047,66060.1016,69450.5,5.9524
2019-03-07,69386.3984,73389.3047,69278.2031,72908.8047,4.9795
2019-03-08,70633.5,74808.7031,70433.5,72005.1016,-1.2395
2019-03-11,73057.8984,75060.3984,72895.3984,75054.1016,4.2344
2019-03-12,75765.7031,78478.8047,75765.7031,78178.7031,4.1631
2019-03-13,78194.8047,79154.3047,76717.6016,77295.2031,-1.1301
2019-03-14,76478.8984,77728.1016,73990.5,74802.8984,-3.2244
2019-03-15,75552.1016,76617.8984,74439.0,74879.2031,0.102
2019-03-18,75209.0,76672.7031,74673.3047,76672.7031,2.3952
2019-03-19,76651.6016,78133.3984,75867.2031,76233.8984,-0.5723
2019-03-20,76023.5,76750.3984,74701.8047,75671.8984,-0.7372
2019-03-21,75874.6016,77335.2031,75797.6016,76445.8984,1.0228
2019-03-22,76384.0,76883.3047,75561.8047,76128.7031,-0.4149
2019-03-25,74687.6016,76867.6016,74687.6016,74868.1016,-1.6559
2019-03-26,75470.3047,75573.1016,72337.5,72566.1016,-3.0747
2019-03-27,73336.3984,73439.5,71637.8984,72110.7031,-0.6276
2019-03-28,71650.0,73099.0,70113.2031,70153.0,-2.7149
2019-03-29,70296.3047,72913.1016,70195.8984,72913.1016,3.9344
2019-04-01,73832.2031,77377.6016,73832.2031,77257.7031,5.9586
2019-04-02,77705.2031,79492.8047,77705.2031,78723.0,1.8966
2019-04-03,78114.3984,80041.8047,78102.6016,80038.3984,1.6709
2019-04-04,80577.8984,82018.3984,80577.8984,81344.5,1.6318
2019-04-08,82251.7031,83308.3047,81322.3047,82304.7031,1.1804
2019-04-09,82011.8984,83086.7031,81157.7031,81857.8984,-0.5429
2019-04-10,81251.5,82356.3984,81088.7031,81586.3984,-0.3317
2019-04-11,81538.0,82134.6016,79227.5,79334.6016,-2.76
2019-04-12,79324.0,79962.3047,77290.5,77632.0,-2.1461
2019-04-15,79127.2031,80148.0,76469.0,76513.8984,-1.4403
2019-04-16,75840.6016,77971.2031,75779.8047,77971.2031,1.9046
2019-04-17,77975.0,79193.0,77957.0,78249.2031,0.3565
2019-04-18,78169.1016,78960.2031,76790.8984,76943.3047,-1.6689
2019-04-19,76808.3047,77667.7031,76016.3047,76556.6016,-0.5026
2019-04-22,76843.3047,77394.1016,74902.0,75151.3984,-1.8355
2019-04-23,74929.7031,75503.3047,73172.8047,73386.5,-2.3485
2019-04-24,73638.8047,73905.0,72277.2031,72879.5,-0.6909
2019-04-25,72376.0,72957.1016,69631.8984,69719.0,-4.3366
2019-04-26,69275.6016,70051.7031,67784.7031,67823.3984,-2.7189
2019-04-29,67982.1016,68028.8047,65208.0,65327.9023,-3.6794
2019-04-30,65016.1992,66210.5,64009.1992,64323.6016,-1.5373
2019-05-06,61808.5,62965.1992,59697.9023,59939.0,
2019-05-07,60552.4023,61444.5,58977.8008,59969.6016,0.0511
2019-05-08,58629.1016,60752.1016,58543.0,58647.6016,-2.2045
2019-05-09,58036.0,58840.8008,56536.5,56572.5,-3.5383
2019-05-10,57661.8008,58884.5,56224.3008,58861.0,4.0453
2019-05-13,58642.4023,59190.5,57115.8008,57214.1016,-2.7979
2019-05-14,56605.5,57789.3008,55707.9023,55753.3008,-2.5532
2019-05-15,56434.1016,56804.8008,56097.5,56403.1992,1.1657
2019-05-16,56366.1016,57114.9023,55921.8008,56043.8008,-0.6372
2019-05-17,56136.1016,56291.5,53795.6992,54081.9023,-3.5007
2019-05-20,54016.4023,54458.6016,52776.4023,53012.9023,-1.9766
2019-05-21,52985.6016,54286.8008,52853.6992,53367.8008,0.6695
2019-05-22,53271.5,54020.6016,52120.5,52354.3008,-1.8991
2019-05-23,52054.1016,52329.5,50299.8008,50475.0,-3.5896
2019-05-24,50369.0,50900.0,48883.0,48901.1992,-3.118
2019-05-27,49029.0,49871.6992,48527.9023,49706.0,1.6458
2019-05-28,49705.6016,50467.8008,49219.0,49684.6992,-0.0429
2019-05-29,49465.1016,50074.1016,49114.0,49173.6016,-1.0287
2019-05-30,48902.6992,49122.5,47870.1992,48255.5,-1.8671
2019-05-31,48236.5,48957.4023,47504.1016,47533.6992,-1.4958
2019-06-03,47790.5,48235.1992,46718.1016,46760.4023,-1.6268
2019-06-04,46688.6016,46894.6016,45178.1992,45473.4023,-2.7523
2019-06-05,46011.3008,46017.1016,44736.3008,44837.9023,-1.3975
2019-06-06,44695.8008,44891.1016,43079.8008,43226.4023,-3.5941
2019-06-10,43308.1016,43957.8008,43072.6992,43148.8008,-0.1795
2019-06-11,43381.4023,45783.4023,43375.0,45783.4023,6.1059
2019-06-12,45577.6992,46505.4023,45535.5,45574.5,-0.4563
2019-06-13,45604.4023,46019.4023,45417.8008,45465.4023,-0.2394
2019-06-14,45534.1992,45834.8008,44106.4023,44265.8008,-2.6385
2019-06-17,44263.1992,44764.9023,43181.8008,43264.4023,-2.2622
2019-06-18,43323.3008,43409.0,42175.1016,42248.9023,-2.3472
2019-06-19,43477.6016,44270.4023,43274.5,43336.4023,2.574
2019-06-20,43308.5,45525.4023,43296.1992,45515.6016,5.0286
2019-06-21,45907.8008,47438.5,45907.8008,47263.4023,3.84
2019-06-24,47341.8008,48008.6016,47007.3008,47223.1992,-0.0851
2019-06-25,47081.3008,47336.5,46639.6992,46956.6992,-0.5643
2019-06-26,46466.6992,47255.9023,45929.4023,45977.0,-2.0864
2019-06-27,46214.6016,47133.4023,46178.0,46415.4023,0.9535
2019-06-28,46289.6016,46542.1992,45198.3008,45387.1992,-2.2152
2019-07-01,46593.0,47989.0,46489.1016,47968.5,5.6873
2019-07-02,47938.6016,48888.3008,47894.8008,48272.8008,0.6344
2019-07-03,48142.1992,48454.3008,47535.6992,47775.1016,-1.031
2019-07-04,47893.0,48304.1016,46879.8008,47103.5,-1.4058
2019-07-05,47113.6016,47275.3008,46453.1992,46514.6992,-1.25
2019-07-08,46244.5,46252.5,45093.5,45115.8008,-3.0074
2019-07-09,45117.6992,45382.0,44273.6016,44366.1016,-1.6617
2019-07-10,44471.4023,44546.5,42973.4023,43167.8008,-2.7009
2019-07-11,43471.9023,43962.0,42349.1992,42459.6016,-1.6406
2019-07-12,42462.1992,42954.5,41801.9023,41844.9023,-1.4477
2019-07-15,41565.1016,42901.6016,41460.1992,42365.6016,1.2444
2019-07-16,42253.1016,42704.3008,41746.5,41816.0,-1.2973
2019-07-17,41713.5,42264.1992,41456.0,41525.6992,-0.6942
2019-07-18,41366.9023,41550.1992,40412.0,40429.6992,-2.6393
2019-07-19,40703.8008,41380.1016,40159.3008,40241.0,-0.4667
2019-07-22,40272.6016,40289.6992,39049.6992,39093.5,-2.8516
2019-07-23,39125.3008,39526.6992,38701.1016,38783.1016,-0.794
2019-07-24,38948.1016,39825.9023,38948.1016,39147.6016,0.9398
2019-07-25,39139.1992,39584.1992,39008.6992,39230.0,0.2105
2019-07-26,39054.9023,39476.4023,38729.0,38806.4023,-1.0798
2019-07-29,38812.0,39156.4023,38296.6992,38386.5,-1.082
2019-07-30,38445.4023,39118.4023,38258.8008,38347.1992,-0.1024
2019-07-31,38302.3008,38567.6016,37777.3008,37836.4023,-1.332
2019-08-01,37582.5,38152.3008,37344.4023,37472.5,-0.9618
2019-08-02,36743.0,37692.9023,36732.0,37374.1992,-0.2623
2019-08-05,37247.1016,38038.3008,36962.9023,37036.6016,-0.9033
2019-08-06,36354.6016,37603.6016,36354.6016,37393.6016,0.9639
2019-08-07,37726.9023,38008.6992,36954.6016,36958.4023,-1.1638
2019-08-08,37192.0,37628.6992,36950.1016,37007.1016,0.1318
2019-08-09,37273.6016,37559.6016,36356.6992,36454.1992,-1.494
2019-08-12,36628.1992,37021.3008,36472.5,37021.3008,1.5557
2019-08-13,36679.4023,37164.9023,36330.1016,36400.6992,-1.6763
2019-08-14,36892.3008,37462.8008,36576.1016,36667.9023,0.7341
2019-08-15,35842.6992,36979.0,35842.6992,36979.0,0.8484
2019-08-16,36997.9023,37818.6992,36997.9023,37462.0,1.3061
2019-08-19,37950.0,40096.9023,37950.0,40096.9023,7.0335
2019-08-20,40060.5,41114.6992,40060.5,40827.4023,1.8218
2019-08-21,40767.0,41320.8008,40767.0,41007.1016,0.4401
2019-08-22,41167.3008,41672.1992,41030.0,41201.6016,0.4743
2019-08-23,41266.1016,41820.6016,41235.5,41498.3008,0.7201
2019-08-26,41387.0,41995.5,40823.0,41463.1016,-0.0848
2019-08-27,41778.0,43311.1016,41775.6992,43163.1992,4.1003
2019-08-28,43119.0,43719.3008,43119.0,43377.6016,0.4967
2019-08-29,43456.6016,44114.6016,43456.6016,43580.4023,0.4675
2019-08-30,43846.3008,44497.1016,43513.1992,43865.5,0.6542
2019-09-02,44002.3008,45619.5,43982.8008,45619.5,3.9986
2019-09-03,45724.1992,46500.0,45704.4023,46495.1016,1.9194
2019-09-04,46399.3008,47668.3008,46399.3008,47668.3008,2.5233
2019-09-05,48151.1992,50615.8008,48151.1992,50331.9023,5.5878
2019-09-06,50616.1992,51499.4023,50522.3008,51086.1992,1.4986
2019-09-09,51707.3008,53420.3008,51631.9023,53420.3008,4.5689
2019-09-10,53418.4023,54309.6992,53389.6016,54049.8008,1.1784
2019-09-11,54169.6016,54878.4023,53807.1992,53965.3008,-0.1563
2019-09-12,54189.6016,54533.1016,53720.1016,53935.8008,-0.0547
2019-09-16,54195.4023,54926.1992,53836.1016,54116.0,0.3341
2019-09-17,53863.5,54174.8008,52716.6992,52981.8008,-2.0959
2019-09-18,53382.1016,53643.8008,52430.5,52530.4023,-0.852
2019-09-19,52651.9023,53064.1016,52189.9023,52514.0,-0.0312
2019-09-20,52638.1992,53239.6992,52153.1992,52463.1992,-0.0967
2019-09-23,52208.5,52628.6016,51394.0,51793.6016,-1.2763
2019-09-24,51811.9023,52616.3008,51712.6016,51801.5,0.0152
2019-09-25,51364.4023,51778.4023,50479.5,50518.9023,-2.476
2019-09-26,50524.6992,50747.6016,48936.4023,48971.1016,-3.0638
2019-09-27,49026.4023,49659.1016,48333.9023,48435.5,-1.0937
2019-09-30,48481.8008,48807.1992,46600.6016,46609.6016,-3.7698
2019-10-08,46854.3008,47359.4023,45766.0,45800.3008,
2019-10-09,45555.3008,46166.1992,45260.8008,45368.1016,-0.9437
2019-10-10,45332.6992,46057.4023,45328.1992,45633.5,0.585
2019-10-11,45744.1992,45992.8008,45584.6992,45644.9023,0.025
2019-10-14,46261.1992,47532.6992,46259.6016,46887.0,2.7212
2019-10-15,46619.5,46965.6016,45979.6016,46029.6992,-1.8284
2019-10-16,46234.1016,46778.4023,45483.9023,45527.6016,-1.0908
2019-10-17,45662.8008,46000.6016,44655.3008,44762.1992,-1.6812
2019-10-18,44822.9023,45112.6992,43748.1016,43817.6992,-2.11
2019-10-21,43837.1016,44125.4023,42979.1016,43246.1992,-1.3043
2019-10-22,43333.0,43818.0,42815.8008,43073.9023,-0.3984
2019-10-23,43034.3008,43316.0,42035.5,42156.6992,-2.1294
2019-10-24,42121.1016,42498.3008,41468.8008,41558.4023,-1.4192
2019-10-25,41531.8008,41917.3008,41494.8008,41823.4023,0.6377
2019-10-28,42431.6992,43647.0,42431.6992,43511.1992,4.0355
2019-10-29,43503.6992,44336.9023,43503.6992,43628.4023,0.2694
2019-10-30,43423.5,44205.9023,43235.0,43385.3008,-0.5572
2019-10-31,43453.3008,43931.3008,42889.5,42973.1016,-0.9501
2019-11-01,42806.6016,43600.6016,42803.1016,43498.6992,1.2231
2019-11-04,43519.5,44557.6992,43519.5,44001.1016,1.155
2019-11-05,44026.1016,44752.3008,44020.1016,44474.6016,1.0761
2019-11-06,44414.4023,44818.1016,43771.6992,43982.8008,-1.1058
2019-11-07,44010.1992,44700.3008,43776.1016,43899.9023,-0.1885
2019-11-08,44238.9023,44534.9023,43573.3008,43636.9023,-0.5991
2019-11-11,43254.8008,43709.0,42476.6016,42600.1992,-2.3757
2019-11-12,42599.1016,42807.1992,41921.8008,42114.4023,-1.1404
2019-11-13,42005.3008,42275.3008,41369.4023,41544.6992,-1.3528
2019-11-14,41547.1992,41887.5,41460.9023,41524.8008,-0.0479
2019-11-15,41451.6016,41897.6016,40797.9023,40812.1016,-1.7163
2019-11-18,40886.5,41444.1016,40647.9023,40783.5,-0.0701
2019-11-19,40770.8008,41614.1992,40770.8008,41471.6992,1.6874
2019-11-20,41424.1992,42006.1016,41021.4023,41128.9023,-0.8266
2019-11-21,40909.8008,41464.5,40394.8008,40584.6016,-1.3234
2019-11-22,40687.5,41303.6992,40256.1016,40460.4023,-0.306
2019-11-25,40500.4023,41017.8008,40165.1992,40338.6016,-0.301
2019-11-26,40447.9023,40842.9023,39989.5,40432.1016,0.2318
2019-11-27,40279.6992,40753.4023,39989.4023,40062.0,-0.9154
2019-11-28,40028.4023,40368.0,39158.3008,39289.4023,-1.9285
2019-11-29,39271.9023,39612.3008,38658.1016,38803.1016,-1.2377
2019-12-02,38911.9023,39444.1016,38519.3008,38606.8008,-0.5059
2019-12-03,38509.1016,38735.5,38277.5,38524.4023,-0.2134
2019-12-04,38323.6016,38971.8008,38241.9023,38344.9023,-0.4659
2019-12-05,38488.0,39151.3008,38488.0,39094.6016,1.9551
2019-12-06,39119.0,39619.3008,39119.0,39524.6016,1.0999
2019-12-09,39712.1992,40459.4023,39712.1992,40074.0,1.39
2019-12-10,39937.8008,40721.6016,39915.1016,40721.6016,1.616
2019-12-11,40676.1016,41271.1016,40676.1016,40814.8008,0.2289
2019-12-12,40839.9023,41332.9023,40803.9023,40934.9023,0.2943
2019-12-13,41390.8008,42728.1016,41390.8008,42728.1016,4.3806
2019-12-16,42923.0,44907.1016,42923.0,44902.4023,5.0887
2019-12-17,44925.0,47724.3008,44925.0,47724.3008,6.2845
2019-12-18,47712.1016,48967.3008,47712.1016,48916.6992,2.4985
2019-12-19,48910.1992,49568.3008,48910.1992,49265.1016,0.7122
2019-12-20,49345.8008,49862.6016,49007.6016,49102.1992,-0.3307
2019-12-23,48809.9023,49654.8008,48161.6016,48225.3008,-1.7859
2019-12-24,48428.0,48744.4023,48281.6016,48514.0,0.5986
2019-12-25,48435.6016,49237.5,48428.6016,48687.4023,0.3574
2019-12-26,48667.0,49304.3008,48487.6016,48938.6992,0.5161
2019-12-27,49127.3008,50090.6016,49127.3008,49388.8008,0.9197
2019-12-30,49098.8008,50653.3008,49089.1016,50628.8008,2.5107
2019-12-31,50583.0,51490.8008,50583.0,51001.4023,0.7359
2020-01-02,51531.3008,53802.3008,51531.3008,53802.3008,5.4918
2020-01-03,54080.5,55269.8008,54080.5,55070.8008,2.3577
2020-01-06,54786.5,57290.5,54786.5,57276.8008,4.0058
2020-01-07,57474.1016,58835.6992,57474.1016,58835.6992,2.7217
2020-01-08,58555.9023,59804.9023,58555.9023,59106.0,0.4594
2020-01-09,59757.8008,60898.8008,59757.8008,60515.1992,2.3842
2020-01-10,60810.1016,61233.0,60259.3008,60325.0,-0.3143
2020-01-13,60360.6992,61427.4023,60360.6992,61427.4023,1.8274
2020-01-14,61693.1016,62553.9023,61419.8008,61501.1992,0.1201
2020-01-15,61330.6016,61821.1992,60856.0,61008.3008,-0.8014
2020-01-16,61100.9023,61669.0,60468.8008,60555.1992,-0.7427
2020-01-17,60740.0,61267.6016,59829.6992,59925.5,-1.0399
2020-01-20,60295.9023,61342.6016,60295.9023,61147.4023,2.039
2020-01-21,61003.4023,61884.8008,60671.8008,60735.3008,-0.6739
2020-01-22,60339.1016,61863.6016,60215.5,61657.5,1.5184
2020-01-23,61179.8008,62472.1016,60108.6992,60942.5,-1.1596
2020-02-03,56017.4023,57499.6016,55619.9023,55712.1016,
2020-02-04,54701.6016,59137.6016,54701.6016,59061.5,6.012
2020-02-05,59411.6992,62641.8008,59411.6992,62096.0,5.1379
2020-02-06,62106.1992,65553.7031,62001.5,65553.7031,5.5683
2020-02-07,65503.3008,67457.8047,65494.4023,67315.3984,2.6874
2020-02-10,67120.3047,69100.7031,67120.3047,68670.6016,2.0132
2020-02-11,68793.7031,69499.1016,68366.7031,68438.3984,-0.3381
2020-02-12,68170.0,69636.3984,68170.0,69633.0,1.7455
2020-02-13,69683.3047,70955.5,69455.3047,69480.0,-0.2197
2020-02-14,69483.8047,70863.5,69068.3984,69655.5,0.2526
2020-02-17,70305.0,72839.5,70305.0,72839.5,4.5711
2020-02-18,72973.8984,74884.5,72973.8984,74884.5,2.8075
2020-02-19,74757.3047,76455.0,74750.6016,75175.6016,0.3887
2020-02-20,75600.6016,78167.3047,75600.6016,78167.3047,3.9796
2020-02-21,78205.5,81349.0,78205.5,80806.3047,3.3761
2020-02-24,80886.8047,84008.1016,80886.8047,83884.6016,3.8095
2020-02-25,82070.6016,87280.3047,82070.6016,87248.2031,4.0098
2020-02-26,85953.7031,88583.1016,85708.3984,86180.1016,-1.2242
2020-02-27,86851.2031,88076.1016,85942.5,86119.5,-0.0703
2020-02-28,83105.2031,85271.6016,82145.5,82353.0,-4.3736
2020-03-02,84082.8984,86455.6016,83837.5,85766.3984,4.1448
2020-03-03,87320.3984,89999.0,86882.6016,87530.2031,2.0565
2020-03-04,86907.0,88521.6016,85947.0,87406.1016,-0.1418
2020-03-05,88985.2031,90216.8984,88721.8984,89745.2031,2.6761
2020-03-06,88580.0,90504.7031,88339.0,88388.8047,-1.5114
2020-03-09,86875.8047,88397.5,85380.3047,85422.8047,-3.3556
2020-03-10,85257.8984,88464.6016,84584.5,88088.3984,3.1205
2020-03-11,88370.1016,89602.0,86169.3047,86171.3047,-2.1763
2020-03-12,84717.8984,85971.5,82662.7031,83424.2031,-3.188
2020-03-13,79311.3984,84251.0,79311.3984,82702.5,-0.8651
2020-03-16,83342.2031,83625.2031,78446.5,78721.6016,-4.8135
2020-03-17,80222.7031,80304.3984,76983.6016,78081.7031,-0.8129
2020-03-18,78804.8984,80068.8984,76116.3047,76116.3047,-2.5171
2020-03-19,76297.3047,76919.3047,74750.8047,76297.8047,0.2385
2020-03-20,77361.8984,77768.8984,75285.2031,75876.5,-0.5522
2020-03-23,73611.8047,74714.7031,71129.2031,71381.3984,-5.9242
2020-03-24,73049.3984,73497.3984,70108.6016,71983.8047,0.8439
2020-03-25,73793.7031,74708.0,73256.1016,73330.3984,1.8707
2020-03-26,72895.8047,73778.8047,71240.8984,71306.6016,-2.7598
2020-03-27,72305.6016,72348.0,69662.3047,69711.1016,-2.2375
2020-03-30,68659.1016,68929.2031,67279.0,67502.3047,-3.1685
2020-03-31,68236.8047,68429.3047,66223.1016,66283.3984,-1.8057
2020-04-01,66269.1016,67334.3984,64797.3008,64931.9023,-2.039
2020-04-02,64743.3008,65649.3047,64445.6016,65649.3047,1.1049
2020-04-03,65442.0,66296.3047,63990.1992,64075.4023,-2.3974
2020-04-07,65570.5,66778.3984,65497.6992,66314.5,3.4945
2020-04-08,65918.5,67049.1016,65576.5,65771.8047,-0.8184
2020-04-09,66180.3047,66702.3047,65506.3008,65627.3047,-0.2197
2020-04-10,65534.4023,66161.8047,63631.8008,63727.5,-2.8948
2020-04-13,63570.3008,63749.0,61637.8008,61748.5,-3.1054
2020-04-14,62241.8008,62793.4023,62107.3008,62590.8008,1.3641
2020-04-15,62572.1016,63535.4023,61962.0,61999.3008,-0.945
2020-04-16,61633.4023,62768.1992,61633.4023,61807.1016,-0.31
2020-04-17,62446.5,63542.9023,62248.5,62356.6992,0.8892
2020-04-20,62550.1992,63490.9023,62449.8008,62699.1992,0.5493
2020-04-21,62331.4023,62926.1016,61798.9023,62015.6016,-1.0903
2020-04-22,61406.1992,62498.3008,61389.3008,61992.9023,-0.0366
2020-04-23,62222.0,62708.6016,61365.9023,61455.6016,-0.8667
2020-04-24,61443.1992,61806.1016,59690.0,59934.8008,-2.4746
2020-04-27,60236.1992,60773.4023,59119.3008,59159.0,-1.2944
2020-04-28,59201.5,59995.0,57881.1016,59044.1016,-0.1942
2020-04-29,58743.1016,59866.4023,58134.9023,58208.0,-1.4161
2020-04-30,58768.1992,60303.1016,58767.6992,59934.6016,2.9663
2020-05-06,59567.9023,61739.3008,59567.9023,61739.3008,
2020-05-07,61768.4023,62611.1992,61369.1016,61448.6016,-0.4708
2020-05-08,61940.6016,62848.1992,61850.4023,62208.5,1.2366
2020-05-11,62700.6992,63513.3008,61946.0,62302.8008,0.1516
2020-05-12,62198.4023,62720.3008,61475.3008,61878.1992,-0.6815
2020-05-13,61528.3008,62245.3008,61379.1016,61456.1992,-0.682
2020-05-14,61063.4023,61669.0,60293.6992,60386.3008,-1.7409
2020-05-15,60864.9023,61256.1992,60319.3008,60410.3008,0.0397
2020-05-18,60602.9023,61571.9023,60226.1016,60437.6016,0.0452
2020-05-19,60978.8008,61668.1016,60713.1016,60968.1016,0.8778
2020-05-20,60930.5,61750.1992,60130.3008,60396.6992,-0.9372
2020-05-21,60618.6016,60822.5,59110.9023,59275.6016,-1.8562
2020-05-22,59142.1992,59525.6016,57737.6992,57750.1992,-2.5734
2020-05-25,57627.6992,58201.9023,56442.4023,56573.3008,-2.0379
2020-05-26,56907.6992,57801.8008,56875.3008,57159.8008,1.0367
2020-05-27,57186.5,57525.6992,56117.9023,56283.0,-1.5339
2020-05-28,56255.0,56865.1016,55361.8008,55847.9023,-0.7731
2020-05-29,55612.5,56781.8008,55558.3008,55981.6016,0.2394
2020-06-01,56697.5,58988.3008,56697.5,58970.1016,5.3384
2020-06-02,59226.9023,60316.3008,59226.9023,59948.1992,1.6586
2020-06-03,60207.9023,61333.8008,60159.1992,60837.8008,1.484
2020-06-04,60960.4023,61590.1992,60397.6992,60543.9023,-0.4831
2020-06-05,60670.3008,61264.1992,60165.1016,60378.1992,-0.2737
2020-06-08,60927.6016,61883.6016,60484.0,60613.9023,0.3904
2020-06-09,60711.0,61442.0,60509.8008,60713.6992,0.1646
2020-06-10,60631.5,61213.5,60327.1992,60497.9023,-0.3554
2020-06-11,60434.0,61566.1016,60433.8008,60745.0,0.4084
2020-06-12,59470.4023,61399.4023,59470.4023,61222.5,0.7861
2020-06-15,61263.6016,62815.9023,61263.6016,61701.8008,0.7829
2020-06-16,62439.8008,63360.5,62388.4023,63066.5,2.2118
2020-06-17,63136.9023,64040.1016,63115.9023,63540.8008,0.7521
2020-06-18,63552.3008,64558.8008,63531.1016,64064.0,0.8234
2020-06-19,64080.4023,65310.8008,64073.8008,65310.8008,1.9462
2020-06-22,65626.1016,67080.8984,65626.1016,66463.0,1.7642
2020-06-23,66393.3984,67291.6016,66282.8984,66898.8984,0.6559
2020-06-24,67051.3047,67804.2031,66741.0,66787.3047,-0.1668
2020-06-29,66704.6016,67731.2031,66260.3047,66511.1016,-0.4136
2020-06-30,67028.5,68137.8984,66977.1016,67898.5,2.086
2020-07-01,68125.3047,69690.8047,68125.3047,69690.8047,2.6397
2020-07-02,69684.7031,73316.8984,69684.7031,73316.8984,5.2031
2020-07-03,73786.3984,77307.8047,73776.0,77307.8047,5.4434
2020-07-06,78626.5,86584.3047,78626.5,86571.8047,11.9833
2020-07-07,87982.5,93906.8984,87982.5,93303.8047,7.7762
2020-07-08,93480.0,99065.7031,93480.0,99065.7031,6.1754
2020-07-09,99094.1016,105573.1016,99094.1016,105573.1016,6.5688
2020-07-10,104899.8047,108462.0,104817.6016,107453.2031,1.7809
2020-07-13,108271.3047,113727.8047,108271.3047,113727.8047,5.8394
2020-07-14,113416.8984,115928.3047,112797.1016,115044.0,1.1573
2020-07-15,115363.6016,116328.3047,113121.3047,113305.0,-1.5116
2020-07-16,113312.8984,114929.3047,107965.3984,108386.6016,-4.3408
2020-07-17,108917.0,111326.3047,107030.1016,107440.8047,-0.8726
2020-07-20,109078.2031,111194.3984,108733.5,110517.3984,2.8635
2020-07-21,110878.3047,112625.2031,109545.1016,109706.3047,-0.7339
2020-07-22,109470.2031,112638.3047,109338.3047,109921.7031,0.1963
2020-07-23,108830.8047,111005.6016,108452.3984,109905.6016,-0.0146
2020-07-24,109160.1016,110189.7031,104744.3047,105080.3047,-4.3904
2020-07-27,106029.5,106867.7031,102789.7031,103454.6016,-1.5471
2020-07-28,104683.5,105389.2031,101841.3984,102515.8047,-0.9074
2020-07-29,101971.7031,105121.8984,101971.7031,104492.3047,1.928
2020-07-30,104819.3047,106126.1016,103239.1016,103433.1016,-1.0137
2020-07-31,103525.1016,106509.3047,103525.1016,104642.7031,1.1695
2020-08-03,104669.0,108786.6016,104669.0,108241.7031,3.4393
2020-08-04,108308.8047,110158.6016,107649.0,108038.0,-0.1882
2020-08-05,108071.6016,109905.7031,107871.0,108729.8047,0.6403
2020-08-06,108783.3984,109754.3984,108079.3047,108896.3984,0.1532
2020-08-07,108369.3984,109368.3984,106355.3047,107634.6016,-1.1587
2020-08-10,106995.2031,109005.1016,106995.2031,107066.5,-0.5278
2020-08-11,107092.3047,108727.8984,104309.0,104519.1016,-2.3793
2020-08-12,104095.8984,104419.5,101435.3984,102571.7031,-1.8632
2020-08-13,103064.3984,103591.3047,100474.8047,100521.8047,-1.9985
2020-08-14,100093.8984,101701.8047,98826.6016,99468.8984,-1.0474
2020-08-17,99989.7031,102786.3047,99989.7031,102125.3047,2.6706
2020-08-18,102220.2031,103761.8984,101762.0,102223.2031,0.0959
2020-08-19,101861.8984,102427.1016,99449.5,99614.5,-2.552
2020-08-20,98568.0,100150.8984,96284.6016,96612.8984,-3.0132
2020-08-21,97475.1016,98490.7031,94848.3984,95559.8047,-1.09
2020-08-24,96167.6016,96993.6016,95255.6016,95444.2031,-0.121
2020-08-25,95605.8047,96699.3047,93943.3984,94280.2031,-1.2196
2020-08-26,94108.1016,95014.3984,91609.6016,91845.5,-2.5824
2020-08-27,92089.3984,92656.0,90877.6016,91317.8047,-0.5745
2020-08-28,91030.0,92369.0,91030.0,92369.0,1.1511
2020-08-31,93570.0,95321.5,92804.3047,92850.8047,0.5216
2020-09-01,92647.5,93500.0,91687.0,92297.5,-0.5959
2020-09-02,92551.5,93164.0,91907.0,92123.8047,-0.1882
2020-09-03,91881.3047,93016.8047,90329.7031,90723.8984,-1.5196
2020-09-04,88932.7031,90836.5,88932.7031,89298.5,-1.5711
2020-09-07,89424.5,90536.8047,87240.1016,87811.1016,-1.6656
2020-09-08,88089.7031,88679.3047,87136.2031,87942.8047,0.15
2020-09-09,86775.1016,87935.8047,85417.1016,85477.6016,-2.8032
2020-09-10,86261.2031,86511.1016,82376.2031,82644.6016,-3.3143
2020-09-11,82274.8984,83678.2031,82017.8984,82300.5,-0.4164
2020-09-14,82870.8984,84398.8984,81906.8984,82384.0,0.1015
2020-09-15,82312.1016,83106.3984,81320.1016,81372.0,-1.2284
2020-09-16,81080.8047,81569.5,79087.0,79209.3047,-2.6578
2020-09-17,78888.8047,79281.8047,77991.5,78254.0,-1.2061
2020-09-18,78269.3047,79353.1016,78191.3047,79353.1016,1.4045
2020-09-21,79799.0,80793.5,78279.1016,78298.6016,-1.3289
2020-09-22,77574.3984,78761.6016,75937.1016,76189.5,-2.6937
2020-09-23,76304.7031,76843.3047,75245.8047,75392.8984,-1.0456
2020-09-24,74732.3047,75036.1016,72477.2031,72492.2031,-3.8474
2020-09-25,72889.2031,73183.8047,70581.3047,70707.8984,-2.4614
2020-09-28,71009.3984,71245.6016,68528.5,68551.6016,-3.0496
2020-09-29,69027.3984,69766.0,67688.6016,67720.3984,-1.2125
2020-09-30,67934.8984,68310.3984,66194.7031,66358.7031,-2.0108
2020-10-09,67857.5,69335.0,67734.5,68449.0,
2020-10-12,69180.6016,72596.2031,69152.8047,72596.2031,6.0588
2020-10-13,72295.8047,73578.3047,72263.6016,73310.0,0.9832
2020-10-14,73066.8984,74202.5,72816.8047,73029.3047,-0.3829
2020-10-15,73117.0,73922.6016,72142.3047,72192.8047,-1.1454
2020-10-16,72281.2031,72856.0,71284.1016,71526.7031,-0.9227
2020-10-19,72158.2031,73053.3984,70658.8984,70800.5,-1.0153
2020-10-20,70570.6016,71170.3984,70474.0,70865.7031,0.0921
2020-10-21,70789.2031,71231.1016,69400.8984,69504.7031,-1.9205
2020-10-22,69026.3047,69568.5,68419.1016,68460.3984,-1.5025
2020-10-23,68501.6016,69123.6016,66614.2031,66818.1016,-2.3989
2020-10-26,66549.5,67907.2031,66245.7031,66475.0,-0.5135
2020-10-27,66261.5,67265.5,65920.5,66046.5,-0.6446
2020-10-28,66009.2031,66848.8047,66009.2031,66607.8984,0.85
2020-10-29,65578.8984,67725.3984,65578.8984,67244.3047,0.9555
2020-10-30,67485.3984,68370.8047,66940.2031,67223.0,-0.0317
2020-11-02,67496.6016,69037.3047,67431.7031,68831.0,2.392
2020-11-03,69228.0,71226.6016,69107.1016,70493.3984,2.4152
2020-11-04,70512.1016,71519.0,70424.2031,70538.5,0.064
2020-11-05,71518.3984,72853.8984,71461.7031,72853.8984,3.2825
2020-11-06,73062.2031,73958.8047,72783.3984,73267.2031,0.5673
2020-11-09,74031.5,77760.5,74031.5,77632.8047,5.9585
2020-11-10,77644.0,79364.0,77524.1016,78118.5,0.6256
2020-11-11,77678.3984,78690.2031,77029.8047,77105.2031,-1.2971
2020-11-12,77428.1016,78175.6016,76373.2031,76634.7031,-0.6102
2020-11-13,76363.0,77249.7031,75646.7031,75939.2031,-0.9076
2020-11-16,76010.8984,77349.3047,76010.8984,76856.2031,1.2075
2020-11-17,76811.0,77457.8984,76179.2031,76768.3984,-0.1142
2020-11-18,76721.2031,77930.5,76675.8984,77137.8984,0.4813
2020-11-19,76869.8984,78138.5,76820.0,77240.3047,0.1328
2020-11-20,77139.3984,78297.6016,77139.3984,77455.2031,0.2782
2020-11-23,77655.2031,79988.1016,77595.0,79490.7031,2.628
2020-11-24,79322.2031,80581.7031,79246.3984,79408.3984,-0.1035
2020-11-25,79602.8984,80344.7031,78414.7031,78448.8047,-1.2084
2020-11-26,78382.3984,78874.3984,77294.5,77585.8984,-1.1
2020-11-27,77601.3047,78271.8984,76622.2031,77305.2031,-0.3618
2020-11-30,77527.8984,79791.3047,77471.5,78453.3984,1.4853
2020-12-01,78303.5,80282.0,78289.2031,80282.0,2.3308
2020-12-02,80322.6016,81677.6016,80312.8984,80754.8047,0.5889
2020-12-03,80620.3047,81434.2031,80352.8984,80391.3047,-0.4501
2020-12-04,80138.2031,80918.8047,79873.3047,80056.3047,-0.4167
2020-12-07,80202.3984,81191.1016,79335.6016,79408.3984,-0.8093
2020-12-08,79553.8984,80234.5,78565.7031,78635.8047,-0.9729
2020-12-09,78737.5,79240.3984,77070.8984,77169.1016,-1.8652
2020-12-10,76930.8984,77929.0,76585.7031,76662.0,-0.6571
2020-12-11,76810.6016,77242.7031,75413.3984,76244.8984,-0.5441
2020-12-14,76513.3047,77548.8984,76398.6016,76831.3047,0.7691
2020-12-15,76597.5,77711.2031,76350.3984,76425.0,-0.5288
2020-12-16,76484.2031,76891.3984,75373.3047,75475.2031,-1.2428
2020-12-17,75410.6016,76760.0,75410.6016,76583.1016,1.4679
2020-12-18,76610.7031,77773.1016,76267.3047,76417.6016,-0.2161
2020-12-21,76544.7031,78769.3984,76544.7031,78474.7031,2.6919
2020-12-22,78095.2031,79541.8984,77849.1016,78053.3047,-0.537
2020-12-23,78301.5,80322.0,78301.5,79892.1016,2.3558
2020-12-24,79651.3047,80939.8984,78884.2031,78937.2031,-1.1952
2020-12-25,78510.5,79966.7031,78510.5,79519.6016,0.7378
2020-12-28,79664.8047,81223.6016,79664.8047,79999.3047,0.6033
2020-12-29,79985.2031,81107.8047,79083.3984,79121.7031,-1.097
2020-12-30,79149.0,81211.8984,79149.0,80441.8984,1.6686
2020-12-31,80799.0,83248.5,80799.0,82864.2031,3.0112
2021-01-04,83335.6016,87329.0,83335.6016,87262.3047,5.3076
2021-01-05,86844.8047,90883.3984,86844.8047,90883.3984,4.1497
2021-01-06,91219.1016,93064.0,91219.1016,92445.3047,1.7186
2021-01-07,92283.5,94717.7031,92283.5,94717.7031,2.4581
2021-01-08,94956.8984,96952.8984,94739.8984,95593.8047,0.925
2021-01-11,95771.3047,98061.1016,95158.3984,95634.6016,0.0427
2021-01-12,95269.5,98398.3984,95269.5,98397.6016,2.8891
2021-01-13,98463.8047,100704.2031,98463.8047,99184.3047,0.7995
2021-01-14,98567.3047,100604.8984,98033.5,98233.5,-0.9586
2021-01-15,98129.8047,99948.3047,97668.2031,98474.3984,0.2452
2021-01-18,98199.3047,100867.7031,98199.3047,99987.1016,1.5361
2021-01-19,100101.2031,101390.2031,98505.0,98860.0,-1.1272
2021-01-20,98953.1016,100796.8984,98879.7031,99148.1016,0.2914
2021-01-21,99398.6016,101991.8047,99398.6016,101078.0,1.9465
2021-01-22,101097.5,102428.1016,101097.5,101841.1016,0.755
2021-01-25,101825.1016,104562.6016,101825.1016,103129.2031,1.2648
2021-01-26,102353.3047,103808.8047,100556.5,100605.8047,-2.4468
2021-01-27,100672.1016,101365.3047,99646.3047,99912.5,-0.6891
2021-01-28,98324.8047,99962.5,96005.2031,96216.7031,-3.699
2021-01-29,96227.6016,97429.0,93315.7031,94705.2031,-1.5709
2021-02-01,94684.6016,96380.0,94428.1016,94540.1016,-0.1743
2021-02-02,95055.0,96306.7031,94933.7031,95405.2031,0.9151
2021-02-03,95253.8047,96574.3984,94140.8047,94258.7031,-1.2017
2021-02-04,93593.6016,95048.8047,92365.5,92932.1016,-1.4074
2021-02-05,93451.8984,94417.7031,91098.1016,91141.5,-1.9268
2021-02-08,91696.2031,93234.8984,91267.0,91428.3047,0.3147
2021-02-09,91990.8047,93998.5,91990.8047,93308.5,2.0565
2021-02-10,93593.0,94931.0,93593.0,94145.0,0.8965
2021-02-18,96546.5,97626.3984,95663.8047,95855.0,
2021-02-19,95366.7031,97435.7031,95366.7031,97340.8047,1.5501
2021-02-22,97636.3984,100505.3047,97576.8047,98327.2031,1.0133
2021-02-23,97548.8047,99915.8984,97548.8047,98064.1016,-0.2676
2021-02-24,98143.1016,99132.5,95720.7031,96647.2031,-1.4449
2021-02-25,97879.7031,98396.3984,95802.5,96076.3984,-0.5906
2021-02-26,93766.8047,96533.0,93660.0,93788.6016,-2.3812
2021-03-01,94882.3984,96638.1016,94882.3984,95473.6016,1.7966
2021-03-02,95999.3984,96823.2031,93915.3047,94225.7031,-1.3071
2021-03-03,93918.8984,95591.8984,93918.8984,95048.5,0.8732
2021-03-04,93985.2031,95053.2031,92129.3984,92561.8047,-2.6162
2021-03-05,91223.8047,93848.6016,91223.8047,91876.0,-0.7409
2021-03-08,92793.8047,94047.7031,89480.0,89547.5,-2.5344
2021-03-09,89360.2031,90956.8047,87356.3984,87810.5,-1.9398
2021-03-10,89122.3984,89775.1016,86629.6016,86767.8984,-1.1873
2021-03-11,86994.5,89548.3984,86935.1016,88421.6016,1.9059
2021-03-12,88740.3984,89178.0,87719.3984,88029.0,-0.444
2021-03-15,87365.8047,88736.3984,85459.3047,86061.3984,-2.2352
2021-03-16,86225.7031,87225.0,85163.3984,85477.3984,-0.6786
2021-03-17,84905.3984,86904.5,84780.8984,84878.3984,-0.7008
2021-03-18,85073.6016,86265.1016,84372.8984,84408.7031,-0.5534
2021-03-19,82963.2031,84421.7031,82052.2031,82365.1016,-2.4211
2021-03-22,82581.8984,84329.7031,82505.1016,82885.6016,0.6319
2021-03-23,82870.8047,83330.2031,80747.1016,81094.8984,-2.1605
2021-03-24,80466.7031,81497.8984,79213.3047,79284.1016,-2.2329
2021-03-25,78942.3984,80419.0,78073.6016,78090.8984,-1.505
2021-03-26,78502.3047,79977.5,78502.3047,79388.0,1.661
2021-03-29,79697.6016,81143.8984,79090.3047,79175.8984,-0.2672
2021-03-30,78886.0,80269.2031,78813.3047,79015.1016,-0.2031
2021-03-31,78989.7031,79380.8047,77666.1016,77714.3984,-1.6461
2021-04-01,77735.8984,78819.3984,77357.0,77391.2031,-0.4159
2021-04-02,77654.6016,78837.0,77225.5,77406.8984,0.0203
2021-04-06,77800.6016,78650.5,76682.0,76719.3047,-0.8883
2021-04-07,76747.2031,77337.6016,76310.1016,76483.1016,-0.3079
2021-04-08,76130.3984,77309.7031,76013.8047,76065.2031,-0.5464
2021-04-09,75811.1016,76532.8047,74813.2031,74905.8984,-1.5241
2021-04-12,74855.7031,75648.3984,73368.2031,73670.7031,-1.649
2021-04-13,73588.7031,74790.5,72578.5,72761.7031,-1.2339
2021-04-14,72866.8047,73968.3984,72865.3047,73039.5,0.3818
2021-04-15,72754.8984,73367.8984,72021.8047,72133.1016,-1.241
2021-04-16,72314.2031,73128.2031,72314.2031,72424.8984,0.4045
2021-04-19,72438.2031,75136.3047,72398.6016,75070.7031,3.6532
2021-04-20,74829.1016,76646.3984,74829.1016,75547.7031,0.6354
2021-04-21,75173.8047,76383.0,75173.8047,75398.6016,-0.1974
2021-04-22,75873.1016,76693.6016,75349.7031,75531.8047,0.1767
2021-04-23,75481.7031,76926.0,75481.2031,75812.1016,0.3711
2021-04-26,76144.5,78165.5,76144.5,76509.7031,0.9202
2021-04-27,76442.1016,77102.3984,76089.6016,76302.3047,-0.2711
2021-04-28,76133.8047,77869.6016,76071.6016,77156.1016,1.119
2021-04-29,77217.7031,78534.5,77177.2031,77478.3047,0.4176
2021-04-30,77409.3047,78930.8984,77409.3047,78159.8984,0.8797
2021-05-06,78315.0,79947.6016,78315.0,78749.0,
2021-05-07,79053.7031,80098.7031,78360.8984,78408.1016,-0.4329
2021-05-10,78718.0,80326.8984,78675.5,79594.5,1.5131
2021-05-11,79034.0,80423.8984,79034.0,79842.6016,0.3117
2021-05-12,79555.3984,80971.5,79555.3984,80319.5,0.5973
2021-05-13,79423.0,80968.7031,79046.3047,79206.8984,-1.3852
2021-05-14,79661.3984,81265.2031,79640.5,81196.1016,2.5114
2021-05-17,81225.5,83674.2031,81225.5,82559.7031,1.6794
2021-05-18,82573.2031,83517.8984,82007.8047,82127.3984,-0.5236
2021-05-19,81759.8984,83233.8984,81726.0,81782.3984,-0.4201
2021-05-20,81542.7031,82657.8047,81404.1016,81535.8047,-0.3015
2021-05-21,81710.7031,82387.3047,80905.8984,81034.2031,-0.6152
2021-05-24,81107.7031,82203.2031,81050.5,81402.8047,0.4549
2021-05-25,81666.7031,84346.5,81666.7031,84346.5,3.6162
2021-05-26,84404.3984,86430.6016,84404.3984,85244.3047,1.0644
2021-05-27,84927.2031,86930.3047,84927.2031,86102.2031,1.0064
2021-05-28,86466.8984,88102.1016,86427.8047,87066.5,1.1199
2021-05-31,87500.0,89387.0,87500.0,89169.6016,2.4155
2021-06-01,88910.3984,90647.2031,88836.3047,90331.5,1.303
2021-06-02,90403.1016,91582.8047,89552.3047,89614.7031,-0.7935
2021-06-03,89433.8984,90852.6016,89080.3047,89120.0,-0.552
2021-06-04,88817.7031,90800.8984,88817.7031,89629.2031,0.5714
2021-06-07,89996.8047,91467.3047,89983.1016,90257.5,0.701
2021-06-08,90136.7031,91602.0,89454.8984,89661.8984,-0.6599
2021-06-09,89567.3047,90721.2031,89123.7031,89349.8984,-0.348
2021-06-10,89341.8047,91469.7031,89341.8047,90757.5,1.5754
2021-06-11,90958.8047,92325.7031,90946.7031,91561.1016,0.8854
2021-06-15,92236.3047,93383.8984,91586.8984,91732.3047,0.187
2021-06-16,91593.5,92443.3984,89357.8047,89483.7031,-2.4513
2021-06-17,89394.5,91382.2031,89394.5,90363.3047,0.983
2021-06-18,90421.0,92405.3047,90323.3047,91806.1016,1.5967
2021-06-21,91559.0,94299.8984,91559.0,93033.6016,1.3371
2021-06-22,93706.3047,94834.3984,93529.2031,93961.0,0.9968
2021-06-23,93867.2031,95873.7031,93830.3984,95104.8047,1.2173
2021-06-24,95048.0,96119.7031,94038.5,94188.5,-0.9635
2021-06-25,94602.8984,96211.2031,94602.8984,95775.1016,1.6845
2021-06-28,95772.3047,97832.0,95772.3047,96478.8984,0.7348
2021-06-29,96589.6016,97571.8984,95384.3984,95518.7031,-0.9952
2021-06-30,95728.3984,97270.2031,95728.3984,96002.8047,0.5068
2021-07-01,96228.6016,96870.5,94215.7031,94514.5,-1.5503
2021-07-02,94139.8047,95471.6016,93305.5,93524.5,-1.0475
2021-07-05,93741.1016,95526.5,93735.7031,94836.0,1.4023
2021-07-06,95005.7031,96697.3047,94044.1016,95314.8984,0.505
2021-07-07,95282.0,97470.8984,94429.1016,97158.8984,1.9346
2021-07-08,97531.6016,99721.2031,97531.6016,98242.5,1.1153
2021-07-09,97696.8047,99625.3047,97696.8047,99241.1016,1.0165
2021-07-12,100263.8984,103712.8984,100180.3047,102921.8047,3.7088
2021-07-13,102776.5,105040.7031,102776.5,103986.7031,1.0347
2021-07-14,103977.2031,104823.0,103030.2031,103078.5,-0.8734
2021-07-15,102612.3047,104365.0,102612.3047,104171.7031,1.0606
2021-07-16,104244.6016,106599.8984,104068.0,104176.1016,0.0042
2021-07-19,104136.8984,106040.3047,103743.8047,103938.3984,-0.2282
2021-07-20,103074.0,105102.2031,103074.0,103468.2031,-0.4524
2021-07-21,104157.8984,106786.8047,104157.8984,106214.8984,2.6546
2021-07-22,106597.3984,108425.8047,106597.3984,108083.8047,1.7596
2021-07-23,108197.6016,110438.3984,108152.3984,108727.3984,0.5955
2021-07-26,108490.3047,110123.5,106584.7031,108787.6016,0.0554
2021-07-27,108922.3984,111476.3984,107315.3047,107722.8984,-0.9787
2021-07-28,106762.8984,110046.5,104781.1016,106868.5,-0.7931
2021-07-29,109284.7031,111609.2031,109199.8047,111161.5,4.0171
2021-07-30,110963.5,113738.6016,110898.8984,112466.1016,1.1736
2021-08-02,112625.3047,116572.0,112483.7031,116518.3984,3.6031
2021-08-03,116494.3047,118006.8984,115056.7031,115523.1016,-0.8542
2021-08-04,115467.3984,118780.8984,115467.3984,118324.1016,2.4246
2021-08-05,117546.3047,119815.2031,117307.8047,117422.3047,-0.7621
2021-08-06,118043.0,119571.2031,116581.3984,117051.0,-0.3162
2021-08-09,116300.8984,118187.6016,116195.3047,117013.5,-0.032
2021-08-10,116962.2031,119013.5,116645.5,118148.0,0.9695
2021-08-11,118194.8984,120001.8984,117977.2031,118607.2031,0.3887
2021-08-12,118166.3984,120447.3984,118140.3984,118648.3984,0.0347
2021-08-13,118075.0,120895.5,117835.3984,117942.2031,-0.5952
2021-08-16,117959.8047,119442.5,116472.1016,116545.8047,-1.184
2021-08-17,116453.5,117667.2031,113204.3047,113673.1016,-2.4649
2021-08-18,114044.8984,116167.1016,113796.1016,114309.5,0.5598
2021-08-19,114141.0,115971.3984,114021.2031,114456.0,0.1282
2021-08-20,113615.3047,115795.3984,112815.8984,113928.7031,-0.4607
2021-08-23,114592.3047,117798.2031,114592.3047,116993.3047,2.6899
2021-08-24,117093.3984,120191.1016,117093.3984,118815.3047,1.5574
2021-08-25,118865.0,120338.3047,118865.0,119767.6016,0.8015
2021-08-26,119669.7031,121363.8047,118613.3984,118787.8984,-0.818
2021-08-27,118593.8984,121026.3047,118593.8984,119706.3047,0.7731
2021-08-30,120241.7031,123833.8984,120241.7031,122302.1016,2.1685
2021-08-31,121996.3984,123812.0,121885.7031,123495.8047,0.976
2021-09-01,123926.6016,126192.0,123225.2031,124446.1016,0.7695
2021-09-02,124265.3984,127489.6016,124265.3984,126626.5,1.7521
2021-09-03,126700.0,129612.7031,125654.0,126282.1016,-0.272
2021-09-06,126524.3984,129012.5,126478.1016,128113.8047,1.4505
2021-09-07,128066.3984,130666.1016,127980.2031,130425.7031,1.8046
2021-09-08,130331.3047,132900.9062,130331.3047,130831.8047,0.3114
2021-09-09,130629.5,132644.6094,130620.0,131227.5,0.3024
2021-09-10,131101.7031,133991.6094,131068.2031,132400.7969,0.8941
2021-09-13,132540.1094,134321.4062,132540.1094,132929.7031,0.3995
2021-09-14,132500.5,135224.0,131726.4062,132008.5,-0.693
2021-09-15,131716.2969,133745.9062,131348.9062,131617.0,-0.2966
2021-09-16,131867.6094,133358.9062,128437.8047,128536.1016,-2.3408
2021-09-17,128292.0,130253.8047,126697.6016,127706.8984,-0.6451
2021-09-22,126040.3047,128788.2031,126040.3047,126643.0,-0.8331
2021-09-23,128091.6016,129457.6016,126348.3984,126480.8984,-0.128
2021-09-24,126187.3047,127529.2031,123597.8047,123795.3984,-2.1232
2021-09-27,123822.8984,124722.8984,120776.7031,120781.0,-2.435
2021-09-28,120534.5,122123.0,118995.7031,119075.6016,-1.412
2021-09-29,117817.2031,118728.8984,114085.8984,114085.8984,-4.1904
2021-09-30,115105.7031,116813.8984,114625.6016,114707.8047,0.5451
2021-10-08,116451.8047,116799.1016,113493.1016,113586.6016,
2021-10-11,113774.8047,114893.1016,111271.0,111507.5,-1.8304
2021-10-12,110825.7031,111573.8984,107186.5,108040.0,-3.1097
2021-10-13,107629.7031,108251.6016,106964.7031,107004.0,-0.9589
2021-10-14,106972.1016,107837.6016,105397.8047,105399.2031,-1.4998
2021-10-15,105233.5,106497.8047,104735.8984,104785.3047,-0.5825
2021-10-18,104695.0,106268.7031,104695.0,105064.8984,0.2668
2021-10-19,105250.3047,107188.7031,105195.8984,105303.0,0.2266
2021-10-20,104682.6016,106670.0,104682.6016,104811.1016,-0.4671
2021-10-21,104905.3047,106209.2031,103708.2031,103911.6016,-0.8582
2021-10-22,104048.3984,105221.7031,102346.8047,102402.8984,-1.4519
2021-10-25,102381.2031,104490.5,102376.8984,103478.8047,1.0507
2021-10-26,103855.6016,105631.6016,103044.5,103124.8047,-0.3421
2021-10-27,102712.7031,104186.7031,102145.0,102393.3984,-0.7092
2021-10-28,101898.2031,103023.6016,100218.5,100607.8047,-1.7439
2021-10-29,100756.6016,102728.3047,100756.6016,102687.0,2.0666
2021-11-01,102306.3047,105422.1016,102306.3047,104158.8047,1.4333
2021-11-02,104194.1016,106037.0,103452.3047,104173.3047,0.0139
2021-11-03,104070.0,105540.0,103166.1016,103401.3047,-0.7411
2021-11-04,103884.7031,105729.0,103839.1016,104588.6016,1.1482
2021-11-05,104326.3984,106087.6016,103291.1016,103339.0,-1.1948
2021-11-08,103223.5,105261.3047,103223.5,103574.2031,0.2276
2021-11-09,103864.2031,105046.6016,103518.2031,103671.6016,0.094
2021-11-10,103101.0,104193.5,102699.1016,103263.6016,-0.3936
2021-11-11,103051.8047,105022.2031,103051.8047,104310.5,1.0138
2021-11-12,104400.0,106061.2031,104400.0,104794.6016,0.4641
2021-11-15,104924.8047,106132.7031,104182.8984,104322.1016,-0.4509
2021-11-16,104027.2031,105577.7031,103168.2031,103388.7031,-0.8947
2021-11-17,103690.3984,105626.0,103690.3984,104369.5,0.9486
2021-11-18,104167.0,105332.2031,103820.5,103860.3047,-0.4879
2021-11-19,103791.0,105284.5,103791.0,104973.2031,1.0715
2021-11-22,105078.0,108081.0,105078.0,107553.8984,2.4584
2021-11-23,107474.7031,109468.6016,107474.7031,108005.8984,0.4203
2021-11-24,108009.5,109433.2031,107928.2031,108091.0,0.0788
2021-11-25,108125.3984,109250.8984,107156.3984,107246.3984,-0.7814
2021-11-26,106930.1016,108717.1016,106707.3047,106736.6016,-0.4754
2021-11-29,105339.1016,108762.8984,105339.1016,107544.0,0.7564
2021-11-30,108196.7031,109684.8047,107440.1016,108158.0,0.5709
2021-12-01,108005.8984,109484.7031,107985.8047,108180.1016,0.0204
2021-12-02,107979.0,109375.2031,107149.5,107252.8047,-0.8572
2021-12-03,107457.5,108920.0,107457.5,108037.8984,0.732
2021-12-06,108149.0,109929.0,107115.8984,107278.2031,-0.7032
2021-12-07,108043.8047,108549.3047,106343.5,106916.8047,-0.3369
2021-12-08,107375.0,109469.1016,107312.3984,108631.8047,1.6041
2021-12-09,108844.7031,111149.8984,108844.7031,110407.6016,1.6347
2021-12-10,109737.2031,111993.0,109737.2031,111277.5,0.7879
2021-12-13,111985.6016,114343.2031,111981.3047,112898.7031,1.4569
2021-12-14,112457.3047,113995.6016,111969.8984,112161.8984,-0.6526
2021-12-15,112001.1016,113508.8984,111084.7031,111308.6016,-0.7608
2021-12-16,111666.6016,113041.7031,111377.2031,111606.0,0.2672
2021-12-17,111500.7031,112459.1016,109844.1016,109963.8047,-1.4714
2021-12-20,109633.0,110893.8984,107790.7031,107884.6016,-1.8908
2021-12-21,107990.6016,109462.2031,107791.5,107926.6016,0.0389
2021-12-22,108288.6016,109709.3984,107605.7031,107670.5,-0.2373
2021-12-23,107818.7031,109073.8047,107404.3047,107518.6016,-0.1411
2021-12-24,107633.0,108284.5,105709.3984,105731.3047,-1.6623
2021-12-27,105787.6016,107390.3984,104567.2031,104758.3047,-0.9203
2021-12-28,105022.8984,106075.8984,104450.3984,104751.8047,-0.0062
2021-12-29,104692.7031,105819.8984,103430.7031,103461.5,-1.2318
2021-12-30,103603.6016,105563.7031,103603.6016,103848.7031,0.3742
2021-12-31,104374.8984,105759.8047,104119.5,104224.3984,0.3618
2022-01-04,104845.8047,106152.1016,104845.8047,105566.8984,1.2881
2022-01-05,105385.3984,106302.2031,104919.3984,105196.6016,-0.3508
2022-01-06,104475.3984,106632.8047,104475.3984,105759.2031,0.5348
2022-01-07,105828.2031,107051.3047,104764.8984,104910.1016,-0.8029
2022-01-10,104886.3047,107006.5,104636.1016,105097.8984,0.179
2022-01-11,105090.8047,106230.1016,103538.8984,103752.2031,-1.2804
2022-01-12,104293.6016,105971.8984,104293.6016,104956.1016,1.1604
2022-01-13,105045.2031,106029.5,103236.8984,103265.6016,-1.6107
2022-01-14,102865.2031,105106.3984,102865.2031,103500.1016,0.2271
2022-01-17,103485.1016,105963.0,103485.1016,104904.2031,1.3566
2022-01-18,104886.6016,106622.2031,104655.8047,104839.3984,-0.0618
2022-01-19,104571.3047,106196.6016,103568.2031,103817.8047,-0.9744
2022-01-20,103898.8047,104838.3984,102570.0,102696.5,-1.0801
2022-01-21,102273.8047,103522.3047,100351.2031,100459.7031,-2.1781
2022-01-24,99734.8984,101369.0,99281.6016,99373.8984,-1.0808
2022-01-25,98980.2031,99631.6016,95235.8984,95282.5,-4.1172
2022-01-26,96029.7031,96726.8984,94115.1016,94374.2031,-0.9533
2022-01-27,94301.5,94634.2031,90572.7031,90653.2031,-3.9428
2022-01-28,91471.0,91826.8047,89528.5,89683.0,-1.0702
2022-02-07,91376.3984,92608.2031,89989.3047,90234.7031,
2022-02-08,89975.5,91181.3984,89201.3984,90473.6016,0.2648
2022-02-09,90384.3984,92426.2031,90363.2031,92008.8047,1.6969
2022-02-10,91998.7031,93259.0,91332.3047,91690.3984,-0.3461
2022-02-11,91046.0,92772.6016,90425.5,90612.3984,-1.1757
2022-02-14,89984.3984,92254.8047,89221.7031,89633.8984,-1.0799
2022-02-15,89799.3984,91262.0,89487.5,89849.7031,0.2408
2022-02-16,90579.8984,91842.8047,89389.1016,89554.8047,-0.3282
2022-02-17,89193.6016,90802.3984,89193.6016,89472.2031,-0.0922
2022-02-18,88786.3984,90512.1016,88786.3984,89012.5,-0.5138
2022-02-21,89190.3984,90414.7031,89190.3984,89516.6016,0.5663
2022-02-22,88949.0,90257.8984,88746.0,89124.6016,-0.4379
2022-02-23,89440.1016,91576.8047,89440.1016,91320.6016,2.464
2022-02-24,90644.8984,92806.1016,90638.3984,92364.6016,1.1432
2022-02-25,93513.3984,95834.2031,93399.3984,93561.3984,1.2957
2022-02-28,93586.0,95064.3984,93490.3984,93823.2031,0.2798
2022-03-01,93874.6016,95505.8984,93874.6016,94102.3047,0.2975
2022-03-02,93627.6016,94802.8047,93246.7031,93284.0,-0.8696
2022-03-03,93720.6016,94615.0,92809.3984,92933.1016,-0.3762
2022-03-04,92175.3984,94186.1016,91555.2031,91884.6016,-1.1282
2022-03-07,91603.1016,92835.0,90218.3047,90745.3047,-1.2399
2022-03-08,90734.1016,91726.8984,89056.1016,89295.8984,-1.5972
2022-03-09,89758.5,90801.8984,86054.8047,90398.5,1.2348
2022-03-10,92575.6016,94673.7031,92458.8047,92886.0,2.7517
2022-03-11,91364.6016,93997.1016,91321.2031,93869.8047,1.0592
2022-03-14,92912.8984,94931.8047,91033.8047,91042.0,-3.0125
2022-03-15,89790.6016,92561.3984,88249.6016,88266.3047,-3.0488
2022-03-16,89926.0,93576.3047,88019.3984,93421.5,5.8405
2022-03-17,94817.3984,98785.7031,94749.3984,96820.7031,3.6386
2022-03-18,96141.0,97870.8047,96141.0,97144.1016,0.334
2022-03-21,97295.3984,99522.6016,97295.3984,97661.2031,0.5323
2022-03-22,97360.0,98515.6016,96078.7031,96388.2031,-1.3035
2022-03-23,96629.2031,97800.3984,95701.8047,95767.1016,-0.6444
2022-03-24,95261.8047,96150.0,94124.2031,94238.2031,-1.5965
2022-03-25,94238.5,95249.5,92048.6016,92057.8047,-2.3137
2022-03-28,91425.5,93156.2031,90394.0,90754.8047,-1.4154
2022-03-29,91090.6016,92056.0,89128.6016,89390.5,-1.5033
2022-03-30,89816.3047,91402.3047,89800.6016,91196.8984,2.0208
2022-03-31,90956.3984,92305.1016,90287.6016,90349.2031,-0.9295
2022-04-01,89618.3047,91776.6016,89618.3047,90240.0,-0.1209
2022-04-06,90294.6016,91445.7031,89964.2031,90349.2031,0.121
2022-04-07,89719.7031,90986.8984,88208.8047,88237.0,-2.3378
2022-04-08,88435.3984,89359.8984,87732.8047,87913.8984,-0.3662
2022-04-11,87220.3984,87840.5,85116.6016,85557.8047,-2.68
2022-04-12,85537.3984,86867.3047,84927.6016,86867.3047,1.5305
2022-04-13,86088.8047,86974.6016,85000.8047,85000.8047,-2.1487
2022-04-14,85578.3047,87062.5,85536.8047,85954.0,1.1214
2022-04-15,85387.0,86550.3047,84625.7031,84877.8984,-1.252
2022-04-18,83980.5,86050.5,83865.1016,84165.8047,-0.839
2022-04-19,84207.3047,85456.3984,83327.8984,83634.5,-0.6313
2022-04-20,83388.5,83948.6016,81284.1016,81547.5,-2.4954
2022-04-21,81228.8047,82240.1016,78714.6016,79082.3047,-3.023
2022-04-22,78444.8984,80177.3984,77892.8047,78050.1016,-1.3052
2022-04-25,76440.3047,77335.2031,74042.1016,74068.3047,-5.1016
2022-04-26,74444.6016,76002.3047,72771.5,73087.8047,-1.3238
2022-04-27,72302.8047,77167.5,72295.1016,77163.2031,5.576
2022-04-28,76583.3047,79019.7031,76583.3047,77269.3984,0.1376
2022-04-29,77919.8984,81394.8047,77821.5,81370.8984,5.3081
2022-05-05,81233.3984,83996.1016,81233.3984,82728.3047,
2022-05-06,80730.2031,82856.8047,80441.8984,80483.3984,-2.7136
2022-05-09,80355.1016,82026.2031,79655.8984,79745.3047,-0.9171
2022-05-10,78606.3984,81887.0,78584.7031,81092.8047,1.6898
2022-05-11,81410.1016,85102.1016,81410.1016,83471.2031,2.9329
2022-05-12,83344.6016,84815.3984,82597.2031,82938.6016,-0.6381
2022-05-13,83562.3047,84244.0,82357.2031,82505.3047,-0.5224
2022-05-16,83271.7031,84205.5,81710.1016,81804.3047,-0.8496
2022-05-17,81783.7031,82515.3984,81507.3984,81679.7031,-0.1523
2022-05-18,81766.8047,82922.7031,80977.3047,81063.8047,-0.754
2022-05-19,79762.8047,81820.8047,79762.8047,81411.8984,0.4294
2022-05-20,81993.3047,83400.0,81993.3047,83069.2031,2.0357
2022-05-23,83405.1016,84555.5,83405.1016,83715.2031,0.7777
2022-05-24,83675.3984,84545.2031,81490.3047,81509.5,-2.6348
2022-05-25,81469.1016,82975.1016,81469.1016,81953.7031,0.545
2022-05-26,81890.3984,83309.3984,81651.5,82072.0,0.1443
2022-05-27,82653.6016,83861.2031,81468.3047,81866.6016,-0.2503
2022-05-30,82284.5,83378.5,81921.5,82195.3047,0.4015
2022-05-31,82179.5,83723.1016,82139.8984,83723.1016,1.8587
2022-06-01,83338.0,85103.5,83338.0,83952.3984,0.2739
2022-06-02,83866.6016,85229.6016,83466.6016,84632.2031,0.8098
2022-06-06,84691.6016,88412.8047,84691.6016,88278.8047,4.3088
2022-06-07,88411.0,90165.2031,88411.0,89333.3047,1.1945
2022-06-08,89380.2031,91221.7031,89380.2031,91162.0,2.047
2022-06-09,90944.8984,92101.0,90040.5,90162.5,-1.0964
2022-06-10,89511.3047,92883.8047,89511.3047,92883.8047,3.0182
2022-06-13,92067.8047,94985.5,92067.8047,93971.5,1.171
2022-06-14,92877.3047,95359.3984,92590.8984,95359.3984,1.4769
2022-06-15,95593.8984,99352.2031,95593.8984,97684.3984,2.4381
2022-06-16,97889.8984,99976.6016,97889.8984,98226.5,0.555
2022-06-17,97511.1016,100034.8047,97511.1016,99828.7031,1.6311
2022-06-20,100346.1016,102856.3047,100346.1016,101517.3047,1.6915
2022-06-21,101343.7031,102698.2031,100018.3047,100834.8047,-0.6723
2022-06-22,100995.2031,102238.2031,99249.8047,99304.8047,-1.5173
2022-06-23,99695.2031,101581.0,99681.5,101540.8047,2.2517
2022-06-24,101857.3984,104319.3047,101808.6016,103339.5,1.7714
2022-06-27,104233.1016,106903.3047,104210.3047,105668.3047,2.2535
2022-06-28,105653.3047,107884.3047,105580.5,107884.3047,2.0971
2022-06-29,107516.8047,109541.3984,106277.0,106434.2031,-1.3441
2022-06-30,106825.1016,109186.8047,106825.1016,107955.6016,1.4294
2022-07-01,108087.8984,109418.2031,106878.6016,107124.6016,-0.7698
2022-07-04,106912.0,109158.3047,106666.7031,108098.5,0.9091
2022-07-05,108545.3047,109747.8047,107202.3047,108149.1016,0.0468
2022-07-06,107619.8984,109267.6016,105655.8047,106463.3047,-1.5588
2022-07-07,106467.8047,108290.8984,106349.8047,106927.1016,0.4356
2022-07-08,107733.2031,108720.7031,105349.0,105407.5,-1.4212
2022-07-11,104729.7031,105504.3984,102633.0,103109.2031,-2.1804
2022-07-12,103149.8047,104470.2031,100774.5,100805.8984,-2.2338
2022-07-13,100861.3984,102089.0,100425.8984,100654.5,-0.1502
2022-07-14,100291.1016,102707.1016,100291.1016,101065.8984,0.4087
2022-07-15,100723.7031,103037.3047,99890.3984,99903.8984,-1.1497
2022-07-18,100667.0,102404.0,100515.3047,101343.8984,1.4414
2022-07-19,101269.3984,103002.7031,100620.6016,100749.3047,-0.5867
2022-07-20,101199.6016,102463.6016,100462.8047,100658.0,-0.0906
2022-07-21,100356.0,101846.1016,99266.2031,99316.5,-1.3327
2022-07-22,100022.7031,100943.2031,97896.3984,98433.6016,-0.889
2022-07-25,98396.1016,99070.6016,95792.0,95812.5,-2.6628
2022-07-26,95968.6016,97244.6016,95314.1016,95411.3984,-0.4186
2022-07-27,95225.3047,96665.7031,94656.6016,94830.2031,-0.6091
2022-07-28,95488.2031,97081.1016,95100.3047,95167.2031,0.3554
2022-07-29,95333.7031,96654.2031,94428.2031,94670.5,-0.5219
2022-08-01,94620.8047,96221.8047,94231.3047,95435.7031,0.8083
2022-08-02,94026.7031,95742.1016,93086.5,93982.7031,-1.5225
2022-08-03,95074.1016,96675.7031,93238.2031,93725.6016,-0.2736
2022-08-04,94560.3047,95643.0,93130.6016,93678.6016,-0.0501
2022-08-05,93906.5,95007.3047,93723.0,94752.8984,1.1468
2022-08-08,94621.2031,96668.8984,94494.5,95369.0,0.6502
2022-08-09,95138.0,96842.3047,95062.5,95318.6016,-0.0528
2022-08-10,95067.1016,96519.6016,94551.3984,94786.3047,-0.5584
2022-08-11,95329.5,96693.6016,95227.6016,96337.0,1.636
2022-08-12,96155.1016,97677.1016,95277.3984,95341.8984,-1.0329
2022-08-15,95186.6016,97359.0,95186.6016,95782.5,0.4621
2022-08-16,95941.6016,97850.1016,95941.6016,96195.8984,0.4316
2022-08-17,96336.0,97713.5,96220.3047,96815.1016,0.6437
2022-08-18,96534.0,98056.0,96534.0,97080.7031,0.2743
2022-08-19,97120.5,98081.0,95937.0,95983.5,-1.1302
2022-08-22,96017.6016,97881.6016,95766.8047,96796.1016,0.8466
2022-08-23,96565.3984,98299.0,96565.3984,96907.2031,0.1148
2022-08-24,97106.8984,97480.2031,94383.2031,94550.8047,-2.4316
2022-08-25,95055.2031,95386.0,93171.2031,94099.2031,-0.4776
2022-08-26,94280.8984,96158.0,92789.6016,92980.3984,-1.189
2022-08-29,91745.6016,94278.7031,91745.6016,92587.1016,-0.423
2022-08-30,92524.5,93411.5,90784.6016,90854.3984,-1.8714
2022-08-31,90502.0,91054.1016,88627.5,89009.1016,-2.031
2022-09-01,88987.8984,90429.0,87378.0,87552.1016,-1.6369
2022-09-02,87801.8984,89131.3984,86667.3047,86892.6016,-0.7533
2022-09-05,86712.8047,88407.1016,85995.0,86260.3984,-0.7276
2022-09-06,86406.6016,88229.3047,86406.6016,87716.1016,1.6876
2022-09-07,87648.3984,89649.6016,87414.6016,87950.8047,0.2676
2022-09-08,87797.1016,88887.1016,86120.3984,86199.0,-1.9918
2022-09-09,86316.1016,87211.6016,85609.7031,85660.8047,-0.6244
2022-09-13,86052.1016,86854.6016,84905.3047,84997.2031,-0.7747
2022-09-14,83794.5,85306.3984,83100.6016,83157.7031,-2.1642
2022-09-15,83173.3984,83600.8047,80839.0,81616.8984,-1.8529
2022-09-16,81494.8984,82439.2031,79569.3047,79655.3984,-2.4033
2022-09-19,79512.1016,80825.7031,78022.5,78078.6016,-1.9795
2022-09-20,78758.0,80220.1016,77804.8984,77901.8047,-0.2264
2022-09-21,77313.2031,78378.6016,76626.7031,76677.8047,-1.5712
2022-09-22,76182.3984,78027.7031,75427.8047,75461.2031,-1.5866
2022-09-23,75464.7031,76052.0,73480.8984,73509.8984,-2.5858
2022-09-26,73028.6016,74860.3984,72223.1016,72366.6016,-1.5553
2022-09-27,72785.6016,73516.6016,72361.8984,73144.8047,1.0754
2022-09-28,72911.8984,73289.3984,70493.1016,70508.6016,-3.6041
2022-09-29,71296.1016,71974.3047,69542.2031,69876.3984,-0.8966
2022-09-30,69911.5,70388.2031,67848.3984,67888.0,-2.8456
2022-10-10,68064.5,68885.2031,66063.3984,66292.3047,
2022-10-11,66470.6016,67283.1016,65926.2031,66084.3984,-0.3136
2022-10-12,65957.8984,68295.8984,65026.1016,68295.8984,3.3465
2022-10-13,67737.5,69876.5,67737.5,68804.3047,0.7444
2022-10-14,69474.0,72265.3984,69474.0,71971.8047,4.6036
2022-10-17,71796.3047,73750.7031,71796.3047,73375.6016,1.9505
2022-10-18,73675.2031,75068.8047,73675.2031,74051.3047,0.9209
2022-10-19,73747.3047,75180.8984,73369.0,73391.6016,-0.8909
2022-10-20,72867.8047,75019.7031,72867.8047,73414.7031,0.0315
2022-10-21,73421.8984,74458.6016,73058.3047,73205.0,-0.2856
2022-10-24,73312.7031,75020.3984,72855.3047,73374.3984,0.2314
2022-10-25,72991.3047,75114.8984,72891.8984,73807.8984,0.5908
2022-10-26,73915.2031,77198.2031,73915.2031,76302.6016,3.38
2022-10-27,76577.8984,78303.0,76577.8984,76928.5,0.8203
2022-10-28,76236.0,77697.1016,75324.3984,75683.7031,-1.6181
2022-10-31,75269.0,78386.5,75269.0,77042.6016,1.7955
2022-11-01,77281.8047,80776.3984,77281.8047,80776.3984,4.8464
2022-11-02,80552.0,84117.8047,80552.0,83685.8984,3.6019
2022-11-03,82832.0,85302.8047,82832.0,83919.0,0.2785
2022-11-04,84177.7031,87904.0,84177.7031,87723.8984,4.534
2022-11-07,87748.8047,89834.3047,87748.8047,88721.8047,1.1376
2022-11-08,88686.7031,89344.3984,87323.7031,87718.1016,-1.1313
2022-11-09,87753.6016,88952.0,86266.3047,86315.8047,-1.5986
2022-11-10,85702.2031,86868.7031,84961.7031,85077.6016,-1.4345
2022-11-11,87463.5,89033.3047,87463.5,88273.6016,3.7566
2022-11-14,88609.6016,90616.7031,88392.0,89231.0,1.0846
2022-11-15,89191.0,92237.3984,89094.1016,92094.2031,3.2088
2022-11-16,92051.2031,93716.8047,91074.2031,91203.3047,-0.9674
2022-11-17,90727.8047,91599.1016,90203.3047,90975.5,-0.2498
2022-11-18,91206.3984,92659.3984,90382.8984,90571.1016,-0.4445
2022-11-21,89789.8047,91400.3047,89690.6016,89865.8047,-0.7787
2022-11-22,89699.5,90325.0,87889.5,88212.2031,-1.8401
2022-11-23,87931.3984,88398.0,87125.1016,87196.5,-1.1514
2022-11-24,87617.2031,88298.1016,85995.5,86066.8984,-1.2955
2022-11-25,85651.7031,86371.0,84180.5,84207.8047,-2.1601
2022-11-28,82864.8047,84782.7031,82814.0,83098.6016,-1.3172
2022-11-29,83827.8047,86244.8047,83827.8047,85800.8984,3.2519
2022-11-30,85796.5,87333.5,85574.8984,86239.7031,0.5114
2022-12-01,87557.6016,89394.2031,87557.6016,88200.3984,2.2735
2022-12-02,87917.3047,89624.5,87684.1016,87739.3047,-0.5228
2022-12-05,88550.3047,90220.2031,88483.6016,89798.8984,2.3474
2022-12-06,89520.3984,91527.8047,89497.8984,90237.3984,0.4883
2022-12-07,90073.2031,91359.2031,90057.7031,90418.7031,0.2009
2022-12-08,90418.3984,91314.3984,89493.3047,89572.3047,-0.9361
2022-12-09,89560.7031,90603.0,89541.1016,90528.5,1.0675
2022-12-12,90505.0,91396.8047,89852.6016,89919.5,-0.6727
2022-12-13,89914.3984,90561.8047,88381.5,88447.3047,-1.6372
2022-12-14,88432.1016,89243.3047,87098.6016,87231.1016,-1.3751
2022-12-15,87201.0,88136.8984,86164.0,86267.1016,-1.1051
2022-12-16,85830.0,86608.5,84413.8047,84641.6016,-1.8843
2022-12-19,84613.2031,84991.2031,81698.5,82015.8984,-3.1021
2022-12-20,81718.1016,82024.5,79475.7031,79491.2031,-3.0783
2022-12-21,79494.1016,79840.6016,77079.6016,77154.1016,-2.9401
2022-12-22,77282.0,77995.6016,75089.5,75269.8047,-2.4423
2022-12-23,74810.5,75864.8984,73166.1016,73422.8047,-2.4538
2022-12-26,73535.8047,74898.3047,73391.1016,73500.5,0.1058
2022-12-27,73714.3984,74193.3984,73171.2031,73208.6016,-0.3971
2022-12-28,72865.8047,73550.2031,71856.1016,71883.8047,-1.8096
2022-12-29,71575.6016,72415.5,70614.0,70643.3047,-1.7257
2022-12-30,70987.8984,71508.3984,69868.5,69917.1016,-1.028
2023-01-03,69846.7031,71846.6016,69846.7031,71836.8047,2.7457
2023-01-04,71917.1016,73135.5,71857.3984,72258.2031,0.5866
2023-01-05,72423.3984,74318.8047,72402.8047,73949.8047,2.3411
2023-01-06,73973.3047,75519.7031,73973.3047,74681.0,0.9888
2023-01-09,75031.7031,76664.8984,75031.7031,75677.8984,1.3349
2023-01-10,75651.3047,76677.5,75593.0,75681.8984,0.0053
2023-01-11,75656.6016,76713.0,74827.3047,74944.8047,-0.9739
2023-01-12,75242.3047,76216.8984,74345.5,74434.8984,-0.6804
2023-01-13,74653.6016,75251.6016,74032.3984,74463.2031,0.038
2023-01-16,74666.3047,77601.3984,74666.3047,76897.0,3.2685
2023-01-17,76980.1016,77888.3984,76230.6016,76380.2031,-0.6721
2023-01-18,76486.5,77300.0,75389.3984,75462.6016,-1.2014
2023-01-19,75250.1016,76023.0,75202.5,75445.3984,-0.0228
2023-01-20,75477.0,76858.2031,75477.0,76218.8984,1.0252
2023-01-30,77875.3984,80150.6016,77875.3984,79626.2031,
2023-01-31,79560.3047,81113.6016,79537.0,80391.3984,0.961
2023-02-01,80590.0,83237.2031,80580.8984,83237.2031,3.5399
2023-02-02,83288.7031,85306.0,83288.7031,84674.8047,1.7271
2023-02-03,84393.3984,85228.8984,84223.3984,84883.3984,0.2463
2023-02-06,84568.7031,85989.8984,84352.0,84508.2031,-0.442
2023-02-07,84632.0,85452.3984,84389.5,84580.2031,0.0852
2023-02-08,84704.1016,85345.2031,83407.1016,83464.5,-1.3191
2023-02-09,83171.5,85097.5,83171.5,85024.2031,1.8687
2023-02-10,85040.3984,86226.8984,84608.5,84698.3984,-0.3832
2023-02-13,84787.6016,86719.5,84786.8047,86517.7031,2.148
2023-02-14,86653.3984,87921.6016,86442.3047,86654.3047,0.1579
2023-02-15,86660.0,87686.1016,86660.0,87073.8047,0.4841
2023-02-16,87021.1016,88640.7031,86592.0,87593.5,0.5968
2023-02-17,87627.1016,88622.5,86469.3984,86526.8984,-1.2177
2023-02-20,86741.1016,88580.0,86681.3047,88580.0,2.3728
2023-02-21,88560.7031,90385.5,88541.8984,88952.1016,0.4201
2023-02-22,88332.3984,89573.3047,87592.6016,87737.3047,-1.3657
2023-02-23,87777.1016,88658.2031,86446.7031,86649.0,-1.2404
2023-02-24,86714.8984,87274.0,85000.0,85021.8047,-1.8779
2023-02-27,84892.1016,85854.6016,83484.0,83582.7031,-1.6926
2023-02-28,84011.8047,84794.2031,82898.1016,83559.3047,-0.028
2023-03-01,83437.7031,85352.8984,83437.7031,84951.7031,1.6664
2023-03-02,84913.2031,86243.8047,84908.8984,85098.8984,0.1733
2023-03-03,85047.3047,86170.1016,84967.1016,85058.6016,-0.0474
2023-03-06,85147.6016,86446.0,85127.1016,85802.5,0.8746
2023-03-07,85660.5,86605.8047,84599.3047,84702.8984,-1.2815
2023-03-08,84462.3984,85779.0,83582.7031,83979.8984,-0.8536
2023-03-09,83985.3047,84650.3047,82997.3984,83066.2031,-1.088
2023-03-10,82674.2031,83545.8047,81570.3047,81599.3047,-1.7659
2023-03-13,81580.0,82796.3047,81580.0,82402.2031,0.984
2023-03-14,82237.1016,83033.8047,82090.6016,82446.8984,0.0542
2023-03-15,82900.3047,84241.5,82400.3984,82485.8984,0.0473
2023-03-16,81985.8984,83075.2031,81255.5,81363.3984,-1.3608
2023-03-17,82026.3984,83973.1016,81996.8047,83273.1016,2.3471
2023-03-20,83566.8047,85934.2031,83562.7031,84542.5,1.5244
2023-03-21,84691.0,86098.0,84674.6016,85719.5,1.3922
2023-03-22,85977.3984,87574.8047,85977.3984,86804.8047,1.2661
2023-03-23,86552.1016,88356.0,86552.1016,88356.0,1.787
2023-03-24,88382.0,89898.2031,88382.0,89517.7031,1.3148
2023-03-27,89532.6016,91529.6016,89532.6016,91008.2031,1.665
2023-03-28,90808.7031,91880.5,89950.8047,90121.8047,-0.974
2023-03-29,90179.8984,91196.8047,89944.6016,90105.8984,-0.0176
2023-03-30,90194.6016,91018.0,89659.3984,89942.1016,-0.1818
2023-03-31,90011.7031,91337.1016,89933.3047,90988.5,1.1634
2023-04-03,91192.3047,94836.5,91192.3047,94836.5,4.2291
2023-04-04,94747.8984,97411.5,94747.8984,96929.3984,2.2068
2023-04-06,96316.3047,98806.1016,96316.3047,97901.7031,1.0031
2023-04-07,98012.7031,99721.2031,97939.8047,98551.3047,0.6635
2023-04-10,98926.3047,100526.3984,97736.1016,97975.1016,-0.5847
2023-04-11,98081.3047,99707.1016,97970.5,98331.5,0.3638
2023-04-12,98296.8984,100545.5,98252.3984,99621.6016,1.312
2023-04-13,99277.1016,100818.7031,98388.0,98554.7031,-1.071
2023-04-14,98922.2031,100204.0,98922.2031,99385.2031,0.8427
2023-04-17,99207.7031,101265.0,99207.7031,99861.5,0.4792
2023-04-18,99529.8984,101044.0,99529.8984,99762.8984,-0.0987
2023-04-19,99682.7031,101135.8047,99199.3047,99404.3984,-0.3594
2023-04-20,99424.3047,101000.0,99424.3047,100578.7031,1.1813
2023-04-21,100589.2031,101660.8047,98358.3984,98400.5,-2.1657
2023-04-24,98511.0,99845.8047,97514.1016,98044.3047,-0.362
2023-04-25,97924.6016,98586.8984,96376.3047,97144.8984,-0.9173
2023-04-26,96851.0,98631.8984,96851.0,97209.0,0.066
2023-04-27,96653.6016,98655.2031,96229.6016,96653.1016,-0.5719
2023-04-28,96667.0,99667.5,96667.0,99288.6016,2.7268
2023-05-04,99243.2031,101415.8047,99243.2031,100550.8984,
2023-05-05,100376.5,101555.7031,99419.7031,99559.8984,-0.9856
2023-05-08,99848.5,102099.7031,99807.8984,101199.8984,1.6472
2023-05-09,101088.6016,103368.7031,100858.8984,100948.7031,-0.2482
2023-05-10,100731.2031,102088.8047,99639.0,100179.8047,-0.7617
2023-05-11,100562.1016,101244.3047,98584.8047,98616.7031,-1.5603
2023-05-12,98328.6016,99441.7031,95678.3047,95726.3047,-2.9309
2023-05-15,95917.3984,96632.8047,95017.1016,96165.8047,0.4591
2023-05-16,96028.5,96694.8984,93656.3984,93849.0,-2.4092
2023-05-17,93450.6016,94985.8984,92395.6016,92601.2031,-1.3296
2023-05-18,92670.0,94217.5,92315.3047,92386.8984,-0.2314
2023-05-19,92192.3984,93060.6016,90970.2031,91007.1016,-1.4935
2023-05-22,90965.2031,91896.7031,89621.8984,89665.1016,-1.4746
2023-05-23,89496.8984,89957.5,87072.0,87073.7031,-2.8901
2023-05-24,87046.7031,87905.8047,85782.5,85800.8047,-1.4619
2023-05-25,85823.0,86778.6016,84475.6016,85340.3984,-0.5366
2023-05-26,85199.1016,86301.3047,85078.8984,85113.3984,-0.266
2023-05-29,85575.7031,86888.3047,85023.8047,85134.7031,0.025
2023-05-30,84830.3984,86125.6016,84783.0,86054.7031,1.0806
2023-05-31,85839.3047,87128.5,85559.3047,85948.6016,-0.1233
2023-06-01,85946.1016,87967.5,85567.3984,86569.3984,0.7223
2023-06-02,86584.1016,88242.3984,86584.1016,86978.7031,0.4728
2023-06-05,87069.3047,88605.1016,86665.2031,86779.3047,-0.2292
2023-06-06,86476.7031,87638.2031,84827.1016,85144.0,-1.8844
2023-06-07,85134.3047,86315.5,84275.1016,84560.3984,-0.6854
2023-06-08,84380.8047,85164.0,83651.5,83711.3047,-1.0041
2023-06-09,83795.3047,85167.8047,83795.3047,85151.5,1.7204
2023-06-12,85537.3047,87164.8047,85537.3047,86303.5,1.3529
2023-06-13,86141.8984,87729.8984,86141.8984,86855.6016,0.6397
2023-06-14,86884.7031,88322.0,86884.7031,87327.5,0.5433
2023-06-15,87390.3047,89014.2031,87390.3047,88660.8047,1.5268
2023-06-16,88611.8984,90611.5,88611.8984,90515.6016,2.092
2023-06-19,90526.6016,92377.1016,90526.6016,91728.7031,1.3402
2023-06-20,91649.3047,92874.6016,91496.8047,92095.6016,0.4
2023-06-21,91655.3984,92415.5,89555.8984,89591.1016,-2.7195
2023-06-26,88923.7031,90193.8984,87292.2031,87550.3984,-2.2778
2023-06-27,87771.3984,88963.8047,87697.1016,87807.8047,0.294
2023-06-28,87469.8984,87567.3047,86422.3984,86552.2031,-1.4299
2023-06-29,86584.7031,87614.3047,86363.8984,86380.5,-0.1984
2023-06-30,86361.0,87711.1016,86110.3047,86996.3047,0.7129
2023-07-03,87428.3984,88962.3984,87428.3984,87898.8984,1.0375
2023-07-04,87772.2031,89105.1016,87772.2031,88192.8984,0.3345
2023-07-05,88018.6016,89018.5,86511.0,86668.0,-1.729
2023-07-06,86417.1016,88149.3047,85633.8984,85750.6016,-1.0585
2023-07-07,85564.0,85940.0,83996.3984,84034.1016,-2.0017
2023-07-10,84543.8047,85375.7031,83114.3047,83168.8047,-1.0297
2023-07-11,83168.2031,84155.5,82815.5,82914.6016,-0.3056
2023-07-12,82827.8047,83763.8047,81575.8984,81742.2031,-1.414
2023-07-13,82054.6016,83454.5,82054.6016,83157.2031,1.7311
2023-07-14,83356.8984,84706.1016,83271.6016,83359.8984,0.2437
2023-07-17,83052.0,84228.3984,82127.8047,82340.6016,-1.2228
2023-07-18,82350.0,82891.3047,81052.5,81114.0,-1.4897
2023-07-19,81134.3984,81768.0,79564.8984,79658.7031,-1.7941
2023-07-20,79746.5,80253.6016,77728.6016,77894.7031,-2.2144
2023-07-21,77846.3984,78757.8047,76563.0,76627.3984,-1.6269
2023-07-24,76413.5,78012.3047,75427.7031,75488.2031,-1.4867
2023-07-25,76633.5,78651.8047,76544.1016,78342.7031,3.7814
2023-07-26,78068.0,79155.5,77320.3047,77542.3984,-1.0215
2023-07-27,77533.0,78753.6016,76697.0,76862.8984,-0.8763
2023-07-28,76582.2031,79169.0,76582.2031,79169.0,3.0003
2023-07-31,79678.2031,83048.2031,79678.2031,82603.5,4.3382
2023-08-01,82369.1016,84169.3047,82369.1016,83271.5,0.8087
2023-08-02,83010.2031,84468.8047,82754.1016,82906.3984,-0.4384
2023-08-03,82692.3047,83749.5,82692.3047,82992.2031,0.1035
2023-08-04,83640.0,85379.3047,83640.0,84878.8047,2.2732
2023-08-07,84653.2031,86160.6016,84312.0,84613.6016,-0.3124
2023-08-08,84533.1016,85228.8984,83347.3984,83390.8984,-1.445
2023-08-09,83061.0,83811.8047,81430.0,81566.1016,-2.1882
2023-08-10,81436.3984,82328.0,80301.1016,80420.1016,-1.405
2023-08-11,80326.8047,80691.3047,78127.2031,78220.5,-2.7351
2023-08-14,78065.7031,78820.0,77700.3047,77977.8047,-0.3103
2023-08-15,77938.0,78569.6016,76386.3984,76622.0,-1.7387
2023-08-16,76260.0,76866.3047,74943.3047,74966.5,-2.1606
2023-08-17,74622.5,75994.2031,74570.0,75159.0,0.2568
2023-08-18,75355.3047,75967.5,73355.5,73362.3047,-2.3905
2023-08-21,73267.0,74465.8984,71927.0,71933.6016,-1.9475
2023-08-22,72612.3047,73190.3984,71462.5,73184.7031,1.7392
2023-08-23,72810.8047,73175.6016,71038.2031,71076.7031,-2.8804
2023-08-24,71139.3984,72655.6016,71139.3984,71484.6016,0.5739
2023-08-25,70923.3984,72173.2031,69931.0,70265.0,-1.7061
2023-08-28,74805.6016,75891.0,73629.6016,73986.6016,5.2965
2023-08-29,73780.8984,78046.8047,73780.8984,77903.7031,5.2943
2023-08-30,78017.8984,80226.2031,78017.8984,79274.5,1.7596
2023-08-31,78951.1016,80264.8984,78420.3047,78578.5,-0.878
2023-09-01,78986.5,79918.8984,77752.8047,77884.7031,-0.8829
2023-09-04,78390.1016,80167.8984,78378.8984,79590.0,2.1895
2023-09-05,79321.3047,80234.5,78559.7031,78647.1016,-1.1847
2023-09-06,78576.3984,79154.1016,78133.8984,78364.5,-0.3593
2023-09-07,78212.6016,78821.5,76557.3984,76586.3984,-2.269
2023-09-08,76303.0,77028.2031,75530.6016,75549.8984,-1.3534
2023-09-11,75704.8984,77435.5,75584.8984,76650.2031,1.4564
2023-09-12,76527.8047,77398.5,75622.3047,75659.8047,-1.2921
2023-09-13,75443.8047,75990.7031,73787.3047,74030.3047,-2.1537
2023-09-14,73965.6016,74497.0,72604.8984,72735.3984,-1.7492
2023-09-15,72947.6016,73801.7031,72055.6016,72407.3047,-0.4511
2023-09-18,72104.8984,73929.8047,72070.6016,72257.8984,-0.2063
2023-09-19,72059.3984,72422.1016,70767.1016,70785.7031,-2.0374
2023-09-20,70583.1016,71268.1016,69012.1016,69027.5,-2.4838
2023-09-21,68829.3047,69639.8047,67614.0,67631.3984,-2.0225
2023-09-22,67569.8047,69523.8047,67569.8047,69523.8047,2.7981
2023-09-25,69512.2031,70486.3984,69141.8047,69173.3984,-0.504
2023-09-26,69087.5,70095.5,68391.2031,68399.1016,-1.1194
2023-09-27,68417.5,69808.3984,68417.5,68640.1016,0.3523
2023-09-28,68957.3047,69903.0,68907.6016,69096.8984,0.6655
2023-10-09,69109.7031,70417.7031,69081.2031,69512.1016,
2023-10-10,69905.7031,70854.2031,69554.1016,69661.8047,0.2154
2023-10-11,69837.3047,71627.3984,69837.3047,70613.5,1.3662
2023-10-12,71155.1016,72145.5,71038.8047,71653.0,1.4721
2023-10-13,71230.3047,72594.3984,71230.3047,71667.3984,0.0201
2023-10-16,71678.8984,72642.8984,71011.8047,71383.6016,-0.396
2023-10-17,71393.3984,72001.0,70872.6016,71062.3984,-0.45
2023-10-18,70760.7031,71567.6016,70097.0,70161.3047,-1.268
2023-10-19,69678.0,71447.8047,69454.5,69533.1016,-0.8954
2023-10-20,69178.3047,70248.3047,68431.8984,68582.3984,-1.3673
2023-10-23,68262.1016,68874.2031,66860.3047,67303.8984,-1.8642
2023-10-24,67778.7031,69805.0,67642.1016,68847.8984,2.2941
2023-10-25,69499.5,71587.8047,69469.2031,70553.2031,2.4769
2023-10-26,70205.1016,71776.3047,70205.1016,71321.3984,1.0888
2023-10-27,71032.7031,73769.1016,71032.7031,73680.3984,3.3076
2023-10-30,73629.5,76695.1016,73629.5,76680.1016,4.0712
2023-10-31,76681.6016,77956.0,76469.0,76810.2031,0.1697
2023-11-01,76941.1016,77974.7031,76486.8047,76548.6016,-0.3406
2023-11-02,76673.5,77290.2031,75185.8047,75221.3984,-1.7338
2023-11-03,75398.8047,77279.3047,75398.8047,76172.8047,1.2648
2023-11-06,76890.2031,79875.5,76890.2031,79829.5,4.8005
2023-11-07,79643.1016,81348.5,79643.1016,81072.8047,1.5575
2023-11-08,80929.6016,82881.3984,80929.6016,82196.5,1.386
2023-11-09,82061.3984,83273.5,81617.3984,81735.2031,-0.5612
2023-11-10,81232.1016,82384.3984,80546.8047,80588.3984,-1.4031
2023-11-13,81000.8047,82360.8984,80838.5,81086.6016,0.6182
2023-11-14,81031.8047,82533.2031,80994.1016,81533.8047,0.5515
2023-11-15,82387.6016,83430.7031,82216.1016,82423.5,1.0912
2023-11-16,82029.1016,83218.8047,81091.2031,81107.3047,-1.5969
2023-11-17,81049.8047,81822.1016,80641.8984,80845.5,-0.3228
2023-11-20,80996.8984,82310.1016,80996.8984,81627.8047,0.9677
2023-11-21,81787.8984,83164.1016,81372.6016,81612.8047,-0.0184
2023-11-22,81269.3984,82219.8047,80159.8047,80171.8984,-1.7655
2023-11-23,80083.5,81312.6016,80020.8984,80142.3047,-0.0369
2023-11-24,80091.0,80522.3047,78429.8984,78485.8984,-2.0668
2023-11-27,78346.1016,79286.2031,78119.0,78154.7031,-0.422
2023-11-28,77987.6016,79302.1016,77711.0,77947.6016,-0.265
2023-11-29,77843.8047,78738.2031,76840.6016,76878.5,-1.3716
2023-11-30,76992.0,77803.5,75895.5,76387.3984,-0.6388
2023-12-01,76255.8984,77205.3984,76235.8047,77008.8047,0.8135
2023-12-04,77234.7031,78606.1016,77078.8047,77091.0,0.1067
2023-12-05,77081.1016,77474.6016,75481.3047,75498.8047,-2.0653
2023-12-06,75446.8984,76939.0,75358.6016,75748.5,0.3307
2023-12-07,75624.0,76519.2031,75624.0,75662.8047,-0.1131
2023-12-08,75697.2031,77099.0,75697.2031,76772.6016,1.4668
2023-12-11,76330.8984,78439.8047,76260.2031,78439.8047,2.1716
2023-12-12,78442.8984,79451.7031,77949.8984,78137.5,-0.3854
2023-12-13,77921.1016,78675.0,76730.8047,76778.7031,-1.739
2023-12-14,77227.8984,77895.8047,75521.5,75590.8047,-1.5472
2023-12-15,75880.8047,76674.3047,74568.3047,74723.3984,-1.1475
2023-12-18,74437.8047,75408.3047,72998.5,73175.8984,-2.071
2023-12-19,73070.2031,73948.8047,71698.0,72202.7031,-1.3299
2023-12-20,72307.6016,72704.0,70268.5,70299.8984,-2.6354
2023-12-21,70007.5,71765.7031,70007.5,70872.8984,0.8151
2023-12-22,70838.0,71334.6016,69821.3984,70106.6016,-1.0812
2023-12-25,70104.0,70845.6016,69079.8047,69133.2031,-1.3885
2023-12-26,69100.0,69265.8047,67259.3047,67349.3047,-2.5804
2023-12-27,67575.5,67958.0,67079.2031,67123.2031,-0.3357
2023-12-28,66961.6016,70154.2031,66961.6016,69908.2031,4.1491
2023-12-29,69988.5,72023.3047,69988.5,71535.7031,2.3281
2024-01-02,71811.0,72985.8047,71616.2031,71649.2031,0.1587
2024-01-03,71647.2031,72336.0,70939.6016,71196.8984,-0.6313
2024-01-04,71043.8047,71469.6016,70082.0,70221.3047,-1.3703
2024-01-05,70035.5,71017.1016,68757.3047,69172.3984,-1.4937
2024-01-08,68974.3984,69624.8047,67740.0,67754.1016,-2.0504
2024-01-09,68012.3984,69379.6016,67523.2031,67799.0,0.0663
2024-01-10,67396.8047,68962.1016,66776.3984,66776.3984,-1.5083
2024-01-11,66660.8984,68505.1016,66660.8984,68092.1016,1.9703
2024-01-12,67989.1016,69210.8984,67219.3047,67258.3984,-1.2244
2024-01-15,66913.0,68407.1016,66559.8047,66609.0,-0.9655
2024-01-16,66537.3984,67354.1016,65812.6016,66639.6016,0.0459
2024-01-17,66374.1016,66811.6016,64687.5,64699.4023,-2.9115
2024-01-18,64455.0,66937.2031,64396.6016,66937.2031,3.4588
2024-01-19,66810.5,68031.3047,66020.3984,66031.6016,-1.3529
2024-01-22,65880.1016,66247.1016,63577.0,64293.4023,-2.6324
2024-01-23,64128.8008,66170.8984,63675.1992,65372.8008,1.6789
2024-01-24,65864.6016,67070.1016,64529.6016,67070.1016,2.5963
2024-01-25,66887.5,70694.1016,66881.8984,70694.1016,5.4033
2024-01-26,70538.3984,72410.8984,70538.3984,71081.5,0.548
2024-01-29,71186.1016,71784.1016,69895.8047,69898.2031,-1.6647
2024-01-30,69239.3047,70599.3047,67713.3984,67816.6016,-2.978
2024-01-31,67440.1016,68432.0,66162.8047,66365.1016,-2.1403
2024-02-01,66075.6016,68706.3984,65735.7031,66415.3047,0.0756
2024-02-02,66677.8047,67324.6016,63455.8008,65719.5,-1.0477
2024-02-05,64818.8008,66809.3047,63025.1992,64839.1016,-1.3396
2024-02-06,63595.1992,70586.3984,63353.1016,69984.8984,7.9363
2024-02-07,70044.5,73872.2031,69712.3047,73418.8984,4.9068
2024-02-08,73749.0,78483.3047,73749.0,78236.6016,6.5619
2024-02-19,79523.3047,82076.0,79335.5,81443.3047,
2024-02-20,80959.6016,82515.8984,80575.0,81666.1016,0.2736
2024-02-21,80636.8047,85216.5,80636.8047,83433.3047,2.1639
2024-02-22,83521.1016,85454.5,83521.1016,84449.8984,1.2185
2024-02-23,84973.3984,86250.0,84672.2031,85917.8984,1.7383
2024-02-26,86050.1016,87992.7031,86050.1016,86807.2031,1.0351
2024-02-27,86315.8047,89416.0,86227.2031,89416.0,3.0053
2024-02-28,89644.1016,92340.6016,88263.3047,88280.8984,-1.2695
2024-02-29,87753.3047,92302.7031,87753.3047,91997.1016,4.2095
2024-03-01,92280.1016,94424.2031,92280.1016,93492.0,1.6249
2024-03-04,93898.8984,95527.5,93696.6016,94410.5,0.9824
2024-03-05,93470.2031,95300.1016,93338.3984,93786.7031,-0.6607
2024-03-06,93331.8047,95128.0,93187.5,93285.1016,-0.5348
2024-03-07,93644.7031,94725.1016,91592.5,91595.1016,-1.8117
2024-03-08,92156.8984,92915.3984,91386.2031,91711.3047,0.1269
2024-03-11,91595.6016,93444.6016,91595.6016,93444.6016,1.8899
2024-03-12,93696.1016,95471.3047,93686.3047,94777.8984,1.4268
2024-03-13,94786.5,96085.7031,94540.3047,94829.5,0.0544
2024-03-14,94832.7031,96139.2031,93264.7031,93917.8047,-0.9614
2024-03-15,93794.8047,94515.8984,93159.8047,94197.6016,0.2979
2024-03-18,94772.5,96998.6016,94772.5,96731.6016,2.6901
2024-03-19,96367.0,98332.1016,96070.7031,96101.6016,-0.6513
2024-03-20,96017.8984,97402.3047,96017.8984,96287.8047,0.1938
2024-03-21,96744.3984,97936.0,96019.6016,96108.6016,-0.1861
2024-03-22,95859.2031,96420.3047,95206.0,95234.0,-0.91
2024-03-25,95182.5,96346.0,92981.0,93009.2031,-2.3361
2024-03-26,93241.2031,93938.7031,91518.5,92065.5,-1.0146
2024-03-27,91780.0,91933.5,88323.1016,88350.3984,-4.0353
2024-03-28,88453.3047,91476.3047,88453.3047,89862.1016,1.711
2024-03-29,89814.1016,90869.8984,89246.3984,89556.8984,-0.3396
2024-04-01,89578.3984,92733.2031,89578.3984,91558.8984,2.2355
2024-04-02,91562.1016,92278.8047,90140.2031,90621.3984,-1.0239
2024-04-03,90383.7031,91000.6016,89298.8047,89369.0,-1.382
2024-04-08,89225.2031,90717.8984,87981.6016,88003.0,-1.5285
2024-04-09,87957.3047,88984.8984,87452.3047,87609.5,-0.4471
2024-04-10,87318.1016,87766.3984,85180.7031,85337.5,-2.5933
2024-04-11,85335.7031,86669.5,84684.3984,84768.5,-0.6668
2024-04-12,84887.8047,85740.3047,83472.5,83655.6016,-1.3129
2024-04-15,83576.3047,85721.2031,82899.8047,84031.3984,0.4492
2024-04-16,83269.3984,83532.3047,81243.8047,81329.0,-3.2159
2024-04-17,82394.1016,85535.3984,82394.1016,85249.7031,4.8208
2024-04-18,84794.6016,87514.7031,84786.5,85728.0,0.5611
2024-04-19,85216.1016,86840.8047,84686.8047,84913.5,-0.9501
2024-04-22,84449.0,86476.2031,83786.8047,83806.1016,-1.3041
2024-04-23,83964.3047,84651.8984,82761.1016,82804.3047,-1.1954
2024-04-24,83079.0,84519.7031,83019.8984,83576.3984,0.9324
2024-04-25,83196.1016,84928.8047,82834.8047,82886.3047,-0.8257
2024-04-26,83299.5,86348.8984,83299.5,86346.8047,4.175
2024-04-29,86635.8984,90867.5,86635.8984,90655.8984,4.9904
2024-04-30,90817.0,92310.7031,90580.3984,90648.3047,-0.0084
2024-05-06,92256.3047,94440.6016,92256.3047,93664.0,
2024-05-07,93744.3984,95232.5,93608.5,93778.8984,0.1227
2024-05-08,93181.0,94158.8984,91621.1016,91666.2031,-2.2528
2024-05-09,91652.7031,93494.8984,91652.7031,92391.0,0.7907
2024-05-10,92510.0,93034.1016,91427.8047,91485.1016,-0.9805
2024-05-13,90814.1016,92443.1016,90440.2031,90626.8047,-0.9382
2024-05-14,90970.6016,91821.3984,89917.2031,90020.0,-0.6696
2024-05-15,89791.3984,90706.3984,87760.7031,87858.2031,-2.4015
2024-05-16,88090.3984,89291.6016,87305.5,87574.1016,-0.3234
2024-05-17,87557.3047,88876.5,87365.3984,88490.6016,1.0465
2024-05-20,88733.0,90938.8047,88733.0,89766.7031,1.4421
2024-05-21,89302.7031,90173.6016,87838.0,87949.6016,-2.0242
2024-05-22,87924.0,88841.2031,87369.6016,87450.6016,-0.5674
2024-05-23,87063.3984,87557.5,85187.3047,85331.8984,-2.4227
2024-05-24,85107.1016,86238.1016,83186.1016,83240.3984,-2.451
2024-05-27,83680.0,84193.8984,82897.5,83414.6016,0.2093
2024-05-28,83103.6016,84327.2031,81591.8984,81624.8984,-2.1456
2024-05-29,81797.2031,83005.6016,80565.8047,80705.8047,-1.126
2024-05-30,80280.6016,81424.3047,79111.3984,79267.8984,-1.7817
2024-05-31,79495.3984,80556.3047,78399.3047,78577.5,-0.871
2024-06-03,78534.0,79983.6016,77854.8047,78343.7031,-0.2975
2024-06-04,78001.8047,78949.8047,77668.1016,78225.6016,-0.1507
2024-06-05,77898.2031,78937.6016,76313.0,76335.3984,-2.4163
2024-06-06,76539.6016,77365.1016,75312.6016,75518.5,-1.0701
2024-06-07,76222.5,77072.2031,75256.8047,75512.0,-0.0086
2024-06-11,75056.3047,76262.0,75056.3047,75460.7031,-0.0679
2024-06-12,75423.2031,76771.8047,75407.7031,75448.6016,-0.016
2024-06-13,75448.6016,76558.0,74841.8047,74977.8047,-0.624
2024-06-14,74767.5,76022.5,74536.8984,75981.6016,1.3388
2024-06-17,75638.2031,77315.5,75638.2031,75935.2031,-0.0611
2024-06-18,75952.8984,77494.1016,75952.8984,76293.3984,0.4717
2024-06-19,76393.1016,76874.3047,75046.5,75063.5,-1.6121
2024-06-20,74901.8984,75565.7031,73462.2031,73486.5,-2.1009
2024-06-21,73154.7031,74374.5,72297.3047,72395.7031,-1.4844
2024-06-24,71887.8047,72553.7031,70335.5,70456.0,-2.6793
2024-06-25,70468.6016,71312.7031,69015.8047,69361.0,-1.5542
2024-06-26,69300.0,70295.1016,68965.1016,70289.7031,1.3389
2024-06-27,69861.2031,70538.5,68397.0,68427.8047,-2.6489
2024-06-28,68293.7031,70357.1016,68293.7031,69040.1016,0.8948
2024-07-01,69224.6016,69876.6016,69219.7031,69501.8984,0.6689
2024-07-02,69461.8047,70530.8047,68584.2031,68742.2031,-1.0931
2024-07-03,68690.5,69114.0,67372.6016,67409.7031,-1.9384
2024-07-04,67614.0,68074.1016,65614.8984,65627.6016,-2.6437
2024-07-05,65502.0,66022.6016,65082.3008,65399.3008,-0.3479
2024-07-08,65399.3008,65669.6016,63703.9023,63902.3008,-2.289
2024-07-09,63838.6992,66082.3047,63767.3008,66003.1016,3.2875
2024-07-10,65657.2031,67429.8047,65657.2031,65872.8047,-0.1974
2024-07-11,66861.8047,68738.3047,66745.2031,68225.8047,3.572
2024-07-12,67952.1016,69186.1016,67933.3047,68024.7031,-0.2948
2024-07-15,67773.5,68606.3047,66786.7031,66919.5,-1.6247
2024-07-16,66724.3984,67597.7031,66724.3984,67178.1016,0.3864
2024-07-17,67101.7031,67613.3047,66425.5,66432.5,-1.1099
2024-07-18,65740.1016,67156.6016,65740.1016,66748.5,0.4757
2024-07-19,66274.8047,67910.7031,66274.8047,66970.3047,0.3323
2024-07-22,67090.3047,68251.3984,66898.3047,67082.6016,0.1677
2024-07-23,66993.1016,67374.2031,65359.3008,65394.1992,-2.5169
2024-07-24,65256.6992,66039.3984,64228.9023,64391.8008,-1.5329
2024-07-25,63930.6992,65272.8008,63762.4023,63835.6016,-0.8638
2024-07-26,63836.0,65360.9023,63836.0,64374.6016,0.8444
2024-07-29,64442.3008,65264.6016,63933.3008,63958.6016,-0.6462
2024-07-30,63641.0,64753.1992,63426.9023,63601.8008,-0.5579
2024-07-31,63501.6992,67631.3047,63501.6992,67631.3047,6.3355
2024-08-01,67939.2031,69272.8984,67939.2031,68214.8047,0.8628
2024-08-02,67613.2031,69075.2031,67151.1016,67267.8984,-1.3881
2024-08-05,66702.1016,68458.3047,66338.7031,66354.6016,-1.3577
2024-08-06,67431.7031,67997.3984,66274.6016,66874.6016,0.7837
2024-08-07,66684.8984,67685.8047,66043.2031,66074.1016,-1.197
2024-08-08,65770.8047,66904.3047,65202.6992,65247.6992,-1.2507
2024-08-09,65802.2031,66288.7031,64066.0,64066.0,-1.8111
2024-08-12,64049.6016,64565.5,62322.4023,62504.6016,-2.4372
2024-08-13,62566.3008,63198.1992,61135.6992,61670.0,-1.3353
2024-08-14,61653.8008,61960.6992,60107.1992,60109.6992,-2.5301
2024-08-15,60056.5,61921.9023,59915.8008,60513.1016,0.6711
2024-08-16,60629.5,61451.6992,59976.4023,60062.4023,-0.7448
2024-08-19,60010.1992,61375.6016,59644.5,59706.1016,-0.5932
2024-08-20,59719.1992,59957.9023,58380.0,58536.9023,-1.9583
2024-08-21,58260.0,59099.4023,57618.4023,57685.0,-1.4553
2024-08-22,57731.5,58125.0,56550.0,56672.1016,-1.7559
2024-08-23,56535.4023,57221.6992,56128.1992,56151.4023,-0.9188
2024-08-26,56390.0,57374.6992,56075.6992,56162.6992,0.0201
2024-08-27,55868.1992,56360.1016,54906.5,55041.3008,-1.9967
2024-08-28,54845.6016,55829.1016,54508.5,54586.9023,-0.8256
2024-08-29,54278.4023,56123.0,54278.4023,55694.1016,2.0283
2024-08-30,55836.5,59736.8008,55836.5,59490.6992,6.8169
2024-09-02,59440.1016,60529.3008,59226.9023,59260.4023,-0.3871
2024-09-03,59241.6992,60768.6016,59241.6992,59681.9023,0.7113
2024-09-04,59389.6016,60423.8008,58843.9023,58926.1016,-1.2664
2024-09-05,59077.6016,60152.8008,58711.3008,58799.6992,-0.2145
2024-09-06,58802.4023,59506.9023,57546.1016,57579.0,-2.076
2024-09-09,57347.6992,58378.6992,56656.1992,56817.8008,-1.322
2024-09-10,56811.3008,57123.6992,56248.6016,56710.1992,-0.1894
2024-09-11,56402.6016,57306.6992,55918.8008,56087.1016,-1.0987
2024-09-12,56331.1016,57164.3008,55485.6992,55508.6016,-1.0314
2024-09-13,55508.3008,56286.9023,54691.4023,54743.8008,-1.3778
2024-09-18,54755.5,55231.3008,54050.6992,54247.6016,-0.9064
2024-09-19,54255.3008,56789.1992,54255.3008,55867.1016,2.9854
2024-09-20,55841.0,56599.5,55561.8008,56057.1016,0.3401
2024-09-23,56018.3008,57290.6992,55983.3008,56108.0,0.0908
2024-09-24,56604.8008,61644.1016,56604.8008,61644.1016,9.8669
2024-09-25,62196.8008,67172.3047,62196.8008,66632.3984,8.0921
2024-09-26,66479.8047,73206.0,66479.8047,73206.0,9.8655
2024-09-27,75077.3047,82601.8984,75077.3047,82601.8984,12.8349
2024-09-30,87276.5,105609.2031,87276.5,105609.2031,27.8532
2024-10-08,119150.3047,132256.9062,118610.1016,132256.9062,
2024-10-09,127424.2031,140071.4062,125674.3047,133169.7031,0.6902
2024-10-10,135332.1094,141295.4062,132716.9062,136360.7031,2.3962
2024-10-11,134701.6094,136193.9062,130079.6016,131699.7969,-3.4181
2024-10-14,132799.5,137509.6094,132041.2031,136502.4062,3.6466
2024-10-15,134694.7031,140110.2031,133625.2031,133626.9062,-2.1066
2024-10-16,131857.5,135883.2969,131201.1094,131918.7031,-1.2783
2024-10-17,133425.7031,135476.9062,130336.3984,130428.1016,-1.1299
2024-10-18,130348.5,141578.4062,130146.5,139167.4062,6.7005
2024-10-21,140184.9062,146970.9062,140121.1094,144396.7031,3.7576
2024-10-22,143993.2031,147690.2969,143993.2031,145463.9062,0.7391
2024-10-23,145424.7031,149137.2031,144766.0,146161.7031,0.4797
2024-10-24,145714.7031,147095.7969,142973.7031,143162.1094,-2.0522
2024-10-25,143997.1094,147893.7969,143866.0,145305.9062,1.4975
2024-10-28,145710.7031,149562.1094,145648.1094,148145.2031,1.954
2024-10-29,149048.2031,152171.5,147558.6094,147626.4062,-0.3502
2024-10-30,147011.2969,150516.7031,147011.2969,148013.5,0.2622
2024-10-31,148663.9062,154032.2031,148506.1094,152218.4062,2.8409
2024-11-01,151785.0,154772.2031,149604.1094,149611.7031,-1.7125
2024-11-04,149339.9062,153579.2031,149339.9062,151049.2031,0.9608
2024-11-05,151102.5,159146.0,151076.5,158826.0,5.1485
2024-11-06,159836.5,165100.9062,159836.5,162712.7969,2.4472
2024-11-07,160920.4062,169428.4062,160920.4062,169428.4062,4.1273
2024-11-08,172197.5,176576.5,171741.5,172519.5,1.8244
2024-11-11,171857.4062,178330.5,171857.4062,177874.1094,3.1038
2024-11-12,178237.0,181610.2969,175508.7969,177343.5,-0.2983
2024-11-13,177328.7969,179150.7031,174770.0,175899.0,-0.8145
2024-11-14,175716.7969,176694.5,168059.1094,168309.2969,-4.3148
2024-11-15,168270.2969,170430.7031,162011.9062,162051.6094,-3.718
2024-11-18,163496.0,164884.4062,156269.2969,157165.9062,-3.0149
2024-11-19,157496.7969,159695.0,153311.6094,157935.6094,0.4897
2024-11-20,157209.6094,160375.4062,157209.6094,157938.2969,0.0017
2024-11-21,157488.4062,159568.1094,154849.6094,155565.2031,-1.5025
2024-11-22,155109.0,156811.4062,149106.7969,149170.1094,-4.1109
2024-11-25,150115.5,150684.1094,145005.9062,147162.0,-1.3462
2024-11-26,146566.5,148822.4062,142089.5,142163.4062,-3.3967
2024-11-27,142057.6094,143796.7031,140367.5,143200.2969,0.7294
2024-11-28,143318.6094,145241.2969,140482.7969,140673.1094,-1.7648
2024-11-29,140639.2969,145092.2969,140398.7031,142783.4062,1.5001
2024-12-02,142989.0,147605.9062,142989.0,145709.2031,2.0491
2024-12-03,145932.6094,147401.5,144438.7031,144954.1094,-0.5182
2024-12-04,144943.6094,146181.4062,141577.9062,142268.7031,-1.8526
2024-12-05,141775.7031,144542.2969,141509.5,141868.0,-0.2817
2024-12-06,142097.6094,145423.1094,142097.6094,143317.6094,1.0218
2024-12-09,143310.7031,145567.2031,141568.7969,141818.5,-1.046
2024-12-10,147003.1094,149857.2969,145480.2031,145857.9062,2.8483
2024-12-11,145312.2969,148440.4062,145312.2969,146748.4062,0.6105
2024-12-12,146737.7031,149118.5,146737.7031,148199.0,0.9885
2024-12-13,146944.7031,149205.2031,146723.7969,147010.5,-0.802
2024-12-16,147302.5,148476.5,144051.2969,144681.7969,-1.584
2024-12-17,144256.5,145281.0,139376.4062,139505.5,-3.5777
2024-12-18,139520.7031,141243.2031,137756.2969,138170.6094,-0.9569
2024-12-19,136580.9062,138799.2031,136580.9062,136743.1094,-1.0331
2024-12-20,136453.7969,139120.7969,136398.2969,136637.6094,-0.0772
2024-12-23,136574.7969,137540.1094,132086.2969,132127.1094,-3.3011
2024-12-24,132886.9062,134145.1094,130642.3047,131643.0,-0.3664
2024-12-25,131452.9062,131667.7031,127742.2031,128136.3984,-2.6637
2024-12-26,128003.8047,130347.1016,127775.3047,127977.6016,-0.1239
2024-12-27,128048.8984,130530.0,127331.2031,127434.2031,-0.4246
2024-12-30,127435.5,129072.0,125361.3984,125551.0,-1.4778
2024-12-31,125712.1016,126018.2031,121367.5,121405.8984,-3.3015
2025-01-02,121246.3984,122712.8047,117546.8984,118723.8047,-2.2092
2025-01-03,119194.2031,119681.2031,114169.7031,114395.8984,-3.6454
2025-01-06,114169.7031,116288.8984,111313.6016,112041.5,-2.0581
2025-01-07,112150.8047,113921.8047,111270.3047,112919.8984,0.784
2025-01-08,112072.6016,113621.8984,109918.6016,112561.1016,-0.3177
2025-01-09,112264.8984,114320.0,111432.5,111432.5,-1.0027
2025-01-10,111318.5,112715.6016,107812.7031,107813.6016,-3.2476
2025-01-13,106390.8984,109204.3984,105256.0,105852.2031,-1.8192
2025-01-14,106520.2031,111580.5,106191.8984,111580.5,5.4116
2025-01-15,111334.0,113174.8984,109966.3984,110204.2031,-1.2335
2025-01-16,111055.7031,113638.6016,110252.2031,110469.8047,0.241
2025-01-17,109906.8984,111472.6016,109515.3984,109633.3984,-0.7571
2025-01-20,110761.3047,112896.2031,109507.8984,109932.8047,0.2731
2025-01-21,110596.0,111228.3047,109488.6016,110001.8984,0.0629
2025-01-22,109356.7031,110668.7031,107872.8047,108216.8984,-1.6227
2025-01-23,108367.2031,112579.7031,108367.2031,108390.3047,0.1602
2025-01-24,108234.8984,110702.3984,108234.8984,109924.7031,1.4156
2025-01-27,110298.6016,111312.8047,107063.5,107063.5,-2.6029
2025-02-05,108270.8047,110094.7031,108211.8984,108426.5,
2025-02-06,108167.3984,113249.3047,108167.3984,113249.3047,4.448
2025-02-07,113409.7031,119626.5,113409.7031,119402.5,5.4333
2025-02-10,120073.1016,123248.3047,119972.7031,123248.3047,3.2209
2025-02-11,123183.7031,125351.7031,122996.6016,123740.8984,0.3997
2025-02-12,123426.1016,126761.1016,123426.1016,126761.1016,2.4407
2025-02-13,126657.6016,128914.2031,126657.6016,127117.2031,0.2809
2025-02-14,127212.1016,129482.8984,127212.1016,128676.8047,1.2269
2025-02-17,129886.7031,133417.1094,129873.0,132186.4062,2.7275
2025-02-18,131659.5,133437.0,129451.2031,130077.3047,-1.5956
2025-02-19,130198.3984,134103.9062,130198.3984,133697.0,2.7827
2025-02-20,134298.9062,136947.4062,134298.9062,135330.2969,1.2216
2025-02-21,136189.2969,141436.9062,136189.2969,141183.2031,4.3249
2025-02-24,141048.2031,145256.0,140867.7969,143052.0,1.3237
2025-02-25,140524.5,144885.7969,140524.5,142605.7969,-0.3119
2025-02-26,143292.5,146011.2031,142993.5,145079.7031,1.7348
2025-02-27,145084.2031,146914.6094,143614.2031,145414.0,0.2304
2025-02-28,144389.6094,145185.2969,139826.6094,140370.7031,-3.4682
2025-03-03,141296.2969,144425.1094,138658.7031,139580.2969,-0.5631
2025-03-04,138223.7969,141015.7969,138223.7969,139091.5,-0.3502
2025-03-05,139290.0,140621.2031,138271.6094,138593.4062,-0.3581
2025-03-06,139178.1094,143704.5,139178.1094,142652.9062,2.9291
2025-03-07,142008.7031,144802.5,140906.1094,141813.1094,-0.5887
2025-03-10,142095.0,143423.5,140153.7969,140342.4062,-1.0371
2025-03-11,138622.7031,141553.6094,138272.9062,139409.2969,-0.6649
2025-03-12,140288.1094,142001.7969,139358.6094,139404.6094,-0.0034
2025-03-13,139175.4062,139853.6094,136012.1094,136728.0,-1.92
2025-03-14,136639.7969,140859.7969,136501.0,140625.5,2.8505
2025-03-17,141248.1094,143707.4062,140242.2969,140498.1094,-0.0906
2025-03-18,141074.1094,142952.2969,139781.6094,140014.2031,-0.3444
2025-03-19,139388.9062,140625.0,137235.2031,137734.4062,-1.6283
2025-03-20,137442.4062,138845.0,135430.2969,135613.1094,-1.5401
2025-03-21,134990.4062,136429.7031,132295.1094,132520.5,-2.2805
2025-03-24,132647.2969,133364.4062,128733.0,130974.2031,-1.1668
2025-03-25,130722.2031,132032.2969,127414.8047,127798.8047,-2.4244
2025-03-26,127579.7031,130115.6016,126175.3984,126229.3047,-1.2281
2025-03-27,125761.8047,127886.7031,123891.8047,123981.6016,-1.7807
2025-03-28,123982.5,125092.2031,120870.5,120881.8047,-2.5002
2025-03-31,120675.8047,121468.8984,118195.1016,119045.0,-1.5195
2025-04-01,119548.3047,121327.3984,118027.3984,118092.5,-0.8001
2025-04-02,118071.6016,119733.3047,115663.8047,115880.2031,-1.8734
2025-04-03,115028.3984,117151.6016,113728.2031,113744.5,-1.843
2025-04-07,107519.1016,109446.8984,104364.8984,105722.2031,-7.0529
2025-04-08,105292.3047,109957.0,105292.3047,109957.0,4.0056
2025-04-09,107776.8047,116588.7031,106100.8984,116313.3984,5.7808
2025-04-10,119199.6016,123984.3984,119178.3047,121111.2031,4.1249
2025-04-11,120405.7031,123650.5,120405.7031,122032.2031,0.7605
2025-04-14,123694.6016,125999.1016,122765.5,122889.1016,0.7022
2025-04-15,122795.5,123307.7031,120003.3047,120345.6016,-2.0698
2025-04-16,120000.7031,120683.5,116502.7031,117571.5,-2.3051
2025-04-17,116867.3047,119318.1016,115368.3047,115458.7031,-1.797
2025-04-18,115258.3047,115866.6016,112343.7031,112518.5,-2.5465
2025-04-21,112389.2031,114587.1016,112290.8047,112996.8047,0.4251
2025-04-22,113016.5,114386.0,111564.6016,111599.6016,-1.2365
2025-04-23,112536.2031,113815.5,111956.1016,112011.2031,0.3688
2025-04-24,111828.3047,113433.0,109877.2031,110013.1016,-1.7838
2025-04-25,110358.7031,111857.1016,109441.3984,109493.0,-0.4728
2025-04-28,109456.2031,110542.6016,107467.3047,107479.5,-1.8389
2025-04-29,107175.3047,109380.2031,106671.7031,106803.1016,-0.6293
2025-04-30,106985.3984,109207.6016,106985.3984,107598.3047,0.7446
2025-05-06,108702.2031,111778.7031,108702.2031,111401.5,
2025-05-07,113307.6016,114854.8047,112505.1016,113464.0,1.8514
2025-05-08,113002.3984,115721.3984,113002.3984,114388.3047,0.8146
2025-05-09,114134.2031,115118.6016,112275.2031,112382.3984,-1.7536
2025-05-12,113466.5,116043.3047,113414.8047,114623.1016,1.9938
2025-05-13,115724.1016,117160.5,114100.3984,114321.0,-0.2636
2025-05-14,114321.8984,116001.3984,114270.1016,115190.5,0.7606
2025-05-15,114739.2031,115733.6016,112458.7031,112517.8047,-2.3202
2025-05-16,112204.7031,114041.6016,111462.6016,111555.7031,-0.8551
2025-05-19,111559.5,112510.8047,110605.3984,110729.1016,-0.741
2025-05-20,110888.6016,112299.6016,110731.1016,110875.6016,0.1323
2025-05-21,110622.2031,111992.8984,109984.2031,110080.5,-0.7171
2025-05-22,109677.1016,111253.2031,107942.3047,108079.6016,-1.8177
2025-05-23,107812.0,109451.5,106511.0,106633.8984,-1.3376
2025-05-26,106633.5,108236.8984,105774.8984,106018.8047,-0.5768
2025-05-27,105826.3047,106493.7031,104198.5,104325.3984,-1.5973
2025-05-28,104421.8984,105233.5,102646.8984,102745.8984,-1.514
2025-05-29,102748.0,105631.5,102748.0,104462.3984,1.6706
2025-05-30,104114.8047,105050.6016,102749.8984,102945.5,-1.4521
2025-06-03,102669.2031,105374.2031,102669.2031,103736.6016,0.7685
2025-06-04,103912.8047,105865.7031,103912.8047,104614.8984,0.8467
2025-06-05,104704.6016,106110.5,104703.0,106062.5,1.3837
2025-06-06,105989.5,107404.3047,105369.7031,105562.3984,-0.4715
2025-06-09,105950.3047,108799.7031,105950.3047,107672.8984,1.9993
2025-06-10,107700.5,109005.5,107511.7031,108323.2031,0.604
2025-06-11,108485.8984,110783.3984,108485.8984,109049.1016,0.6701
2025-06-12,108656.5,110801.2031,108656.5,109630.3047,0.533
2025-06-13,109319.8047,110668.3984,109319.8047,109980.1016,0.3191
2025-06-16,109758.0,112614.0,109758.0,110794.0,0.74
2025-06-17,110977.0,112218.6016,109735.8984,110031.8984,-0.6879
2025-06-18,109758.8984,110828.2031,109350.8984,109404.6016,-0.5701
2025-06-19,109193.5,110189.8984,107339.2031,107661.6016,-1.5932
2025-06-20,107569.6016,108515.1016,105553.6016,105763.7031,-1.7628
2025-06-23,105466.1016,107714.0,105466.1016,106710.6016,0.8953
2025-06-24,106701.3984,110672.8984,106701.3984,109877.5,2.9677
2025-06-25,110190.6016,113897.3984,110190.6016,113817.6016,3.5859
2025-06-26,113777.6016,116708.2031,113777.6016,115398.3984,1.3889
2025-06-27,115786.6016,118636.2031,115786.6016,117183.5,1.5469
2025-06-30,117814.1016,120454.5,117814.1016,119755.2031,2.1946
2025-07-01,119850.8047,121602.8984,119802.3984,120338.8047,0.4873
2025-07-02,120006.5,121273.8047,118914.5,119171.7031,-0.9698
2025-07-03,119369.2031,120958.2031,119369.2031,119579.7031,0.3424
2025-07-04,119573.3047,121302.5,119233.8047,119434.0,-0.1218
2025-07-07,119216.8047,121054.8984,118358.7031,118530.8047,-0.7562
2025-07-08,118516.6016,121124.1016,118516.6016,120810.3984,1.9232
2025-07-09,120923.2031,123228.5,120850.8047,121306.8047,0.4109
2025-07-10,121265.8047,123194.7031,121265.8047,122261.2031,0.7868
2025-07-11,122262.0,125967.2031,122262.0,125426.8984,2.5893
2025-07-14,125629.2031,127860.0,125629.2031,125918.6016,0.392
2025-07-15,126008.8984,128253.6016,126008.8984,127144.3047,0.9734
2025-07-16,127133.6016,129515.5,127123.3047,127335.6016,0.1505
2025-07-17,127348.3047,129699.3047,127348.3047,129536.6016,1.7285
2025-07-18,129895.3984,132236.9062,129895.3984,130529.7031,0.7667
2025-07-21,130832.1016,134131.7969,130832.1016,133520.6094,2.2914
2025-07-22,133527.2969,136944.6094,133527.2969,136936.5,2.5583
2025-07-23,136959.1094,140095.7969,136900.5,138722.1094,1.304
2025-07-24,138979.1094,142706.2031,138979.1094,142630.5,2.8174
2025-07-25,142961.0,145385.7969,142961.0,144062.1094,1.0037
2025-07-28,144425.7969,147464.2031,144378.5,145981.1094,1.3321
2025-07-29,145850.9062,148306.2969,145850.9062,148110.9062,1.459
2025-07-30,147726.4062,150148.1094,147191.7969,148188.7031,0.0525
2025-07-31,148146.1094,150709.1094,147698.4062,148448.7969,0.1755
2025-08-01,148448.5,150568.7969,147179.1094,147273.9062,-0.7914
2025-08-04,146602.9062,149088.5,146602.9062,147321.4062,0.0323
2025-08-05,147959.7969,149809.6094,147314.2031,147676.7969,0.2412
2025-08-06,147475.6094,149930.0,147475.6094,148912.0,0.8364
2025-08-07,149265.6094,151103.4062,149265.6094,149519.2031,0.4078
2025-08-08,149262.2969,151495.9062,148814.0,148938.0,-0.3887
2025-08-11,149440.9062,152857.9062,149440.9062,151689.2031,1.8472
2025-08-12,152191.6094,154513.2031,152191.6094,153339.2969,1.0878
2025-08-13,153638.6094,158018.7031,153638.6094,158018.7031,3.0517
2025-08-14,158191.9062,161501.7031,158190.2969,158891.2969,0.5522
2025-08-15,158855.2031,164300.2031,158855.2031,164299.0,3.4034
2025-08-18,165633.6094,173341.2031,165633.6094,172964.0,5.2739
2025-08-19,172907.7031,177819.5,172879.6094,176210.7969,1.8772
2025-08-20,175060.5,179231.7031,174756.9062,179231.7031,1.7144
2025-08-21,180000.7969,183042.2969,178849.4062,179874.7969,0.3588
2025-08-22,180047.1094,185830.2031,180047.1094,185830.2031,3.3109
2025-08-25,188271.1094,195632.7969,188271.1094,195554.1094,5.2327
2025-08-26,194437.0,199144.7969,194437.0,196921.7969,0.6994
2025-08-27,197541.9062,202471.9062,197541.9062,198303.2031,0.7015
2025-08-28,198300.7969,205870.2031,198300.7969,205816.9062,3.789
2025-08-29,205720.2031,211089.2969,205291.7031,207932.5,1.0279
2025-09-01,209425.6094,213327.5,209425.6094,211616.4062,1.7717
2025-09-02,211441.6094,213128.4062,207467.7031,208625.7969,-1.4132
2025-09-03,209339.9062,210996.9062,203383.2969,204390.2969,-2.0302
2025-09-04,205002.2969,206840.4062,196348.2969,199234.6094,-2.5225
2025-09-05,199511.7031,204187.5,198721.7969,204177.5,2.4809
2025-09-08,204713.6094,208435.9062,204566.6094,204945.7969,0.3763
2025-09-09,203789.9062,206700.2969,199950.1094,200049.5,-2.3891
2025-09-10,200425.5,203600.2031,197820.6094,197825.0,-1.112
2025-09-11,197809.1094,204477.0,197248.2969,203437.7969,2.8373
2025-09-12,203508.6094,207995.6094,203340.7969,203862.7969,0.2089
2025-09-15,204519.0,207707.5,202427.2031,202576.2969,-0.6311
2025-09-16,203319.0,205996.9062,203275.2031,203742.7969,0.5758
2025-09-17,203337.2969,207128.1094,203337.2969,204472.9062,0.3583
2025-09-18,204396.2969,210104.0,204028.1094,206921.2031,1.1974
2025-09-19,207098.1094,209853.0,203894.7031,204085.2031,-1.3706
2025-09-22,204797.7969,207472.0,202910.7031,203763.5,-0.1576
2025-09-23,204575.4062,205831.9062,198777.0,202295.2031,-0.7206
2025-09-24,202229.1094,205546.7031,200529.2969,204139.5,0.9117
2025-09-25,204052.2031,208432.6094,203628.5,203665.5,-0.2322
2025-09-26,202750.2031,205280.7969,198120.0,198137.2969,-2.7144
2025-09-29,198898.7031,202273.4062,198898.7031,200086.2031,0.9836
2025-09-30,201068.5,204161.2031,200109.4062,200276.9062,0.0953
2025-10-09,202089.0,208166.7969,202089.0,205121.0,
2025-10-10,204035.7031,207384.2969,200619.7031,201434.6094,-1.7972
2025-10-13,194712.2969,203680.2031,194712.2969,201365.0,-0.0346
2025-10-14,203405.2969,206259.7969,197005.9062,197984.0,-1.679
2025-10-15,198620.6094,201573.0,197855.6094,199405.6094,0.718
2025-10-16,198510.7969,201565.2031,194749.7969,195391.9062,-2.0128
2025-10-17,195139.2969,196219.1094,187114.4062,187406.4062,-4.0869
2025-10-20,190111.6094,193147.2969,185493.5,186208.4062,-0.6393
2025-10-21,186973.2969,190574.5,186847.7031,187849.2031,0.8812
2025-10-22,186343.2031,189260.2969,183309.7969,183473.0,-2.3296
2025-10-23,182817.5,183173.0,178920.2969,180214.1094,-1.7762
2025-10-24,181464.4062,184907.2969,181464.4062,182580.5,1.3131
2025-10-27,184935.2031,188918.1094,184935.2031,187237.5,2.5507
2025-10-28,187237.1094,190402.9062,186206.2969,186641.7031,-0.3182
2025-10-29,186737.9062,190770.6094,186737.9062,189960.2969,1.7781
2025-10-30,189302.4062,193183.6094,189031.2969,189107.7969,-0.4488
2025-10-31,189302.2031,193761.0,188634.7969,188737.2969,-0.1959
2025-11-03,188766.7031,190514.9062,188703.1094,189120.4062,0.203
2025-11-04,188807.7969,190481.9062,184122.0,185029.9062,-2.1629
2025-11-05,182057.7969,185836.2969,182057.7969,184053.7969,-0.5275
2025-11-06,184743.0,188303.4062,184743.0,185820.5,0.9599
2025-11-07,184997.1094,187764.5,183995.1094,184095.0,-0.9286
2025-11-10,184104.9062,187347.1094,184104.9062,184696.2031,0.3266
2025-11-11,184916.6094,187066.7031,182082.6094,182412.0,-1.2367
2025-11-12,181749.0,184265.2031,179849.2969,180087.7969,-1.2742
2025-11-13,180073.4062,184135.6094,180059.2031,182342.0,1.2517
2025-11-14,180768.7969,183927.0,178449.2969,178453.1094,-2.1327
2025-11-17,179038.9062,181255.4062,177643.5,177823.0,-0.3531
2025-11-18,177336.6094,179232.5,173961.7969,174498.7969,-1.8694
2025-11-19,174443.9062,175689.7969,171395.6094,171411.2969,-1.7694
2025-11-20,172954.1094,173966.7969,167900.2031,168003.5,-1.9881
2025-11-21,165675.5,166996.9062,162022.5,162064.7031,-3.5349
2025-11-24,163258.7031,164083.2031,161632.2031,162328.6094,0.1628
2025-11-25,163772.7969,168184.2969,163772.7969,164198.9062,1.1522
2025-11-26,163822.1094,166821.0,163230.4062,163538.2031,-0.4024
2025-11-27,163749.6094,167365.6094,161788.0,161991.2031,-0.946
2025-11-28,161899.7969,164089.9062,161154.5,161474.4062,-0.319
2025-12-01,162233.1094,165170.6094,162216.2031,163157.2969,1.0422
2025-12-02,162579.7969,164092.2969,159863.7031,160062.5,-1.8968
2025-12-03,160080.4062,161281.1094,156958.0,157172.7031,-1.8054
2025-12-04,157271.5,159022.2969,154947.9062,155070.7969,-1.3373
2025-12-05,155097.6094,157131.5,154921.7031,156805.0,1.1183
2025-12-08,157404.0,162248.5,157404.0,160928.6094,2.6298
2025-12-09,160352.9062,163732.2969,160335.5,160605.2969,-0.2009
2025-12-10,160265.1094,162122.5,159912.7969,160266.2969,-0.2111
2025-12-11,160574.1094,162251.6094,157646.0,157748.1094,-1.5713
2025-12-12,157886.7031,160993.1094,157886.7031,160851.2031,1.9671
2025-12-15,159599.5,163197.7969,158719.2969,158842.5,-1.2488
2025-12-16,158433.1094,158757.0,155209.4062,155265.1094,-2.2522
2025-12-17,155405.0,158181.5,155168.0,157985.7969,1.7523
2025-12-18,157983.7969,160265.7969,155753.5,155759.2969,-1.4093
2025-12-19,155935.5,159382.2969,155935.5,156424.7031,0.4272
2025-12-22,157714.7031,161286.9062,157714.7031,159089.7969,1.7038
2025-12-23,159315.2969,161786.0,158554.4062,159261.7969,0.1081
2025-12-24,159346.2969,162193.0,159346.2969,161397.1094,1.3408
2025-12-25,161316.1094,163898.7969,161316.1094,162665.5,0.7859
2025-12-26,162878.0,166635.1094,162872.0,164975.2031,1.4199
2025-12-29,165100.7969,168614.0,165044.4062,165964.5,0.5997
2025-12-30,164976.1094,168891.2031,164976.1094,167177.2969,0.7308
2025-12-31,167646.0,169940.1094,167110.5,167340.6094,0.0977
2026-01-05,169063.1094,174667.0,169063.1094,174652.1094,4.3692
2026-01-06,174845.2969,182654.0,174845.2969,182540.9062,4.5169
2026-01-07,182539.7031,188619.7031,182539.7031,187754.7031,2.8562
2026-01-08,187164.2969,193156.7969,187164.2969,192139.0,2.3351
2026-01-09,192211.9062,200126.0,192211.9062,200107.6094,4.1473
2026-01-12,202464.4062,212766.9062,202464.4062,212766.9062,6.3262
2026-01-13,213403.0,218406.0,211577.6094,214982.7031,1.0414
2026-01-14,215964.2969,225099.4062,215964.2969,223771.7969,4.0883
2026-01-15,221702.7031,226432.7969,221432.5,222956.1094,-0.3645
2026-01-16,224261.0,226991.7969,223829.2969,224082.0,0.505
2026-01-19,223359.4062,229016.5,223359.4062,224590.2969,0.2268
2026-01-20,225169.9062,226451.2031,220981.2969,222259.0,-1.038
2026-01-21,221606.7969,227238.9062,221606.7969,223259.5,0.4502
2026-01-22,224388.7031,228052.1094,223932.1094,224712.5,0.6508
2026-01-23,225578.2031,230545.2969,225578.2031,230257.4062,2.4676
2026-01-26,231358.0,234848.0,229867.0,230492.5,0.1021
2026-01-27,229809.2969,233810.2031,229809.2969,231990.7969,0.65
2026-01-28,232714.2969,235834.5,232714.2969,233316.7969,0.5716
2026-01-29,233219.9062,238379.7969,233094.6094,234283.9062,0.4145
2026-01-30,232223.4062,235301.4062,231176.9062,232085.7969,-0.9382
2026-02-02,230396.7031,234066.4062,224113.4062,224140.2969,-3.4235
2026-02-03,227355.7031,230038.0,227068.5,228628.5,2.0024
2026-02-04,228024.0,230914.6094,225110.1094,226406.7031,-0.9718
2026-02-05,223813.1094,225950.7031,219222.9062,219222.9062,-3.173
2026-02-06,216813.0,222443.7969,215632.9062,215632.9062,-1.6376
2026-02-09,219237.2031,222542.1094,217704.4062,217965.2969,1.0816
2026-02-10,218050.9062,220458.7969,214342.1094,214350.2969,-1.6585
2026-02-11,213948.7969,216431.5,209695.9062,209747.6094,-2.1473
2026-02-12,210152.2969,212931.7031,208675.1094,208858.0,-0.4241
2026-02-13,207656.4062,210511.7969,202851.6094,203140.2031,-2.7376
2026-02-24,206165.5,209579.7969,204357.2969,204400.4062,
2026-02-25,204843.1094,209105.9062,204828.5,207305.2031,1.4211
2026-02-26,207690.4062,211341.7969,207636.7031,209349.5,0.9861
2026-02-27,207773.1094,212595.0,207773.1094,210796.4062,0.6911
2026-03-02,209495.9062,215928.5,209495.9062,214151.4062,1.5916
2026-03-03,214776.1094,217220.7031,210207.2969,210566.2969,-1.6741
2026-03-04,208356.2969,215985.2969,208356.2969,209324.7031,-0.5896
2026-03-05,212925.6094,215802.9062,210011.7031,210648.5,0.6324
2026-03-06,209627.1094,213941.1094,209575.7969,209867.2031,-0.3709
2026-03-09,207041.7969,211129.4062,206797.2969,209943.2031,0.0362
2026-03-10,212029.5,216465.7031,212029.5,212473.0,1.205
2026-03-11,212926.0,216735.7969,212243.5,212401.9062,-0.0335
2026-03-12,212200.5,214839.9062,210372.7969,210470.7031,-0.9092
2026-03-13,209690.9062,213639.0,206363.6094,206959.0,-1.6685
2026-03-16,206955.9062,209061.2031,205649.1094,206155.7969,-0.3881
2026-03-17,206631.0,208785.0,200154.2031,200231.2969,-2.8738
2026-03-18,201281.1094,202732.7031,199311.9062,200538.2969,0.1533
2026-03-19,198044.4062,200584.9062,193929.0,194819.2969,-2.8518
2026-03-20,196100.1094,198394.4062,191743.5,191989.9062,-1.4523
2026-03-23,188681.9062,194448.5,185076.1094,186349.4062,-2.9379
2026-03-24,189075.4062,190823.7969,186657.5,190154.4062,2.0419
2026-03-25,191987.6094,197757.6094,191987.6094,193470.7969,1.7441
2026-03-26,192776.4062,195394.1094,187588.5,188101.2031,-2.7754
2026-03-27,185796.6094,191012.9062,185796.6094,187771.9062,-0.1751
2026-03-30,186257.2969,189356.1094,186121.7031,186232.2969,-0.8199
2026-03-31,185575.6094,189066.7031,181580.0,181580.0,-2.4981
2026-04-01,185284.2969,187131.9062,183615.7969,184112.4062,1.3947
2026-04-02,183075.7031,185431.7969,178695.0,179076.2031,-2.7354
2026-04-03,180094.1094,180260.7969,174278.2969,174307.9062,-2.6627
2026-04-07,174961.2031,178342.2969,173036.2969,173175.2031,-0.6498
2026-04-08,177187.2969,183799.0,177187.2969,183799.0,6.1347
2026-04-09,183295.5,186944.1094,182223.0,183185.6094,-0.3337
2026-04-10,184523.7031,189920.1094,184523.7031,186570.1094,1.8476
2026-04-13,185749.7031,190508.5,185749.7031,187557.2031,0.5291
2026-04-14,189168.0,192994.2969,189168.0,191521.9062,2.1139
2026-04-15,192539.1094,195940.1094,190563.1094,191378.7031,-0.0748
2026-04-16,191803.7031,196482.4062,191790.1094,195227.6094,2.0111
2026-04-17,195074.9062,199701.7969,195074.9062,197356.7969,1.0906
2026-04-20,197745.4062,203401.4062,197745.4062,200954.1094,1.8227
2026-04-21,200023.4062,203039.7969,200023.4062,201082.7969,0.064
2026-04-22,200316.6094,205291.0,200316.6094,205068.7969,1.9823
2026-04-23,205803.7031,208992.2031,204612.2969,205117.9062,0.0239
2026-04-24,204616.2031,207393.2031,204616.2031,204924.2969,-0.0944
2026-04-27,205308.7031,210666.7969,205308.7031,207510.0,1.2618
2026-04-28,206823.7031,210302.7969,205189.0,206021.9062,-0.7171
2026-04-29,204959.5,211512.6094,204959.5,210190.2031,2.0232
2026-04-30,210824.6094,214974.2031,210824.6094,212999.6094,1.3366
2026-05-06,216529.2031,224888.2969,216529.2031,223319.5,
2026-05-07,224357.0,230062.2031,224004.1094,229806.1094,2.9046
2026-05-08,228104.2969,234048.1094,228104.2969,231888.7969,0.9063
2026-05-11,234866.9062,241930.4062,234866.9062,240907.0,3.889
2026-05-12,241363.6094,245412.7969,241130.2031,241855.7969,0.3938
2026-05-13,240400.0,248181.5,240400.0,247893.4062,2.4964
2026-05-14,249490.9062,251217.1094,244054.9062,244054.9062,-1.5484
2026-05-15,244865.7969,249909.0,241547.2969,243432.5,-0.255
2026-05-18,242912.5,249632.7969,242509.5,243671.6094,0.0982
2026-05-19,242270.2031,245531.7969,241865.1094,244889.1094,0.4996
2026-05-20,243543.7969,247967.9062,243543.7969,244977.1094,0.0359
2026-05-21,247077.9062,252137.2969,239455.9062,240032.9062,-2.0182
2026-05-22,242683.5,247036.7031,241833.2969,245398.4062,2.2353
2026-05-25,247496.2031,251840.7969,247147.2969,250198.9062,1.9562
2026-05-26,248552.0,252828.9062,246148.2031,249161.4062,-0.4147
2026-05-27,249074.7969,254482.0,245373.2969,246159.0,-1.205
2026-05-28,245356.6094,250047.2031,244939.7031,248334.7969,0.8839
2026-05-29,248987.0,251308.4062,241401.7969,243320.6094,-2.0191
2026-06-01,243802.7969,249250.0,238702.1094,239004.1094,-1.774
2026-06-02,239890.7969,244290.2969,238373.6094,240689.6094,0.7052
2026-06-03,241052.7969,248764.0,240887.1094,243557.9062,1.1917
2026-06-04,240732.2969,247141.2031,240732.2969,242038.7031,-0.6238
2026-06-05,241258.5,246046.9062,237121.2031,238320.5,-1.5362
2026-06-08,231157.7031,238755.5,228921.4062,229676.0,-3.6273
2026-06-09,232892.5,235787.9062,232221.0,235268.6094,2.435
2026-06-10,234111.1094,236857.4062,228240.7031,229199.7031,-2.5796
2026-06-11,228239.7031,232612.2969,225152.1094,226709.9062,-1.0863
2026-06-12,231247.1094,235684.0,229064.1094,229923.1094,1.4173
2026-06-15,230165.2031,241775.5,230165.2031,240715.7031,4.694
2026-06-16,241379.2969,248273.2969,241379.2969,244787.2031,1.6914
2026-06-17,243651.4062,250501.7969,243651.4062,248337.6094,1.4504
2026-06-18,247492.2031,255311.2031,247492.2031,252152.4062,1.5361
2026-06-22,254056.1094,261214.1094,254056.1094,261160.6094,3.5725
2026-06-23,259849.2969,265890.3125,254359.7031,256098.1094,-1.9385
2026-06-24,254687.2969,262363.8125,254687.2969,260574.5,1.7479
2026-06-25,261624.2969,267975.0938,261523.0,265669.4062,1.9553
2026-06-26,265534.0938,267381.0,259259.5,259330.2031,-2.3861
2026-06-29,259372.1094,265697.4062,258199.1094,261596.9062,0.8741
2026-06-30,261055.6094,270005.5938,261055.6094,267415.5,2.2243
2026-07-01,267757.7188,274672.4062,266249.8125,268357.2188,0.3522
2026-07-02,261653.0,270391.0,258058.2031,258917.7031,-3.5175
2026-07-03,258868.9062,265303.2188,258049.2969,258190.2969,-0.2809
2026-07-06,259978.7969,263669.4062,252993.7969,253007.0,-2.0075
2026-07-07,250894.9062,255374.7031,244684.6094,245033.7969,-3.1514
2026-07-08,246761.6094,247103.2969,237412.7969,237470.2031,-3.0868
2026-07-09,239608.2969,245141.7969,235945.6094,244980.4062,3.1626
2026-07-10,246157.6094,253419.4062,242119.0,242119.0,-1.168
2026-07-13,240102.5,242699.7969,229093.1094,229804.2031,-5.0863
2026-07-14,230308.9062,235705.7031,225926.6094,233909.9062,1.7866
2026-07-15,234948.5,237771.2031,227726.5,227997.2031,-2.5278
2026-07-16,223763.4062,230882.1094,218609.0,220020.9062,-3.4984
2026-07-17,218362.9062,219250.0,206427.5,207162.6094,-5.8441
2026-07-20,210800.0,213465.5,200091.5,204361.9062,-1.3519
2026-07-21,205213.7031,218028.4062,200038.6094,217907.6094,6.6283
2026-07-22,216599.9062,224217.9062,215060.7031,215562.2031,-1.0763
2026-07-23,216370.4062,219975.7031,212334.6094,212881.2969,-1.2437
2026-07-24,209495.9062,213829.5,203804.4062,203868.5,-4.2337
2026-07-27,203507.2969,210488.2031,202766.0,207273.2969,1.6701
2026-07-28,203547.7031,206596.6094,195673.7969,196522.4062,-5.1868
2026-07-29,196755.1094,200050.4062,194191.2969,197053.6094,0.2703
2026-07-30,195964.1094,198128.7969,189919.7969,190831.7969,-3.1574
2026-07-31,198441.5,204850.2031,197105.4062,197225.2969,3.3503
2026-08-03,196175.4062,199118.4062,193035.6094,193198.4062,-2.0418
2026-08-04,195114.6094,200811.1094,194946.5,199285.2969,3.1506
2026-08-05,198133.9062,209238.0,198133.9062,206996.9062,3.8696
2026-08-06,205108.2031,213087.4062,205108.2031,208716.4062,0.8307
2026-08-07,209438.0,215417.6094,209240.0,213847.4062,2.4584
2026-08-10,213908.2969,217370.5,212558.1094,214125.6094,0.1301
2026-08-11,212785.2969,217447.9062,210648.2969,210839.2031,-1.5348
2026-08-12,211387.0,215176.1094,210823.4062,210962.0,0.0582
2026-08-13,212962.2969,216633.7031,208493.2031,208572.2969,-1.1328
2026-08-14,209709.7969,211843.0,206864.2031,207502.5,-0.5129
2026-08-17,208404.9062,212985.2969,208404.9062,212275.2969,2.3001
2026-08-18,212048.0,214789.7969,209499.9062,210316.7969,-0.9226
2026-08-19,205500.9062,208050.9062,198039.5,199161.2969,-5.3041
2026-08-20,201189.6094,205264.5,197658.2031,198485.6094,-0.3393
2026-08-21,197547.9062,202075.7031,196247.5,196428.2969,-1.0365
2026-08-24,196486.1094,197317.7031,189171.5,190694.9062,-2.9188
2026-08-25,190693.7031,192770.0,188239.6094,188804.2969,-0.9914
2026-08-26,188998.2031,192588.5,187029.2031,187062.7969,-0.9224
2026-08-27,187768.5,193095.1094,187768.5,191409.0,2.3234
2026-08-28,191043.0,195661.6094,189214.9062,189298.4062,-1.1027
2026-08-31,189293.5,191568.7969,186857.0,190623.9062,0.7002
2026-09-01,190632.1094,192179.2969,187627.1094,187670.6094,-1.5493
2026-09-02,185819.2031,187998.6094,182770.5,182866.9062,-2.5596
2026-09-03,184253.9062,185340.0,180696.7969,180743.5,-1.1612
2026-09-04,182063.2969,184859.9062,176961.9062,178158.1094,-1.4304
2026-09-07,179430.2031,183803.0,179430.2031,181020.6094,1.6067
2026-09-08,181278.0,185222.0,179929.6094,180392.1094,-0.3472
2026-09-09,181254.4062,183897.1094,178909.2969,178982.6094,-0.7814
2026-09-10,177617.2031,180385.7031,174565.6094,174633.4062,-2.43
2026-09-11,172625.6094,174215.7031,170860.4062,172364.2969,-1.2994
